metric,candidate,reference,env,n_pairs,candidate_mean_mse,reference_mean_mse,mean_paired_relative_reduction,median_paired_relative_reduction,paired_wins,paired_ties,environment_mean_wins
clean_mse_pre,hacssmv7,ssm,dmc:reacher.hard.occ,5,0.23944154679775237,0.2549184262752533,0.06070231649913698,0.06081927195686345,5,0,
clean_mse_pre,hacssmv7,ssm,dmc:ball_in_cup.catch.occ,5,0.6120214939117432,0.6107786893844604,-0.002096379508648175,-0.006097329342921392,2,0,
clean_mse_pre,hacssmv7,ssm,dmc:finger.spin.occ,5,0.3596014678478241,0.3767623543739319,0.045513752301148895,0.04575173434151715,5,0,
clean_mse_pre,hacssmv7,ssm,dmc:cheetah.run.occ,5,0.1493321031332016,0.14498772025108336,-0.029992580365336603,-0.02705513432222131,0,0,
clean_mse_pre,hacssmv7,ssm,ogbench:cube-single.occ,5,0.7330040693283081,0.7609373569488526,0.03670261171427157,0.03710957735445011,5,0,
clean_mse_pre,hacssmv7,ssm,__overall__,25,,,0.022165944128114533,0.03710957735445011,17,0,3
clean_mse_blackout_transition,hacssmv7,ssm,dmc:reacher.hard.occ,5,0.4170936465263367,0.5591705441474915,0.25335330109878723,0.24843847070423972,5,0,
clean_mse_blackout_transition,hacssmv7,ssm,dmc:ball_in_cup.catch.occ,5,0.7567189931869507,0.8595417857170105,0.11887327273748136,0.11878719813692781,5,0,
clean_mse_blackout_transition,hacssmv7,ssm,dmc:finger.spin.occ,5,0.7235350489616394,0.7384622454643249,0.020266577572661634,0.028778263818673266,4,0,
clean_mse_blackout_transition,hacssmv7,ssm,dmc:cheetah.run.occ,5,0.4257108807563782,0.42877655625343325,0.007739169423669246,0.017463648440781198,3,0,
clean_mse_blackout_transition,hacssmv7,ssm,ogbench:cube-single.occ,5,0.9699753522872925,1.123131775856018,0.13548613091064476,0.1242458720090276,5,0,
clean_mse_blackout_transition,hacssmv7,ssm,__overall__,25,,,0.10714369034864885,0.10449054526134063,22,0,5
clean_mse_deep_blackout,hacssmv7,ssm,dmc:reacher.hard.occ,5,0.7779529213905334,0.7315108060836792,-0.06359360791103996,-0.07599299593835626,0,0,
clean_mse_deep_blackout,hacssmv7,ssm,dmc:ball_in_cup.catch.occ,5,1.0453264474868775,1.0455742835998536,-0.0014785111802313984,0.005271831901629321,4,0,
clean_mse_deep_blackout,hacssmv7,ssm,dmc:finger.spin.occ,5,1.1474830150604247,1.0544053554534911,-0.08842705960265511,-0.0952989516966,0,0,
clean_mse_deep_blackout,hacssmv7,ssm,dmc:cheetah.run.occ,5,0.6057169795036316,0.650025236606598,0.06824573527802821,0.08946809001847669,4,0,
clean_mse_deep_blackout,hacssmv7,ssm,ogbench:cube-single.occ,5,1.37190682888031,1.4132798671722413,0.028702070836041416,0.03507496076093305,3,0,
clean_mse_deep_blackout,hacssmv7,ssm,__overall__,25,,,-0.011310274515971365,-0.013323949452246598,11,0,3
clean_mse_first_post,hacssmv7,ssm,dmc:reacher.hard.occ,5,0.8258150696754456,0.8172305583953857,-0.010691840203503765,-0.011364892896127042,2,0,
clean_mse_first_post,hacssmv7,ssm,dmc:ball_in_cup.catch.occ,5,0.9343978047370911,0.9644538998603821,0.02996129154584644,0.0078988693632926,5,0,
clean_mse_first_post,hacssmv7,ssm,dmc:finger.spin.occ,5,1.1452091693878175,1.2112032890319824,0.054203833911862224,0.04424167006892859,5,0,
clean_mse_first_post,hacssmv7,ssm,dmc:cheetah.run.occ,5,0.5540997624397278,0.6528962612152099,0.1513670391773737,0.1458925769267006,5,0,
clean_mse_first_post,hacssmv7,ssm,ogbench:cube-single.occ,5,1.3518219232559203,1.4677053689956665,0.07886574686350374,0.07783357481585987,5,0,
clean_mse_first_post,hacssmv7,ssm,__overall__,25,,,0.06074121425901647,0.05137571027203985,22,0,4
clean_mse_recovery,hacssmv7,ssm,dmc:reacher.hard.occ,5,0.25924264192581176,0.2665550708770752,0.02742198456287078,0.023605440452684708,5,0,
clean_mse_recovery,hacssmv7,ssm,dmc:ball_in_cup.catch.occ,5,0.7736517429351807,0.7658972859382629,-0.01056823905282407,-0.006676544888598019,1,0,
clean_mse_recovery,hacssmv7,ssm,dmc:finger.spin.occ,5,0.37828861474990844,0.3935206294059753,0.038667357534427044,0.03766172529690186,5,0,
clean_mse_recovery,hacssmv7,ssm,dmc:cheetah.run.occ,5,0.18237332999706268,0.18383752405643464,0.0076203165104272285,-0.011830659129316114,2,0,
clean_mse_recovery,hacssmv7,ssm,ogbench:cube-single.occ,5,0.7236898899078369,0.7527808547019958,0.03861155862805199,0.04023016388375242,5,0,
clean_mse_recovery,hacssmv7,ssm,__overall__,25,,,0.020350595636590595,0.028648175252024486,18,0,4
clean_mse_late_post,hacssmv7,ssm,dmc:reacher.hard.occ,5,0.2578652918338776,0.27589906454086305,0.0653623130057213,0.06498224761468306,5,0,
clean_mse_late_post,hacssmv7,ssm,dmc:ball_in_cup.catch.occ,5,0.7138774514198303,0.7195287466049194,0.00785231481404926,0.0042690706643932165,5,0,
clean_mse_late_post,hacssmv7,ssm,dmc:finger.spin.occ,5,0.3607757091522217,0.38162378668785096,0.05458150607599219,0.05370750747902015,5,0,
clean_mse_late_post,hacssmv7,ssm,dmc:cheetah.run.occ,5,0.17210837602615356,0.16949962675571442,-0.01542084115222615,-0.0116226154302384,0,0,
clean_mse_late_post,hacssmv7,ssm,ogbench:cube-single.occ,5,0.6777803063392639,0.7089087724685669,0.043908859864414666,0.04354141314956234,5,0,
clean_mse_late_post,hacssmv7,ssm,__overall__,25,,,0.03125683052159025,0.04354141314956234,20,0,4
clean_mse_all,hacssmv7,ssm,dmc:reacher.hard.occ,5,0.343371719121933,0.3652931571006775,0.05994581886539535,0.058357831099642904,5,0,
clean_mse_all,hacssmv7,ssm,dmc:ball_in_cup.catch.occ,5,0.7397377371788025,0.7531352400779724,0.01769391780765656,0.02232461908372787,4,0,
clean_mse_all,hacssmv7,ssm,dmc:finger.spin.occ,5,0.5076598525047302,0.5163894057273865,0.016843656486432854,0.018082875218195224,5,0,
clean_mse_all,hacssmv7,ssm,dmc:cheetah.run.occ,5,0.25158150792121886,0.2577719271183014,0.024112834474829266,0.030085015084283996,4,0,
clean_mse_all,hacssmv7,ssm,ogbench:cube-single.occ,5,0.8195524454116822,0.8663750767707825,0.053954533770788494,0.053121700339779955,5,0,
clean_mse_all,hacssmv7,ssm,__overall__,25,,,0.03451015228102051,0.03069988465459955,23,0,5
clean_mse_pre,hacssmv7,hacsmv4_two_noaux,dmc:reacher.hard.occ,5,0.23944154679775237,0.2383594572544098,-0.004542638860189796,-0.004890021615864477,0,0,
clean_mse_pre,hacssmv7,hacsmv4_two_noaux,dmc:ball_in_cup.catch.occ,5,0.6120214939117432,0.6166149497032165,0.007437095707419308,0.005141489300262455,4,0,
clean_mse_pre,hacssmv7,hacsmv4_two_noaux,dmc:finger.spin.occ,5,0.3596014678478241,0.3472070813179016,-0.0357057816093344,-0.034720951356250494,0,0,
clean_mse_pre,hacssmv7,hacsmv4_two_noaux,dmc:cheetah.run.occ,5,0.1493321031332016,0.14730761647224427,-0.013769904091377553,-0.01583613124024231,0,0,
clean_mse_pre,hacssmv7,hacsmv4_two_noaux,ogbench:cube-single.occ,5,0.7330040693283081,0.7215077877044678,-0.01593366884087712,-0.01509206639414081,0,0,
clean_mse_pre,hacssmv7,hacsmv4_two_noaux,__overall__,25,,,-0.012502979538871913,-0.014166281216520195,4,0,1
clean_mse_blackout_transition,hacssmv7,hacsmv4_two_noaux,dmc:reacher.hard.occ,5,0.4170936465263367,0.4129375159740448,-0.010099422835309287,-0.011129850725230114,0,0,
clean_mse_blackout_transition,hacssmv7,hacsmv4_two_noaux,dmc:ball_in_cup.catch.occ,5,0.7567189931869507,0.7901272892951965,0.04227560740323702,0.04196308193312732,5,0,
clean_mse_blackout_transition,hacssmv7,hacsmv4_two_noaux,dmc:finger.spin.occ,5,0.7235350489616394,0.7164966344833374,-0.00986326122521532,-0.007370227544373672,0,0,
clean_mse_blackout_transition,hacssmv7,hacsmv4_two_noaux,dmc:cheetah.run.occ,5,0.4257108807563782,0.4397176504135132,0.030894531027527223,0.04384882751854257,3,0,
clean_mse_blackout_transition,hacssmv7,hacsmv4_two_noaux,ogbench:cube-single.occ,5,0.9699753522872925,0.9670677065849305,-0.003034028655565896,-0.0035230263062316163,2,0,
clean_mse_blackout_transition,hacssmv7,hacsmv4_two_noaux,__overall__,25,,,0.010034685142934747,-0.0035230263062316163,10,0,2
clean_mse_deep_blackout,hacssmv7,hacsmv4_two_noaux,dmc:reacher.hard.occ,5,0.7779529213905334,0.7781212091445923,2.331730361500063e-05,0.003917680852329065,3,0,
clean_mse_deep_blackout,hacssmv7,hacsmv4_two_noaux,dmc:ball_in_cup.catch.occ,5,1.0453264474868775,1.1013808012008668,0.05050242801234471,0.04937062761730014,5,0,
clean_mse_deep_blackout,hacssmv7,hacsmv4_two_noaux,dmc:finger.spin.occ,5,1.1474830150604247,1.1444575309753418,-0.0026195227853686113,0.00021706550233782104,3,0,
clean_mse_deep_blackout,hacssmv7,hacsmv4_two_noaux,dmc:cheetah.run.occ,5,0.6057169795036316,0.6397158026695251,0.053556264907322335,0.04279884218587838,5,0,
clean_mse_deep_blackout,hacssmv7,hacsmv4_two_noaux,ogbench:cube-single.occ,5,1.37190682888031,1.3905319690704345,0.013299256410549298,0.018651834177291063,4,0,
clean_mse_deep_blackout,hacssmv7,hacsmv4_two_noaux,__overall__,25,,,0.022952348769692547,0.018651834177291063,20,0,4
clean_mse_first_post,hacssmv7,hacsmv4_two_noaux,dmc:reacher.hard.occ,5,0.8258150696754456,0.8308597564697265,0.006001978675057956,0.010398047216472731,3,0,
clean_mse_first_post,hacssmv7,hacsmv4_two_noaux,dmc:ball_in_cup.catch.occ,5,0.9343978047370911,0.9775278806686402,0.04352712024883268,0.03742164680209421,5,0,
clean_mse_first_post,hacssmv7,hacsmv4_two_noaux,dmc:finger.spin.occ,5,1.1452091693878175,1.1288960218429565,-0.014452099846928721,-0.015324258490291233,1,0,
clean_mse_first_post,hacssmv7,hacsmv4_two_noaux,dmc:cheetah.run.occ,5,0.5540997624397278,0.5639344334602356,0.01741608037896129,0.017133339168397294,4,0,
clean_mse_first_post,hacssmv7,hacsmv4_two_noaux,ogbench:cube-single.occ,5,1.3518219232559203,1.368989682197571,0.01241025344338338,0.010192164407192039,4,0,
clean_mse_first_post,hacssmv7,hacsmv4_two_noaux,__overall__,25,,,0.012980666579861315,0.010398047216472731,17,0,4
clean_mse_recovery,hacssmv7,hacsmv4_two_noaux,dmc:reacher.hard.occ,5,0.25924264192581176,0.26032729148864747,0.004164000588259705,0.0027904038147965396,5,0,
clean_mse_recovery,hacssmv7,hacsmv4_two_noaux,dmc:ball_in_cup.catch.occ,5,0.7736517429351807,0.7809509038925171,0.009357412305406291,0.007324654441891228,5,0,
clean_mse_recovery,hacssmv7,hacsmv4_two_noaux,dmc:finger.spin.occ,5,0.37828861474990844,0.3707343637943268,-0.020371021328394377,-0.020315180338607925,0,0,
clean_mse_recovery,hacssmv7,hacsmv4_two_noaux,dmc:cheetah.run.occ,5,0.18237332999706268,0.18574422001838684,0.018199948610192057,0.016884074318200673,5,0,
clean_mse_recovery,hacssmv7,hacsmv4_two_noaux,ogbench:cube-single.occ,5,0.7236898899078369,0.7154642105102539,-0.011504929166955304,-0.01180306359912606,0,0,
clean_mse_recovery,hacssmv7,hacsmv4_two_noaux,__overall__,25,,,-3.0917798298325104e-05,0.002619825949374316,15,0,3
clean_mse_late_post,hacssmv7,hacsmv4_two_noaux,dmc:reacher.hard.occ,5,0.2578652918338776,0.2567394196987152,-0.004383894633222527,-0.004429203148021805,0,0,
clean_mse_late_post,hacssmv7,hacsmv4_two_noaux,dmc:ball_in_cup.catch.occ,5,0.7138774514198303,0.7167074084281921,0.003945298274110643,0.004821795341426793,4,0,
clean_mse_late_post,hacssmv7,hacsmv4_two_noaux,dmc:finger.spin.occ,5,0.3607757091522217,0.3487864792346954,-0.03437884405221455,-0.03380103679599644,0,0,
clean_mse_late_post,hacssmv7,hacsmv4_two_noaux,dmc:cheetah.run.occ,5,0.17210837602615356,0.17042737901210786,-0.00986879125406777,-0.008300097051715197,0,0,
clean_mse_late_post,hacssmv7,hacsmv4_two_noaux,ogbench:cube-single.occ,5,0.6777803063392639,0.6653374314308167,-0.018700989539288577,-0.01830969340470167,0,0,
clean_mse_late_post,hacssmv7,hacsmv4_two_noaux,__overall__,25,,,-0.012677444240936557,-0.008300097051715197,4,0,1
clean_mse_all,hacssmv7,hacsmv4_two_noaux,dmc:reacher.hard.occ,5,0.343371719121933,0.34244203567504883,-0.0027298981965510186,-0.0012927230393084367,2,0,
clean_mse_all,hacssmv7,hacsmv4_two_noaux,dmc:ball_in_cup.catch.occ,5,0.7397377371788025,0.7533604979515076,0.01807422960670488,0.01837656757199682,5,0,
clean_mse_all,hacssmv7,hacsmv4_two_noaux,dmc:finger.spin.occ,5,0.5076598525047302,0.4971690118312836,-0.02109490126361923,-0.02245613577321945,0,0,
clean_mse_all,hacssmv7,hacsmv4_two_noaux,dmc:cheetah.run.occ,5,0.25158150792121886,0.2558769822120667,0.016765568311904087,0.015508046804000915,5,0,
clean_mse_all,hacssmv7,hacsmv4_two_noaux,ogbench:cube-single.occ,5,0.8195524454116822,0.8128503084182739,-0.008252781728332428,-0.008594578817638653,0,0,
clean_mse_all,hacssmv7,hacsmv4_two_noaux,__overall__,25,,,0.0005524433460212584,-0.0012927230393084367,12,0,2
clean_mse_pre,hacssmv7,hacssmv6,dmc:reacher.hard.occ,5,0.23944154679775237,0.23836734890937805,-0.004509479109226172,-0.00505405097803917,0,0,
clean_mse_pre,hacssmv7,hacssmv6,dmc:ball_in_cup.catch.occ,5,0.6120214939117432,0.6161998391151429,0.00676364897256431,0.01165927417751993,3,0,
clean_mse_pre,hacssmv7,hacssmv6,dmc:finger.spin.occ,5,0.3596014678478241,0.34736357927322387,-0.035240389193520585,-0.03404930171274385,0,0,
clean_mse_pre,hacssmv7,hacssmv6,dmc:cheetah.run.occ,5,0.1493321031332016,0.14722376465797424,-0.014351880236070966,-0.016107243808246963,0,0,
clean_mse_pre,hacssmv7,hacssmv6,ogbench:cube-single.occ,5,0.7330040693283081,0.7214668035507202,-0.01599103582626551,-0.015105416568132402,0,0,
clean_mse_pre,hacssmv7,hacssmv6,__overall__,25,,,-0.012665827078503784,-0.014037581067049191,3,0,1
clean_mse_blackout_transition,hacssmv7,hacssmv6,dmc:reacher.hard.occ,5,0.4170936465263367,0.41190059781074523,-0.012638140285720812,-0.014550593967454666,0,0,
clean_mse_blackout_transition,hacssmv7,hacssmv6,dmc:ball_in_cup.catch.occ,5,0.7567189931869507,0.7839241623878479,0.0347495964660005,0.035341550491922606,5,0,
clean_mse_blackout_transition,hacssmv7,hacssmv6,dmc:finger.spin.occ,5,0.7235350489616394,0.7151798725128173,-0.011740440309220732,-0.007429253170026437,0,0,
clean_mse_blackout_transition,hacssmv7,hacssmv6,dmc:cheetah.run.occ,5,0.4257108807563782,0.451040643453598,0.05620461078010611,0.05555413054993748,5,0,
clean_mse_blackout_transition,hacssmv7,hacssmv6,ogbench:cube-single.occ,5,0.9699753522872925,0.9662904858589172,-0.0038294630545519888,-0.0065915671657378406,2,0,
clean_mse_blackout_transition,hacssmv7,hacssmv6,__overall__,25,,,0.012549232719322614,-0.0004852383381976295,12,0,2
clean_mse_deep_blackout,hacssmv7,hacssmv6,dmc:reacher.hard.occ,5,0.7779529213905334,0.777437686920166,-0.0008298846219142876,0.0019425293132999705,3,0,
clean_mse_deep_blackout,hacssmv7,hacssmv6,dmc:ball_in_cup.catch.occ,5,1.0453264474868775,1.0716913223266602,0.02458586615924182,0.029614728359086847,5,0,
clean_mse_deep_blackout,hacssmv7,hacssmv6,dmc:finger.spin.occ,5,1.1474830150604247,1.1472944736480712,-0.0001803705239613555,0.0033318422507539382,3,0,
clean_mse_deep_blackout,hacssmv7,hacssmv6,dmc:cheetah.run.occ,5,0.6057169795036316,0.6467327117919922,0.06372908880698704,0.05192399837560925,5,0,
clean_mse_deep_blackout,hacssmv7,hacssmv6,ogbench:cube-single.occ,5,1.37190682888031,1.3898138046264648,0.01276131962937699,0.015950348141806472,4,0,
clean_mse_deep_blackout,hacssmv7,hacssmv6,__overall__,25,,,0.02001320388994604,0.01585583193597822,20,0,3
clean_mse_first_post,hacssmv7,hacssmv6,dmc:reacher.hard.occ,5,0.8258150696754456,0.8306938886642456,0.005820223550312889,0.009518372191285027,3,0,
clean_mse_first_post,hacssmv7,hacssmv6,dmc:ball_in_cup.catch.occ,5,0.9343978047370911,0.9632748603820801,0.029738274315335902,0.03279337848246267,5,0,
clean_mse_first_post,hacssmv7,hacssmv6,dmc:finger.spin.occ,5,1.1452091693878175,1.1288799047470093,-0.014490812905060569,-0.007678978937026925,0,0,
clean_mse_first_post,hacssmv7,hacssmv6,dmc:cheetah.run.occ,5,0.5540997624397278,0.5612707734107971,0.012825198718484726,0.005771515497968412,3,0,
clean_mse_first_post,hacssmv7,hacssmv6,ogbench:cube-single.occ,5,1.3518219232559203,1.3681094646453857,0.01178759785572867,0.010817124390899154,4,0,
clean_mse_first_post,hacssmv7,hacssmv6,__overall__,25,,,0.009136096306960323,0.006322049049228044,15,0,4
clean_mse_recovery,hacssmv7,hacssmv6,dmc:reacher.hard.occ,5,0.25924264192581176,0.26026620864868166,0.0039252267338136405,0.0028831414903919715,5,0,
clean_mse_recovery,hacssmv7,hacssmv6,dmc:ball_in_cup.catch.occ,5,0.7736517429351807,0.7802914261817933,0.008504200089533126,0.012020565720653196,4,0,
clean_mse_recovery,hacssmv7,hacssmv6,dmc:finger.spin.occ,5,0.37828861474990844,0.37085620760917665,-0.020038165954042557,-0.019849923487271093,0,0,
clean_mse_recovery,hacssmv7,hacssmv6,dmc:cheetah.run.occ,5,0.18237332999706268,0.18497876226902008,0.014087834823919012,0.01551976202955757,5,0,
clean_mse_recovery,hacssmv7,hacssmv6,ogbench:cube-single.occ,5,0.7236898899078369,0.7155681490898133,-0.011355685044769344,-0.011327983387712452,0,0,
clean_mse_recovery,hacssmv7,hacssmv6,__overall__,25,,,-0.0009753178703092243,0.0024177453762004495,14,0,3
clean_mse_late_post,hacssmv7,hacssmv6,dmc:reacher.hard.occ,5,0.2578652918338776,0.2567405700683594,-0.004379494359789614,-0.004349674985155669,0,0,
clean_mse_late_post,hacssmv7,hacssmv6,dmc:ball_in_cup.catch.occ,5,0.7138774514198303,0.7163692593574524,0.0034783934235106608,0.0029098161497059256,4,0,
clean_mse_late_post,hacssmv7,hacssmv6,dmc:finger.spin.occ,5,0.3607757091522217,0.3488657593727112,-0.03414359418412151,-0.03315344336709631,0,0,
clean_mse_late_post,hacssmv7,hacssmv6,dmc:cheetah.run.occ,5,0.17210837602615356,0.17065750062465668,-0.008500382124149473,-0.007166248298615246,0,0,
clean_mse_late_post,hacssmv7,hacssmv6,ogbench:cube-single.occ,5,0.6777803063392639,0.6653346300125123,-0.01870484651504613,-0.01790260975983965,0,0,
clean_mse_late_post,hacssmv7,hacssmv6,__overall__,25,,,-0.012449984751919213,-0.007166248298615246,4,0,1
clean_mse_all,hacssmv7,hacssmv6,dmc:reacher.hard.occ,5,0.343371719121933,0.34225654006004336,-0.003271601864214195,-0.002526703763428966,2,0,
clean_mse_all,hacssmv7,hacssmv6,dmc:ball_in_cup.catch.occ,5,0.7397377371788025,0.7488587021827697,0.012181066503510609,0.013820886380735118,5,0,
clean_mse_all,hacssmv7,hacssmv6,dmc:finger.spin.occ,5,0.5076598525047302,0.49740742444992064,-0.02060571877031795,-0.01997062041361863,0,0,
clean_mse_all,hacssmv7,hacssmv6,dmc:cheetah.run.occ,5,0.25158150792121886,0.25771247744560244,0.023836713563922605,0.018406971619897097,5,0,
clean_mse_all,hacssmv7,hacssmv6,ogbench:cube-single.occ,5,0.8195524454116822,0.8126612663269043,-0.00848690965044693,-0.008548087905755413,0,0,
clean_mse_all,hacssmv7,hacssmv6,__overall__,25,,,0.000730709956490828,-0.0015137306824987333,12,0,2
clean_mse_pre,hacssmv7,hacssmv6_static,dmc:reacher.hard.occ,5,0.23944154679775237,0.24767564237117767,0.03324560219969342,0.03322230310242869,5,0,
clean_mse_pre,hacssmv7,hacssmv6_static,dmc:ball_in_cup.catch.occ,5,0.6120214939117432,0.6023223757743835,-0.016128224465004528,-0.019878805107075456,1,0,
clean_mse_pre,hacssmv7,hacssmv6_static,dmc:finger.spin.occ,5,0.3596014678478241,0.3759343445301056,0.04344865300617791,0.043521562978901425,5,0,
clean_mse_pre,hacssmv7,hacssmv6_static,dmc:cheetah.run.occ,5,0.1493321031332016,0.15316276252269745,0.02499364684261521,0.022823679337978464,5,0,
clean_mse_pre,hacssmv7,hacssmv6_static,ogbench:cube-single.occ,5,0.7330040693283081,0.7549984931945801,0.029132727709714503,0.029268769593372244,5,0,
clean_mse_pre,hacssmv7,hacssmv6_static,__overall__,25,,,0.022938481058639305,0.029690165763479586,21,0,4
clean_mse_blackout_transition,hacssmv7,hacssmv6_static,dmc:reacher.hard.occ,5,0.4170936465263367,0.42147780060768125,0.010382714160951743,0.0113049409700617,4,0,
clean_mse_blackout_transition,hacssmv7,hacssmv6_static,dmc:ball_in_cup.catch.occ,5,0.7567189931869507,0.7242907643318176,-0.04480236698552501,-0.03969156752923305,0,0,
clean_mse_blackout_transition,hacssmv7,hacssmv6_static,dmc:finger.spin.occ,5,0.7235350489616394,0.7153044819831849,-0.011454091972262607,-0.019627968750687987,2,0,
clean_mse_blackout_transition,hacssmv7,hacssmv6_static,dmc:cheetah.run.occ,5,0.4257108807563782,0.3655103087425232,-0.16421170673060576,-0.16437480718959555,0,0,
clean_mse_blackout_transition,hacssmv7,hacssmv6_static,ogbench:cube-single.occ,5,0.9699753522872925,0.9809810400009156,0.01113385492931786,0.0071079624511761795,4,0,
clean_mse_blackout_transition,hacssmv7,hacssmv6_static,__overall__,25,,,-0.039790319319624755,-0.019627968750687987,10,0,2
clean_mse_deep_blackout,hacssmv7,hacssmv6_static,dmc:reacher.hard.occ,5,0.7779529213905334,0.7888159155845642,0.013814182403536376,0.012523053741079843,5,0,
clean_mse_deep_blackout,hacssmv7,hacssmv6_static,dmc:ball_in_cup.catch.occ,5,1.0453264474868775,1.0044779777526855,-0.04116579965287524,-0.03649502748913816,0,0,
clean_mse_deep_blackout,hacssmv7,hacssmv6_static,dmc:finger.spin.occ,5,1.1474830150604247,1.1548792600631714,0.006348014005989316,0.004764194230055996,5,0,
clean_mse_deep_blackout,hacssmv7,hacssmv6_static,dmc:cheetah.run.occ,5,0.6057169795036316,0.5430795073509216,-0.11734830987204665,-0.11791807756331661,1,0,
clean_mse_deep_blackout,hacssmv7,hacssmv6_static,ogbench:cube-single.occ,5,1.37190682888031,1.3811507940292358,0.006353881056686789,0.015324376834274279,3,0,
clean_mse_deep_blackout,hacssmv7,hacssmv6_static,__overall__,25,,,-0.026399606411741883,0.0038526448251787063,14,0,3
clean_mse_first_post,hacssmv7,hacssmv6_static,dmc:reacher.hard.occ,5,0.8258150696754456,0.8503227710723877,0.02871828760819028,0.02878378465495622,5,0,
clean_mse_first_post,hacssmv7,hacssmv6_static,dmc:ball_in_cup.catch.occ,5,0.9343978047370911,0.8935149788856507,-0.04584918182620494,-0.04944558350658506,0,0,
clean_mse_first_post,hacssmv7,hacssmv6_static,dmc:finger.spin.occ,5,1.1452091693878175,1.1956828117370606,0.0421261374344298,0.038129985798301444,5,0,
clean_mse_first_post,hacssmv7,hacssmv6_static,dmc:cheetah.run.occ,5,0.5540997624397278,0.5297807931900025,-0.04715531033365238,-0.0451821701188555,1,0,
clean_mse_first_post,hacssmv7,hacssmv6_static,ogbench:cube-single.occ,5,1.3518219232559203,1.3645100355148316,0.00917411018546433,0.011065321354774458,3,0,
clean_mse_first_post,hacssmv7,hacssmv6_static,__overall__,25,,,-0.0025971913863545816,0.022093056431478374,14,0,3
clean_mse_recovery,hacssmv7,hacssmv6_static,dmc:reacher.hard.occ,5,0.25924264192581176,0.26263860464096067,0.012930417636666764,0.013236094296714596,5,0,
clean_mse_recovery,hacssmv7,hacssmv6_static,dmc:ball_in_cup.catch.occ,5,0.7736517429351807,0.7597821593284607,-0.018270631250080674,-0.017813499936169423,0,0,
clean_mse_recovery,hacssmv7,hacssmv6_static,dmc:finger.spin.occ,5,0.37828861474990844,0.38990325331687925,0.029790289646532842,0.029826380220700877,5,0,
clean_mse_recovery,hacssmv7,hacssmv6_static,dmc:cheetah.run.occ,5,0.18237332999706268,0.18403471112251282,0.008951578322074652,-0.00605545585475594,2,0,
clean_mse_recovery,hacssmv7,hacssmv6_static,ogbench:cube-single.occ,5,0.7236898899078369,0.7426011085510253,0.025464939552182386,0.02551099480389524,5,0,
clean_mse_recovery,hacssmv7,hacssmv6_static,__overall__,25,,,0.011773318781475193,0.016635127543131265,17,0,4
clean_mse_late_post,hacssmv7,hacssmv6_static,dmc:reacher.hard.occ,5,0.2578652918338776,0.267008101940155,0.03424042179643987,0.034347217660573505,5,0,
clean_mse_late_post,hacssmv7,hacssmv6_static,dmc:ball_in_cup.catch.occ,5,0.7138774514198303,0.7092791557312011,-0.00648977265698294,-0.007033870584236849,0,0,
clean_mse_late_post,hacssmv7,hacssmv6_static,dmc:finger.spin.occ,5,0.3607757091522217,0.37641885280609133,0.04156119906275849,0.04089979906596338,5,0,
clean_mse_late_post,hacssmv7,hacssmv6_static,dmc:cheetah.run.occ,5,0.17210837602615356,0.17607301771640776,0.022498175690737407,0.02040970200960881,5,0,
clean_mse_late_post,hacssmv7,hacssmv6_static,ogbench:cube-single.occ,5,0.6777803063392639,0.7006049036979676,0.03257955000658354,0.032189866812944466,5,0,
clean_mse_late_post,hacssmv7,hacssmv6_static,__overall__,25,,,0.024877914779907275,0.032189866812944466,20,0,4
clean_mse_all,hacssmv7,hacssmv6_static,dmc:reacher.hard.occ,5,0.343371719121933,0.3521143555641174,0.024834317623535322,0.023195462578393656,5,0,
clean_mse_all,hacssmv7,hacssmv6_static,dmc:ball_in_cup.catch.occ,5,0.7397377371788025,0.7253886222839355,-0.01979960869954626,-0.018338449392138197,0,0,
clean_mse_all,hacssmv7,hacssmv6_static,dmc:finger.spin.occ,5,0.5076598525047302,0.521069860458374,0.025722434700429536,0.02601534801044204,5,0,
clean_mse_all,hacssmv7,hacssmv6_static,dmc:cheetah.run.occ,5,0.25158150792121886,0.2408520072698593,-0.04483762798649108,-0.04926514340947757,1,0,
clean_mse_all,hacssmv7,hacssmv6_static,ogbench:cube-single.occ,5,0.8195524454116822,0.8389296650886535,0.023074053225373085,0.024203077683965697,5,0,
clean_mse_all,hacssmv7,hacssmv6_static,__overall__,25,,,0.0017987137726601199,0.02218508064608735,16,0,3
clean_mse_pre,hacssmv7,hacssmv7_noaux,dmc:reacher.hard.occ,5,0.23944154679775237,0.23942806124687194,-5.715560263342478e-05,-0.00019102712585187097,1,0,
clean_mse_pre,hacssmv7,hacssmv7_noaux,dmc:ball_in_cup.catch.occ,5,0.6120214939117432,0.6097388982772827,-0.003745396365669744,-0.006250265133063885,2,0,
clean_mse_pre,hacssmv7,hacssmv7_noaux,dmc:finger.spin.occ,5,0.3596014678478241,0.35903955698013307,-0.0015778522808253263,-0.00031490171888463544,2,0,
clean_mse_pre,hacssmv7,hacssmv7_noaux,dmc:cheetah.run.occ,5,0.1493321031332016,0.14963937401771546,0.002054886069222618,0.001725481037224898,4,0,
clean_mse_pre,hacssmv7,hacssmv7_noaux,ogbench:cube-single.occ,5,0.7330040693283081,0.732605242729187,-0.000543350889917598,-0.0002349740493453654,1,0,
clean_mse_pre,hacssmv7,hacssmv7_noaux,__overall__,25,,,-0.000773773813964695,-0.0001964872562296979,10,0,1
clean_mse_blackout_transition,hacssmv7,hacssmv7_noaux,dmc:reacher.hard.occ,5,0.4170936465263367,0.4183970332145691,0.0030479821603495373,0.0037966767429604546,3,0,
clean_mse_blackout_transition,hacssmv7,hacssmv7_noaux,dmc:ball_in_cup.catch.occ,5,0.7567189931869507,0.759958016872406,0.004104192531263519,0.002726390992143573,3,0,
clean_mse_blackout_transition,hacssmv7,hacssmv7_noaux,dmc:finger.spin.occ,5,0.7235350489616394,0.7207774877548218,-0.003922013846694183,0.0009217149399461776,3,0,
clean_mse_blackout_transition,hacssmv7,hacssmv7_noaux,dmc:cheetah.run.occ,5,0.4257108807563782,0.43069608211517335,0.011656920503957516,-0.004152255167242563,2,0,
clean_mse_blackout_transition,hacssmv7,hacssmv7_noaux,ogbench:cube-single.occ,5,0.9699753522872925,0.9681949257850647,-0.001827915088786258,-0.0019257104995525382,1,0,
clean_mse_blackout_transition,hacssmv7,hacssmv7_noaux,__overall__,25,,,0.002611833252018026,-0.00017509864390350958,12,0,3
clean_mse_deep_blackout,hacssmv7,hacssmv7_noaux,dmc:reacher.hard.occ,5,0.7779529213905334,0.7794137716293335,0.0018932845997413766,0.0034205815821758763,3,0,
clean_mse_deep_blackout,hacssmv7,hacssmv7_noaux,dmc:ball_in_cup.catch.occ,5,1.0453264474868775,1.0519323348999023,0.0060682726416313405,0.008402561016352303,3,0,
clean_mse_deep_blackout,hacssmv7,hacssmv7_noaux,dmc:finger.spin.occ,5,1.1474830150604247,1.1425726652145385,-0.004626052804926552,-9.62811555684561e-06,2,0,
clean_mse_deep_blackout,hacssmv7,hacssmv7_noaux,dmc:cheetah.run.occ,5,0.6057169795036316,0.6077361583709717,0.0033303927588574124,-0.019227278412345415,1,0,
clean_mse_deep_blackout,hacssmv7,hacssmv7_noaux,ogbench:cube-single.occ,5,1.37190682888031,1.3713674306869508,-0.00036126023364436044,0.003078095938358403,3,0,
clean_mse_deep_blackout,hacssmv7,hacssmv7_noaux,__overall__,25,,,0.0012609273923318435,-9.62811555684561e-06,12,0,3
clean_mse_first_post,hacssmv7,hacssmv7_noaux,dmc:reacher.hard.occ,5,0.8258150696754456,0.8263182163238525,0.0006015002934584204,0.0021554956178443606,3,0,
clean_mse_first_post,hacssmv7,hacssmv7_noaux,dmc:ball_in_cup.catch.occ,5,0.9343978047370911,0.937244427204132,0.002769075178794924,0.009599842641493633,3,0,
clean_mse_first_post,hacssmv7,hacssmv7_noaux,dmc:finger.spin.occ,5,1.1452091693878175,1.146846866607666,0.0013884377602214743,0.004656207560331095,4,0,
clean_mse_first_post,hacssmv7,hacssmv7_noaux,dmc:cheetah.run.occ,5,0.5540997624397278,0.5601337790489197,0.01021022422914047,0.012920865345986441,3,0,
clean_mse_first_post,hacssmv7,hacssmv7_noaux,ogbench:cube-single.occ,5,1.3518219232559203,1.3520869016647339,0.00016592963174527934,0.0038559150159387773,3,0,
clean_mse_first_post,hacssmv7,hacssmv7_noaux,__overall__,25,,,0.0030270334186721136,0.003526713285572526,16,0,5
clean_mse_recovery,hacssmv7,hacssmv7_noaux,dmc:reacher.hard.occ,5,0.25924264192581176,0.25953335165977476,0.0011217676119792456,0.0014546139254948617,4,0,
clean_mse_recovery,hacssmv7,hacssmv7_noaux,dmc:ball_in_cup.catch.occ,5,0.7736517429351807,0.772205913066864,-0.001903084688935693,0.000993622120666126,3,0,
clean_mse_recovery,hacssmv7,hacssmv7_noaux,dmc:finger.spin.occ,5,0.37828861474990844,0.3779937386512756,-0.0007823409668137232,-0.0004444851204685878,2,0,
clean_mse_recovery,hacssmv7,hacssmv7_noaux,dmc:cheetah.run.occ,5,0.18237332999706268,0.1821168154478073,-0.00136880232651703,-0.00017458394401960884,2,0,
clean_mse_recovery,hacssmv7,hacssmv7_noaux,ogbench:cube-single.occ,5,0.7236898899078369,0.7232247114181518,-0.000645065447242969,-0.00020864744560671297,2,0,
clean_mse_recovery,hacssmv7,hacssmv7_noaux,__overall__,25,,,-0.000715505163506034,1.693062842747699e-05,13,0,1
clean_mse_late_post,hacssmv7,hacssmv7_noaux,dmc:reacher.hard.occ,5,0.2578652918338776,0.2578105330467224,-0.00021201554503842365,-6.477419599607561e-06,1,0,
clean_mse_late_post,hacssmv7,hacssmv7_noaux,dmc:ball_in_cup.catch.occ,5,0.7138774514198303,0.7139587759971618,0.0001081836783603954,-0.0011900045264332329,2,0,
clean_mse_late_post,hacssmv7,hacssmv7_noaux,dmc:finger.spin.occ,5,0.3607757091522217,0.3603527545928955,-0.00117967917047582,-0.0009577425654234251,1,0,
clean_mse_late_post,hacssmv7,hacssmv7_noaux,dmc:cheetah.run.occ,5,0.17210837602615356,0.1717418223619461,-0.002139336969672801,-0.0024689351597832723,1,0,
clean_mse_late_post,hacssmv7,hacssmv7_noaux,ogbench:cube-single.occ,5,0.6777803063392639,0.6773098587989808,-0.0006938160083678945,-0.0005523192187447747,2,0,
clean_mse_late_post,hacssmv7,hacssmv7_noaux,__overall__,25,,,-0.0008233328030389088,-0.0006528538951216532,7,0,1
clean_mse_all,hacssmv7,hacssmv7_noaux,dmc:reacher.hard.occ,5,0.343371719121933,0.34366726875305176,0.0008616281378085635,0.001871267776806814,3,0,
clean_mse_all,hacssmv7,hacssmv7_noaux,dmc:ball_in_cup.catch.occ,5,0.7397377371788025,0.7402400255203248,0.0006700965476869638,0.0019389889111049029,3,0,
clean_mse_all,hacssmv7,hacssmv7_noaux,dmc:finger.spin.occ,5,0.5076598525047302,0.5065775156021118,-0.0021724651032555657,0.0004150475871307399,3,0,
clean_mse_all,hacssmv7,hacssmv7_noaux,dmc:cheetah.run.occ,5,0.25158150792121886,0.2524063289165497,0.0032392155861899093,-0.007247141007091062,1,0,
clean_mse_all,hacssmv7,hacssmv7_noaux,ogbench:cube-single.occ,5,0.8195524454116822,0.8189823150634765,-0.000692934580313267,-0.00010035347126950707,2,0,
clean_mse_all,hacssmv7,hacssmv7_noaux,__overall__,25,,,0.00038110811762332076,-0.00010035347126950707,12,0,3
clean_mse_pre,hacssmv7,hacssmv7_sharedaction,dmc:reacher.hard.occ,5,0.23944154679775237,0.23930177390575408,-0.000584996420066007,-0.00033675194532998653,1,0,
clean_mse_pre,hacssmv7,hacssmv7_sharedaction,dmc:ball_in_cup.catch.occ,5,0.6120214939117432,0.6128109097480774,0.001288022379865579,-0.00030271295788496244,2,0,
clean_mse_pre,hacssmv7,hacssmv7_sharedaction,dmc:finger.spin.occ,5,0.3596014678478241,0.3586237609386444,-0.002733357495189877,-0.002831408518371594,1,0,
clean_mse_pre,hacssmv7,hacssmv7_sharedaction,dmc:cheetah.run.occ,5,0.1493321031332016,0.14972810447216034,0.002647562237598232,0.0025664425172944286,4,0,
clean_mse_pre,hacssmv7,hacssmv7_sharedaction,ogbench:cube-single.occ,5,0.7330040693283081,0.7321638703346253,-0.001145445664305645,-0.0018310744711802253,1,0,
clean_mse_pre,hacssmv7,hacssmv7_sharedaction,__overall__,25,,,-0.00010564299241954363,-0.00033675194532998653,9,0,2
clean_mse_blackout_transition,hacssmv7,hacssmv7_sharedaction,dmc:reacher.hard.occ,5,0.4170936465263367,0.4174740731716156,0.0008652043599111489,0.00028505597615355376,3,0,
clean_mse_blackout_transition,hacssmv7,hacssmv7_sharedaction,dmc:ball_in_cup.catch.occ,5,0.7567189931869507,0.7555330038070679,-0.0016676866414060728,-0.01308975576469834,2,0,
clean_mse_blackout_transition,hacssmv7,hacssmv7_sharedaction,dmc:finger.spin.occ,5,0.7235350489616394,0.7119344592094421,-0.016162983959155042,-0.01880832109265598,0,0,
clean_mse_blackout_transition,hacssmv7,hacssmv7_sharedaction,dmc:cheetah.run.occ,5,0.4257108807563782,0.42893644571304324,0.007443997620554414,0.01340119745400257,4,0,
clean_mse_blackout_transition,hacssmv7,hacssmv7_sharedaction,ogbench:cube-single.occ,5,0.9699753522872925,0.967133629322052,-0.002937385733839627,-0.002917425198664963,1,0,
clean_mse_blackout_transition,hacssmv7,hacssmv7_sharedaction,__overall__,25,,,-0.0024917708707870357,-0.0028082575825952028,10,0,2
clean_mse_deep_blackout,hacssmv7,hacssmv7_sharedaction,dmc:reacher.hard.occ,5,0.7779529213905334,0.782034969329834,0.005219550518258539,0.003415373154058865,5,0,
clean_mse_deep_blackout,hacssmv7,hacssmv7_sharedaction,dmc:ball_in_cup.catch.occ,5,1.0453264474868775,1.0257512092590333,-0.019295546427084066,-0.007902783325688403,0,0,
clean_mse_deep_blackout,hacssmv7,hacssmv7_sharedaction,dmc:finger.spin.occ,5,1.1474830150604247,1.1299669742584229,-0.015618203329072471,-0.02107322661532493,1,0,
clean_mse_deep_blackout,hacssmv7,hacssmv7_sharedaction,dmc:cheetah.run.occ,5,0.6057169795036316,0.6108243823051452,0.008250214810078713,0.019908111182944752,4,0,
clean_mse_deep_blackout,hacssmv7,hacssmv7_sharedaction,ogbench:cube-single.occ,5,1.37190682888031,1.369041657447815,-0.0020893065633935557,0.0030497018048961395,3,0,
clean_mse_deep_blackout,hacssmv7,hacssmv7_sharedaction,__overall__,25,,,-0.004706658198242568,0.0007383961615894618,13,0,2
clean_mse_first_post,hacssmv7,hacssmv7_sharedaction,dmc:reacher.hard.occ,5,0.8258150696754456,0.8297623991966248,0.004774849099768302,0.0031273038039471646,5,0,
clean_mse_first_post,hacssmv7,hacssmv7_sharedaction,dmc:ball_in_cup.catch.occ,5,0.9343978047370911,0.9159428358078003,-0.020275603742928566,-0.029903205982760726,1,0,
clean_mse_first_post,hacssmv7,hacssmv7_sharedaction,dmc:finger.spin.occ,5,1.1452091693878175,1.1428596019744872,-0.0020475220308402097,-0.0018107799718675322,2,0,
clean_mse_first_post,hacssmv7,hacssmv7_sharedaction,dmc:cheetah.run.occ,5,0.5540997624397278,0.5548632621765137,0.001256130043331112,0.0011486117869096593,3,0,
clean_mse_first_post,hacssmv7,hacssmv7_sharedaction,ogbench:cube-single.occ,5,1.3518219232559203,1.3487624406814576,-0.0022864612425949585,-0.001665806059780632,2,0,
clean_mse_first_post,hacssmv7,hacssmv7_sharedaction,__overall__,25,,,-0.003715721574652864,0.0009823853921215229,13,0,2
clean_mse_recovery,hacssmv7,hacssmv7_sharedaction,dmc:reacher.hard.occ,5,0.25924264192581176,0.25966839790344237,0.001641271168278621,0.001729172304755936,5,0,
clean_mse_recovery,hacssmv7,hacssmv7_sharedaction,dmc:ball_in_cup.catch.occ,5,0.7736517429351807,0.7723501324653625,-0.0017152829746444112,-5.651687416107765e-05,2,0,
clean_mse_recovery,hacssmv7,hacssmv7_sharedaction,dmc:finger.spin.occ,5,0.37828861474990844,0.37799317240715025,-0.0007812014917307313,-0.00059730087355648,1,0,
clean_mse_recovery,hacssmv7,hacssmv7_sharedaction,dmc:cheetah.run.occ,5,0.18237332999706268,0.18253830671310425,0.0008773373267860548,0.0038191994412694595,4,0,
clean_mse_recovery,hacssmv7,hacssmv7_sharedaction,ogbench:cube-single.occ,5,0.7236898899078369,0.7241487979888916,0.0006311345953588016,0.0004911331401455319,4,0,
clean_mse_recovery,hacssmv7,hacssmv7_sharedaction,__overall__,25,,,0.00013065172480966695,0.0008744655374508802,16,0,3
clean_mse_late_post,hacssmv7,hacssmv7_sharedaction,dmc:reacher.hard.occ,5,0.2578652918338776,0.2577197849750519,-0.0005645670148479525,-0.0006961766751427127,1,0,
clean_mse_late_post,hacssmv7,hacssmv7_sharedaction,dmc:ball_in_cup.catch.occ,5,0.7138774514198303,0.7147293329238892,0.0011806237978934273,0.003105623069969791,3,0,
clean_mse_late_post,hacssmv7,hacssmv7_sharedaction,dmc:finger.spin.occ,5,0.3607757091522217,0.3600729525089264,-0.0019525514337721667,-0.0015785081922556118,0,0,
clean_mse_late_post,hacssmv7,hacssmv7_sharedaction,dmc:cheetah.run.occ,5,0.17210837602615356,0.1726333439350128,0.00304524826345251,0.002980055497745404,4,0,
clean_mse_late_post,hacssmv7,hacssmv7_sharedaction,ogbench:cube-single.occ,5,0.6777803063392639,0.6772589445114136,-0.0007681520836331248,-0.0013041675274851922,1,0,
clean_mse_late_post,hacssmv7,hacssmv7_sharedaction,__overall__,25,,,0.00018812030581853866,-0.00019686461701651407,9,0,2
clean_mse_all,hacssmv7,hacssmv7_sharedaction,dmc:reacher.hard.occ,5,0.343371719121933,0.3438998579978943,0.0015375107120976378,0.0008378309201961445,4,0,
clean_mse_all,hacssmv7,hacssmv7_sharedaction,dmc:ball_in_cup.catch.occ,5,0.7397377371788025,0.737436306476593,-0.0031337334162291645,-0.0014463336417302173,1,0,
clean_mse_all,hacssmv7,hacssmv7_sharedaction,dmc:finger.spin.occ,5,0.5076598525047302,0.5039953172206879,-0.00727936545597299,-0.009806725006593178,0,0,
clean_mse_all,hacssmv7,hacssmv7_sharedaction,dmc:cheetah.run.occ,5,0.25158150792121886,0.2528121620416641,0.004863734912065085,0.009408202131172348,4,0,
clean_mse_all,hacssmv7,hacssmv7_sharedaction,ogbench:cube-single.occ,5,0.8195524454116822,0.8184516668319702,-0.0013453524885244247,-0.0008390585838228023,2,0,
clean_mse_all,hacssmv7,hacssmv7_sharedaction,__overall__,25,,,-0.0010714411473127714,-0.0006474728874488761,11,0,2
clean_mse_pre,hacssmv7,hacssmv7_noshrink,dmc:reacher.hard.occ,5,0.23944154679775237,0.2384227216243744,-0.004276475890227605,-0.004780886484808625,0,0,
clean_mse_pre,hacssmv7,hacssmv7_noshrink,dmc:ball_in_cup.catch.occ,5,0.6120214939117432,0.6179412961006164,0.009551409101263049,0.0065142286266345745,4,0,
clean_mse_pre,hacssmv7,hacssmv7_noshrink,dmc:finger.spin.occ,5,0.3596014678478241,0.3486391544342041,-0.03145266791454288,-0.030937327049253296,0,0,
clean_mse_pre,hacssmv7,hacssmv7_noshrink,dmc:cheetah.run.occ,5,0.1493321031332016,0.14723049998283386,-0.014305457025823769,-0.01612057991365826,0,0,
clean_mse_pre,hacssmv7,hacssmv7_noshrink,ogbench:cube-single.occ,5,0.7330040693283081,0.7218240976333619,-0.015487155308412829,-0.014607835291285317,0,0,
clean_mse_pre,hacssmv7,hacssmv7_noshrink,__overall__,25,,,-0.011194069407548806,-0.013563680026498841,4,0,1
clean_mse_blackout_transition,hacssmv7,hacssmv7_noshrink,dmc:reacher.hard.occ,5,0.4170936465263367,0.41194877624511717,-0.012496624151340808,-0.012690853366402993,0,0,
clean_mse_blackout_transition,hacssmv7,hacssmv7_noshrink,dmc:ball_in_cup.catch.occ,5,0.7567189931869507,0.7882039904594421,0.03968683785053693,0.043841924153391096,5,0,
clean_mse_blackout_transition,hacssmv7,hacssmv7_noshrink,dmc:finger.spin.occ,5,0.7235350489616394,0.7140391588211059,-0.013298565048164004,-0.013674774890400502,0,0,
clean_mse_blackout_transition,hacssmv7,hacssmv7_noshrink,dmc:cheetah.run.occ,5,0.4257108807563782,0.43249077200889585,0.015451543742848888,0.011241110757607668,3,0,
clean_mse_blackout_transition,hacssmv7,hacssmv7_noshrink,ogbench:cube-single.occ,5,0.9699753522872925,0.9665178179740905,-0.003637284149630729,-0.006048395416550859,2,0,
clean_mse_blackout_transition,hacssmv7,hacssmv7_noshrink,__overall__,25,,,0.005141181648850055,-0.006147369201372868,10,0,2
clean_mse_deep_blackout,hacssmv7,hacssmv7_noshrink,dmc:reacher.hard.occ,5,0.7779529213905334,0.7775587677955628,-0.0006817633168224594,0.0016006046488782465,3,0,
clean_mse_deep_blackout,hacssmv7,hacssmv7_noshrink,dmc:ball_in_cup.catch.occ,5,1.0453264474868775,1.0848575353622436,0.03631371734063823,0.031125018727226984,5,0,
clean_mse_deep_blackout,hacssmv7,hacssmv7_noshrink,dmc:finger.spin.occ,5,1.1474830150604247,1.1425992488861083,-0.004380420054277488,-0.008190255018566519,2,0,
clean_mse_deep_blackout,hacssmv7,hacssmv7_noshrink,dmc:cheetah.run.occ,5,0.6057169795036316,0.6268716216087341,0.03417729996982652,0.0322049270776859,5,0,
clean_mse_deep_blackout,hacssmv7,hacssmv7_noshrink,ogbench:cube-single.occ,5,1.37190682888031,1.381285834312439,0.006805215320394787,0.0086982786388811,4,0,
clean_mse_deep_blackout,hacssmv7,hacssmv7_noshrink,__overall__,25,,,0.014446809851951917,0.015223414023405001,19,0,3
clean_mse_first_post,hacssmv7,hacssmv7_noshrink,dmc:reacher.hard.occ,5,0.8258150696754456,0.8294791579246521,0.004358293298423262,0.007664868817212108,3,0,
clean_mse_first_post,hacssmv7,hacssmv7_noshrink,dmc:ball_in_cup.catch.occ,5,0.9343978047370911,0.977363896369934,0.04338858144380484,0.05282962477517297,5,0,
clean_mse_first_post,hacssmv7,hacssmv7_noshrink,dmc:finger.spin.occ,5,1.1452091693878175,1.13171489238739,-0.011958278154640635,-0.0085108918370881,1,0,
clean_mse_first_post,hacssmv7,hacssmv7_noshrink,dmc:cheetah.run.occ,5,0.5540997624397278,0.5610401868820191,0.012460036721906998,0.010458912009178261,5,0,
clean_mse_first_post,hacssmv7,hacssmv7_noshrink,ogbench:cube-single.occ,5,1.3518219232559203,1.3612126588821412,0.006750400614628305,0.009815767309899127,3,0,
clean_mse_first_post,hacssmv7,hacssmv7_noshrink,__overall__,25,,,0.010999806784824553,0.007664868817212108,17,0,4
clean_mse_recovery,hacssmv7,hacssmv7_noshrink,dmc:reacher.hard.occ,5,0.25924264192581176,0.26004767417907715,0.0030932923502631445,0.002465457471947086,5,0,
clean_mse_recovery,hacssmv7,hacssmv7_noshrink,dmc:ball_in_cup.catch.occ,5,0.7736517429351807,0.7791754603385925,0.007105242439790282,0.007705269207659553,5,0,
clean_mse_recovery,hacssmv7,hacssmv7_noshrink,dmc:finger.spin.occ,5,0.37828861474990844,0.37165132761001585,-0.017854733702839916,-0.017168206340464637,0,0,
clean_mse_recovery,hacssmv7,hacssmv7_noshrink,dmc:cheetah.run.occ,5,0.18237332999706268,0.18387277126312257,0.0081373250866496,0.008930329348650923,5,0,
clean_mse_recovery,hacssmv7,hacssmv7_noshrink,ogbench:cube-single.occ,5,0.7236898899078369,0.7154664039611817,-0.011498885281679265,-0.009885535292992943,0,0,
clean_mse_recovery,hacssmv7,hacssmv7_noshrink,__overall__,25,,,-0.002203551821563231,0.0024079727514331817,15,0,3
clean_mse_late_post,hacssmv7,hacssmv7_noshrink,dmc:reacher.hard.occ,5,0.2578652918338776,0.25681187510490416,-0.004100639002077832,-0.0042520525197254095,0,0,
clean_mse_late_post,hacssmv7,hacssmv7_noshrink,dmc:ball_in_cup.catch.occ,5,0.7138774514198303,0.7169472217559815,0.00427950521520543,0.0053788342670937,4,0,
clean_mse_late_post,hacssmv7,hacssmv7_noshrink,dmc:finger.spin.occ,5,0.3607757091522217,0.34999662041664126,-0.030801866301411785,-0.030762969839114456,0,0,
clean_mse_late_post,hacssmv7,hacssmv7_noshrink,dmc:cheetah.run.occ,5,0.17210837602615356,0.17047106623649597,-0.009612198746673333,-0.00896473082364607,0,0,
clean_mse_late_post,hacssmv7,hacssmv7_noshrink,ogbench:cube-single.occ,5,0.6777803063392639,0.6657606840133667,-0.018052815776359376,-0.01783698049242722,0,0,
clean_mse_late_post,hacssmv7,hacssmv7_noshrink,__overall__,25,,,-0.011657602922263378,-0.00896473082364607,4,0,1
clean_mse_all,hacssmv7,hacssmv7_noshrink,dmc:reacher.hard.occ,5,0.343371719121933,0.3422624409198761,-0.003251859306736493,-0.0024283029235175153,1,0,
clean_mse_all,hacssmv7,hacssmv7_noshrink,dmc:ball_in_cup.catch.occ,5,0.7397377371788025,0.7517518281936646,0.01598025291910374,0.015336245834570786,5,0,
clean_mse_all,hacssmv7,hacssmv7_noshrink,dmc:finger.spin.occ,5,0.5076598525047302,0.4977711498737335,-0.019872808310026198,-0.020092359205636397,0,0,
clean_mse_all,hacssmv7,hacssmv7_noshrink,dmc:cheetah.run.occ,5,0.25158150792121886,0.2535727769136429,0.007884848985731692,0.0058316693100461834,3,0,
clean_mse_all,hacssmv7,hacssmv7_noshrink,ogbench:cube-single.occ,5,0.8195524454116822,0.811834967136383,-0.009505651258302564,-0.00811757678375974,0,0,
clean_mse_all,hacssmv7,hacssmv7_noshrink,__overall__,25,,,-0.0017530433940459642,-0.0024283029235175153,9,0,2
clean_mse_pre,hacssmv7,hacssmv7_actiononly,dmc:reacher.hard.occ,5,0.23944154679775237,0.2394053518772125,-0.00015158076683226477,-0.0001819997356005206,2,0,
clean_mse_pre,hacssmv7,hacssmv7_actiononly,dmc:ball_in_cup.catch.occ,5,0.6120214939117432,0.6133374571800232,0.0021265756726665673,-0.0022591590891579286,2,0,
clean_mse_pre,hacssmv7,hacssmv7_actiononly,dmc:finger.spin.occ,5,0.3596014678478241,0.3594295382499695,-0.00048365455496517687,-0.0004134057376721014,2,0,
clean_mse_pre,hacssmv7,hacssmv7_actiononly,dmc:cheetah.run.occ,5,0.1493321031332016,0.14937176704406738,0.00026497068860258186,0.0019387557157819445,3,0,
clean_mse_pre,hacssmv7,hacssmv7_actiononly,ogbench:cube-single.occ,5,0.7330040693283081,0.7328314781188965,-0.0002349418174705707,-4.339137585455665e-05,2,0,
clean_mse_pre,hacssmv7,hacssmv7_actiononly,__overall__,25,,,0.0003042738444002274,-0.00017187964284893484,11,0,2
clean_mse_blackout_transition,hacssmv7,hacssmv7_actiononly,dmc:reacher.hard.occ,5,0.4170936465263367,0.41832599639892576,0.002939946063745618,0.0026543832193912094,5,0,
clean_mse_blackout_transition,hacssmv7,hacssmv7_actiononly,dmc:ball_in_cup.catch.occ,5,0.7567189931869507,0.7564315915107727,-0.000561018007892308,-0.002094321921489439,2,0,
clean_mse_blackout_transition,hacssmv7,hacssmv7_actiononly,dmc:finger.spin.occ,5,0.7235350489616394,0.7162376761436462,-0.010055287160610611,-0.013385634742860713,1,0,
clean_mse_blackout_transition,hacssmv7,hacssmv7_actiononly,dmc:cheetah.run.occ,5,0.4257108807563782,0.4309691548347473,0.012664423365136283,0.01468668473973203,3,0,
clean_mse_blackout_transition,hacssmv7,hacssmv7_actiononly,ogbench:cube-single.occ,5,0.9699753522872925,0.9685584425926208,-0.0014553325654711583,-0.0015961219384883457,2,0,
clean_mse_blackout_transition,hacssmv7,hacssmv7_actiononly,__overall__,25,,,0.0007065463389815645,0.0006284859253255177,13,0,2
clean_mse_deep_blackout,hacssmv7,hacssmv7_actiononly,dmc:reacher.hard.occ,5,0.7779529213905334,0.7816230416297912,0.004696752782375776,0.004920949486874663,5,0,
clean_mse_deep_blackout,hacssmv7,hacssmv7_actiononly,dmc:ball_in_cup.catch.occ,5,1.0453264474868775,1.0598233461380004,0.012914429746109202,0.02617622126548633,4,0,
clean_mse_deep_blackout,hacssmv7,hacssmv7_actiononly,dmc:finger.spin.occ,5,1.1474830150604247,1.1467957973480225,-0.0006259112023966005,-0.0034721802779946404,2,0,
clean_mse_deep_blackout,hacssmv7,hacssmv7_actiononly,dmc:cheetah.run.occ,5,0.6057169795036316,0.6082642078399658,0.004843799802961894,-0.0005496014299547049,2,0,
clean_mse_deep_blackout,hacssmv7,hacssmv7_actiononly,ogbench:cube-single.occ,5,1.37190682888031,1.3698038816452027,-0.0015214289651288308,0.006708258893112911,3,0,
clean_mse_deep_blackout,hacssmv7,hacssmv7_actiononly,__overall__,25,,,0.0040615284327842885,0.004920949486874663,16,0,3
clean_mse_first_post,hacssmv7,hacssmv7_actiononly,dmc:reacher.hard.occ,5,0.8258150696754456,0.8274810791015625,0.0020141617897799996,0.001873316243011928,5,0,
clean_mse_first_post,hacssmv7,hacssmv7_actiononly,dmc:ball_in_cup.catch.occ,5,0.9343978047370911,0.9442235827445984,0.010224111268511369,0.015999653113199536,4,0,
clean_mse_first_post,hacssmv7,hacssmv7_actiononly,dmc:finger.spin.occ,5,1.1452091693878175,1.1488754272460937,0.0032283848101041074,0.0021540031949047484,4,0,
clean_mse_first_post,hacssmv7,hacssmv7_actiononly,dmc:cheetah.run.occ,5,0.5540997624397278,0.5534544587135315,-0.0020487781275769926,0.0004411779461952799,3,0,
clean_mse_first_post,hacssmv7,hacssmv7_actiononly,ogbench:cube-single.occ,5,1.3518219232559203,1.3465669870376586,-0.003919414451982649,-0.0015082824183771703,2,0,
clean_mse_first_post,hacssmv7,hacssmv7_actiononly,__overall__,25,,,0.0018996930577671667,0.0021540031949047484,18,0,3
clean_mse_recovery,hacssmv7,hacssmv7_actiononly,dmc:reacher.hard.occ,5,0.25924264192581176,0.25937305092811586,0.000504864608334805,0.0003491651984992743,3,0,
clean_mse_recovery,hacssmv7,hacssmv7_actiononly,dmc:ball_in_cup.catch.occ,5,0.7736517429351807,0.7716915607452393,-0.0025631677568763627,-0.00454107886967498,2,0,
clean_mse_recovery,hacssmv7,hacssmv7_actiononly,dmc:finger.spin.occ,5,0.37828861474990844,0.3778426229953766,-0.0011793999514028031,-0.0015483974493892656,1,0,
clean_mse_recovery,hacssmv7,hacssmv7_actiononly,dmc:cheetah.run.occ,5,0.18237332999706268,0.1827747941017151,0.0021800830610090283,-0.0001866804508086511,2,0,
clean_mse_recovery,hacssmv7,hacssmv7_actiononly,ogbench:cube-single.occ,5,0.7236898899078369,0.7237232804298401,4.51783156775798e-05,-0.00016710839644032798,2,0,
clean_mse_recovery,hacssmv7,hacssmv7_actiononly,__overall__,25,,,-0.00020248834465155053,-0.00020506660413954224,10,0,3
clean_mse_late_post,hacssmv7,hacssmv7_actiononly,dmc:reacher.hard.occ,5,0.2578652918338776,0.25780385732650757,-0.00023970375057210367,-0.00022573646666139449,2,0,
clean_mse_late_post,hacssmv7,hacssmv7_actiononly,dmc:ball_in_cup.catch.occ,5,0.7138774514198303,0.7140961408615112,0.00030810225983486097,0.0006204245784783397,4,0,
clean_mse_late_post,hacssmv7,hacssmv7_actiononly,dmc:finger.spin.occ,5,0.3607757091522217,0.3606601059436798,-0.0003232642918418535,-0.0005523213058993713,2,0,
clean_mse_late_post,hacssmv7,hacssmv7_actiononly,dmc:cheetah.run.occ,5,0.17210837602615356,0.17198558747768403,-0.000714415552895359,-0.0007324413540680696,2,0,
clean_mse_late_post,hacssmv7,hacssmv7_actiononly,ogbench:cube-single.occ,5,0.6777803063392639,0.6776095151901245,-0.00025141698322232064,-8.45214981703246e-05,2,0,
clean_mse_late_post,hacssmv7,hacssmv7_actiononly,__overall__,25,,,-0.0002441396637393552,-8.45214981703246e-05,12,0,1
clean_mse_all,hacssmv7,hacssmv7_actiononly,dmc:reacher.hard.occ,5,0.343371719121933,0.3439089894294739,0.0015633936223836396,0.0015013979127033268,5,0,
clean_mse_all,hacssmv7,hacssmv7_actiononly,dmc:ball_in_cup.catch.occ,5,0.7397377371788025,0.7418270468711853,0.002795076597210041,0.006322353384216318,4,0,
clean_mse_all,hacssmv7,hacssmv7_actiononly,dmc:finger.spin.occ,5,0.5076598525047302,0.506836187839508,-0.001628367095397722,-0.0018137690945051568,1,0,
clean_mse_all,hacssmv7,hacssmv7_actiononly,dmc:cheetah.run.occ,5,0.25158150792121886,0.2523489475250244,0.0031392713657766207,0.0031383064456344933,3,0,
clean_mse_all,hacssmv7,hacssmv7_actiononly,ogbench:cube-single.occ,5,0.8195524454116822,0.8188912034034729,-0.000807558754209946,-0.0001935877804083069,2,0,
clean_mse_all,hacssmv7,hacssmv7_actiononly,__overall__,25,,,0.0010123631471525266,0.0013515469061662227,15,0,3
clean_mse_pre,hacssmv7,hacssmv7_uniform,dmc:reacher.hard.occ,5,0.23944154679775237,0.2394858032464981,0.00018487248890475757,0.0001730865531493817,4,0,
clean_mse_pre,hacssmv7,hacssmv7_uniform,dmc:ball_in_cup.catch.occ,5,0.6120214939117432,0.612441623210907,0.0006160794340110249,-0.0008923116857619492,2,0,
clean_mse_pre,hacssmv7,hacssmv7_uniform,dmc:finger.spin.occ,5,0.3596014678478241,0.35934584140777587,-0.0007124868004478573,-0.00041764583266229064,0,0,
clean_mse_pre,hacssmv7,hacssmv7_uniform,dmc:cheetah.run.occ,5,0.1493321031332016,0.14966911673545838,0.0022552593798042665,0.0028120211936967657,4,0,
clean_mse_pre,hacssmv7,hacssmv7_uniform,ogbench:cube-single.occ,5,0.7330040693283081,0.7326871395111084,-0.0004321367920979278,-0.00022055886461951432,1,0,
clean_mse_pre,hacssmv7,hacssmv7_uniform,__overall__,25,,,0.0003823175420348528,-2.2445144314851244e-05,11,0,3
clean_mse_blackout_transition,hacssmv7,hacssmv7_uniform,dmc:reacher.hard.occ,5,0.4170936465263367,0.4174808144569397,0.0009454790748209793,0.0014428866863212132,4,0,
clean_mse_blackout_transition,hacssmv7,hacssmv7_uniform,dmc:ball_in_cup.catch.occ,5,0.7567189931869507,0.7590225815773011,0.002994643762893024,0.004580248293199527,3,0,
clean_mse_blackout_transition,hacssmv7,hacssmv7_uniform,dmc:finger.spin.occ,5,0.7235350489616394,0.718825352191925,-0.006563068257501737,-0.009449924983311172,1,0,
clean_mse_blackout_transition,hacssmv7,hacssmv7_uniform,dmc:cheetah.run.occ,5,0.4257108807563782,0.4289524912834167,0.008070314028652992,0.0028943592775166633,3,0,
clean_mse_blackout_transition,hacssmv7,hacssmv7_uniform,ogbench:cube-single.occ,5,0.9699753522872925,0.9699350118637085,-4.443148332374678e-05,0.0006792274254831805,4,0,
clean_mse_blackout_transition,hacssmv7,hacssmv7_uniform,__overall__,25,,,0.0010805874251083021,0.0007224558754626405,15,0,3
clean_mse_deep_blackout,hacssmv7,hacssmv7_uniform,dmc:reacher.hard.occ,5,0.7779529213905334,0.780273699760437,0.002973499400064832,0.0024552486538858623,4,0,
clean_mse_deep_blackout,hacssmv7,hacssmv7_uniform,dmc:ball_in_cup.catch.occ,5,1.0453264474868775,1.0477517604827882,0.002294349536463525,-0.0011238728731020058,2,0,
clean_mse_deep_blackout,hacssmv7,hacssmv7_uniform,dmc:finger.spin.occ,5,1.1474830150604247,1.1395264148712159,-0.0070331030652069,-0.009537812310815841,1,0,
clean_mse_deep_blackout,hacssmv7,hacssmv7_uniform,dmc:cheetah.run.occ,5,0.6057169795036316,0.6126154780387878,0.012013445591216362,0.006457903817519984,4,0,
clean_mse_deep_blackout,hacssmv7,hacssmv7_uniform,ogbench:cube-single.occ,5,1.37190682888031,1.370721960067749,-0.0008815343444290351,0.007987700263025546,3,0,
clean_mse_deep_blackout,hacssmv7,hacssmv7_uniform,__overall__,25,,,0.0018733314236217566,0.0024552486538858623,14,0,3
clean_mse_first_post,hacssmv7,hacssmv7_uniform,dmc:reacher.hard.occ,5,0.8258150696754456,0.826456093788147,0.0007617773461256045,0.0011674725861543088,3,0,
clean_mse_first_post,hacssmv7,hacssmv7_uniform,dmc:ball_in_cup.catch.occ,5,0.9343978047370911,0.9393751382827759,0.004918642670792396,0.006661956612601655,4,0,
clean_mse_first_post,hacssmv7,hacssmv7_uniform,dmc:finger.spin.occ,5,1.1452091693878175,1.1483026504516602,0.0026126827205294875,0.0008268232037138617,3,0,
clean_mse_first_post,hacssmv7,hacssmv7_uniform,dmc:cheetah.run.occ,5,0.5540997624397278,0.5602586746215821,0.01100440631891436,0.015035928752105096,5,0,
clean_mse_first_post,hacssmv7,hacssmv7_uniform,ogbench:cube-single.occ,5,1.3518219232559203,1.3477153778076172,-0.0031144123031251534,0.0006857101691861233,3,0,
clean_mse_first_post,hacssmv7,hacssmv7_uniform,__overall__,25,,,0.003236619350647339,0.003310796024913251,18,0,4
clean_mse_recovery,hacssmv7,hacssmv7_uniform,dmc:reacher.hard.occ,5,0.25924264192581176,0.2593234062194824,0.0003133193494482936,0.00016126247173484296,4,0,
clean_mse_recovery,hacssmv7,hacssmv7_uniform,dmc:ball_in_cup.catch.occ,5,0.7736517429351807,0.7700499653816223,-0.004705734591208014,-0.0017108672655210607,1,0,
clean_mse_recovery,hacssmv7,hacssmv7_uniform,dmc:finger.spin.occ,5,0.37828861474990844,0.37769373655319216,-0.001565388763009647,-0.0015277325289746924,1,0,
clean_mse_recovery,hacssmv7,hacssmv7_uniform,dmc:cheetah.run.occ,5,0.18237332999706268,0.18214091658592224,-0.0012453842923549673,-0.0016787280803762044,2,0,
clean_mse_recovery,hacssmv7,hacssmv7_uniform,ogbench:cube-single.occ,5,0.7236898899078369,0.7237324833869934,5.79418602547834e-05,9.405572744198566e-05,3,0,
clean_mse_recovery,hacssmv7,hacssmv7_uniform,__overall__,25,,,-0.0014290492873739102,-0.00042613994495115624,11,0,2
clean_mse_late_post,hacssmv7,hacssmv7_uniform,dmc:reacher.hard.occ,5,0.2578652918338776,0.2578616738319397,-1.540968171596029e-05,2.5335528772062926e-06,3,0,
clean_mse_late_post,hacssmv7,hacssmv7_uniform,dmc:ball_in_cup.catch.occ,5,0.7138774514198303,0.7150205254554749,0.0015963341301497601,0.0014369193485921313,3,0,
clean_mse_late_post,hacssmv7,hacssmv7_uniform,dmc:finger.spin.occ,5,0.3607757091522217,0.36038053035736084,-0.0010971851996577145,-0.0005668988038185504,1,0,
clean_mse_late_post,hacssmv7,hacssmv7_uniform,dmc:cheetah.run.occ,5,0.17210837602615356,0.17256627678871156,0.0026556027182592697,0.004205910145901442,4,0,
clean_mse_late_post,hacssmv7,hacssmv7_uniform,ogbench:cube-single.occ,5,0.6777803063392639,0.6778066992759705,4.024753792328798e-05,0.00028996775611193687,3,0,
clean_mse_late_post,hacssmv7,hacssmv7_uniform,__overall__,25,,,0.0006359179009917285,0.0001931273493305998,14,0,3
clean_mse_all,hacssmv7,hacssmv7_uniform,dmc:reacher.hard.occ,5,0.343371719121933,0.3436885833740234,0.0009222834460166729,0.0009051997077127329,5,0,
clean_mse_all,hacssmv7,hacssmv7_uniform,dmc:ball_in_cup.catch.occ,5,0.7397377371788025,0.7407640099525452,0.0013618419948341878,-0.0001385205871979823,2,0,
clean_mse_all,hacssmv7,hacssmv7_uniform,dmc:finger.spin.occ,5,0.5076598525047302,0.5061763286590576,-0.0029319351953871102,-0.0034339300885041007,1,0,
clean_mse_all,hacssmv7,hacssmv7_uniform,dmc:cheetah.run.occ,5,0.25158150792121886,0.2531134426593781,0.006189444336026455,0.0023285151973276145,5,0,
clean_mse_all,hacssmv7,hacssmv7_uniform,ogbench:cube-single.occ,5,0.8195524454116822,0.8192224144935608,-0.00040296224541938694,0.001148442437177089,3,0,
clean_mse_all,hacssmv7,hacssmv7_uniform,__overall__,25,,,0.0010277344672141636,0.0009051997077127329,16,0,3
clean_mse_pre,hacssmv7,hacssmv7_norecovery,dmc:reacher.hard.occ,5,0.23944154679775237,0.23943376541137695,-3.2532684227238154e-05,-0.00016433144947026703,2,0,
clean_mse_pre,hacssmv7,hacssmv7_norecovery,dmc:ball_in_cup.catch.occ,5,0.6120214939117432,0.6118220448493957,-0.00032037296196227327,-0.0005506041232692279,2,0,
clean_mse_pre,hacssmv7,hacssmv7_norecovery,dmc:finger.spin.occ,5,0.3596014678478241,0.3595489501953125,-0.00014871790711674568,-0.00018223087231970822,2,0,
clean_mse_pre,hacssmv7,hacssmv7_norecovery,dmc:cheetah.run.occ,5,0.1493321031332016,0.14978208243846894,0.0029953670632096242,0.0021889854061640725,5,0,
clean_mse_pre,hacssmv7,hacssmv7_norecovery,ogbench:cube-single.occ,5,0.7330040693283081,0.7331001996994019,0.000131118568051094,0.00015601783181978384,3,0,
clean_mse_pre,hacssmv7,hacssmv7_norecovery,__overall__,25,,,0.0005249724155908923,0.00026491413931348137,14,0,2
clean_mse_blackout_transition,hacssmv7,hacssmv7_norecovery,dmc:reacher.hard.occ,5,0.4170936465263367,0.4179511904716492,0.0020467684588187135,0.0019916327828270993,5,0,
clean_mse_blackout_transition,hacssmv7,hacssmv7_norecovery,dmc:ball_in_cup.catch.occ,5,0.7567189931869507,0.7583029866218567,0.00209816971678602,0.004884465870869608,3,0,
clean_mse_blackout_transition,hacssmv7,hacssmv7_norecovery,dmc:finger.spin.occ,5,0.7235350489616394,0.7153069376945496,-0.011416536622039949,-0.011779469638580719,1,0,
clean_mse_blackout_transition,hacssmv7,hacssmv7_norecovery,dmc:cheetah.run.occ,5,0.4257108807563782,0.43372111320495604,0.01834197867178466,0.02721461864113331,4,0,
clean_mse_blackout_transition,hacssmv7,hacssmv7_norecovery,ogbench:cube-single.occ,5,0.9699753522872925,0.9677260041236877,-0.002339170546059089,-0.0024919758647374882,2,0,
clean_mse_blackout_transition,hacssmv7,hacssmv7_norecovery,__overall__,25,,,0.0017462419358580713,0.0014498663145943152,15,0,3
clean_mse_deep_blackout,hacssmv7,hacssmv7_norecovery,dmc:reacher.hard.occ,5,0.7779529213905334,0.7808186411857605,0.003680954968079553,0.004394076017222908,5,0,
clean_mse_deep_blackout,hacssmv7,hacssmv7_norecovery,dmc:ball_in_cup.catch.occ,5,1.0453264474868775,1.0414467096328734,-0.003815742169833017,-0.0019993335173353606,1,0,
clean_mse_deep_blackout,hacssmv7,hacssmv7_norecovery,dmc:finger.spin.occ,5,1.1474830150604247,1.1390290260314941,-0.007528663406629091,-0.006394746197889439,1,0,
clean_mse_deep_blackout,hacssmv7,hacssmv7_norecovery,dmc:cheetah.run.occ,5,0.6057169795036316,0.6112593531608581,0.00914931033949719,0.017951286850365223,3,0,
clean_mse_deep_blackout,hacssmv7,hacssmv7_norecovery,ogbench:cube-single.occ,5,1.37190682888031,1.366454577445984,-0.004103362613159577,0.005263584568822438,3,0,
clean_mse_deep_blackout,hacssmv7,hacssmv7_norecovery,__overall__,25,,,-0.0005235005764089883,0.002029525612593918,13,0,2
clean_mse_first_post,hacssmv7,hacssmv7_norecovery,dmc:reacher.hard.occ,5,0.8258150696754456,0.8270128250122071,0.0014549070917905908,0.001893134791372213,4,0,
clean_mse_first_post,hacssmv7,hacssmv7_norecovery,dmc:ball_in_cup.catch.occ,5,0.9343978047370911,0.9293771982192993,-0.00546569399234159,-0.005900105182969854,2,0,
clean_mse_first_post,hacssmv7,hacssmv7_norecovery,dmc:finger.spin.occ,5,1.1452091693878175,1.1403366565704345,-0.004242064795253465,-0.005793095706698055,2,0,
clean_mse_first_post,hacssmv7,hacssmv7_norecovery,dmc:cheetah.run.occ,5,0.5540997624397278,0.5600851774215698,0.010324240201414463,-0.0015606963523804975,2,0,
clean_mse_first_post,hacssmv7,hacssmv7_norecovery,ogbench:cube-single.occ,5,1.3518219232559203,1.3450101137161254,-0.00507991196972008,-0.0018054707192870214,2,0,
clean_mse_first_post,hacssmv7,hacssmv7_norecovery,__overall__,25,,,-0.000601704692822016,-0.0006346273870927817,12,0,2
clean_mse_recovery,hacssmv7,hacssmv7_norecovery,dmc:reacher.hard.occ,5,0.25924264192581176,0.2593651652336121,0.0004744129123919884,0.0005922956842270016,4,0,
clean_mse_recovery,hacssmv7,hacssmv7_norecovery,dmc:ball_in_cup.catch.occ,5,0.7736517429351807,0.7753255605697632,0.0021149861901848125,0.0013876077858585515,3,0,
clean_mse_recovery,hacssmv7,hacssmv7_norecovery,dmc:finger.spin.occ,5,0.37828861474990844,0.3784129500389099,0.0003288040764077381,0.00012576971988053075,3,0,
clean_mse_recovery,hacssmv7,hacssmv7_norecovery,dmc:cheetah.run.occ,5,0.18237332999706268,0.1818321317434311,-0.0029395955318647286,-0.004460209946251955,2,0,
clean_mse_recovery,hacssmv7,hacssmv7_norecovery,ogbench:cube-single.occ,5,0.7236898899078369,0.72417711019516,0.0006672421150522042,0.0003570213484933469,3,0,
clean_mse_recovery,hacssmv7,hacssmv7_norecovery,__overall__,25,,,0.00012916995243440293,0.0003446761172100757,15,0,4
clean_mse_late_post,hacssmv7,hacssmv7_norecovery,dmc:reacher.hard.occ,5,0.2578652918338776,0.2577857613563538,-0.00031018157121512254,2.762010660900816e-05,3,0,
clean_mse_late_post,hacssmv7,hacssmv7_norecovery,dmc:ball_in_cup.catch.occ,5,0.7138774514198303,0.71448255777359,0.0008304465766551597,0.0015161018978757934,3,0,
clean_mse_late_post,hacssmv7,hacssmv7_norecovery,dmc:finger.spin.occ,5,0.3607757091522217,0.36089069247245786,0.00031920180273661977,0.0005301181226265325,4,0,
clean_mse_late_post,hacssmv7,hacssmv7_norecovery,dmc:cheetah.run.occ,5,0.17210837602615356,0.17232657074928284,0.001254274069712615,0.0006934007508683589,3,0,
clean_mse_late_post,hacssmv7,hacssmv7_norecovery,ogbench:cube-single.occ,5,0.6777803063392639,0.6781980991363525,0.0006165029586350198,0.0008008973584434902,4,0,
clean_mse_late_post,hacssmv7,hacssmv7_norecovery,__overall__,25,,,0.0005420487673048584,0.0003353121016962476,17,0,4
clean_mse_all,hacssmv7,hacssmv7_norecovery,dmc:reacher.hard.occ,5,0.343371719121933,0.3437691152095795,0.0011578006441308214,0.0011686510960967295,5,0,
clean_mse_all,hacssmv7,hacssmv7_norecovery,dmc:ball_in_cup.catch.occ,5,0.7397377371788025,0.7396657228469848,-9.589595279913367e-05,-0.00025598611030843213,2,0,
clean_mse_all,hacssmv7,hacssmv7_norecovery,dmc:finger.spin.occ,5,0.5076598525047302,0.5058135271072388,-0.0036615417487045163,-0.004573293977857246,1,0,
clean_mse_all,hacssmv7,hacssmv7_norecovery,dmc:cheetah.run.occ,5,0.25158150792121886,0.2533590018749237,0.007023942546947477,0.011306461897583914,4,0,
clean_mse_all,hacssmv7,hacssmv7_norecovery,ogbench:cube-single.occ,5,0.8195524454116822,0.8187648892402649,-0.0009694139219017995,-0.0006306152369102496,2,0,
clean_mse_all,hacssmv7,hacssmv7_norecovery,__overall__,25,,,0.0006909783135345697,0.0006600177893206735,14,0,2
clean_mse_pre,hacssmv7,hacssmv7_noaction,dmc:reacher.hard.occ,5,0.23944154679775237,0.24051295220851898,0.004454152748267157,0.004789076721433901,5,0,
clean_mse_pre,hacssmv7,hacssmv7_noaction,dmc:ball_in_cup.catch.occ,5,0.6120214939117432,0.6121171116828918,0.00015286131694483272,-0.0012996945814437073,2,0,
clean_mse_pre,hacssmv7,hacssmv7_noaction,dmc:finger.spin.occ,5,0.3596014678478241,0.3646009683609009,0.013703627294265318,0.013807825939417415,5,0,
clean_mse_pre,hacssmv7,hacssmv7_noaction,dmc:cheetah.run.occ,5,0.1493321031332016,0.15342550873756408,0.026655604588602253,0.028826680856402605,5,0,
clean_mse_pre,hacssmv7,hacssmv7_noaction,ogbench:cube-single.occ,5,0.7330040693283081,0.7419661164283753,0.012078364349899878,0.012037523507887326,5,0,
clean_mse_pre,hacssmv7,hacssmv7_noaction,__overall__,25,,,0.011408922059595887,0.011724408540696658,22,0,5
clean_mse_blackout_transition,hacssmv7,hacssmv7_noaction,dmc:reacher.hard.occ,5,0.4170936465263367,0.4244817554950714,0.017343830930901142,0.01943205659503525,5,0,
clean_mse_blackout_transition,hacssmv7,hacssmv7_noaction,dmc:ball_in_cup.catch.occ,5,0.7567189931869507,0.7809260845184326,0.030044215773412517,0.011649000151366749,5,0,
clean_mse_blackout_transition,hacssmv7,hacssmv7_noaction,dmc:finger.spin.occ,5,0.7235350489616394,0.7864531874656677,0.07978689124341552,0.07259387255901682,5,0,
clean_mse_blackout_transition,hacssmv7,hacssmv7_noaction,dmc:cheetah.run.occ,5,0.4257108807563782,0.46195484399795533,0.07898245704954157,0.07529500706977664,5,0,
clean_mse_blackout_transition,hacssmv7,hacssmv7_noaction,ogbench:cube-single.occ,5,0.9699753522872925,1.0099372744560242,0.0394757118795615,0.04180744319073653,5,0,
clean_mse_blackout_transition,hacssmv7,hacssmv7_noaction,__overall__,25,,,0.04912662137536645,0.04366985831834038,25,0,5
clean_mse_deep_blackout,hacssmv7,hacssmv7_noaction,dmc:reacher.hard.occ,5,0.7779529213905334,0.7973208785057068,0.024268822275145593,0.021793696947627048,5,0,
clean_mse_deep_blackout,hacssmv7,hacssmv7_noaction,dmc:ball_in_cup.catch.occ,5,1.0453264474868775,1.0843648195266724,0.03596656621024028,0.039960377998392325,5,0,
clean_mse_deep_blackout,hacssmv7,hacssmv7_noaction,dmc:finger.spin.occ,5,1.1474830150604247,1.3101025104522706,0.12358633970885151,0.1282844609043391,5,0,
clean_mse_deep_blackout,hacssmv7,hacssmv7_noaction,dmc:cheetah.run.occ,5,0.6057169795036316,0.7793514847755432,0.22219769049894153,0.22343046770714395,5,0,
clean_mse_deep_blackout,hacssmv7,hacssmv7_noaction,ogbench:cube-single.occ,5,1.37190682888031,1.6066844463348389,0.14599594603057697,0.14690628062201622,5,0,
clean_mse_deep_blackout,hacssmv7,hacssmv7_noaction,__overall__,25,,,0.11040307294475117,0.11837668550189968,25,0,5
clean_mse_first_post,hacssmv7,hacssmv7_noaction,dmc:reacher.hard.occ,5,0.8258150696754456,0.8277790188789368,0.0023299147633579777,0.0011709513593778974,3,0,
clean_mse_first_post,hacssmv7,hacssmv7_noaction,dmc:ball_in_cup.catch.occ,5,0.9343978047370911,1.0861770868301392,0.13880262368729918,0.1490247779829383,5,0,
clean_mse_first_post,hacssmv7,hacssmv7_noaction,dmc:finger.spin.occ,5,1.1452091693878175,1.3313849925994874,0.13974203311056044,0.13860483724018396,5,0,
clean_mse_first_post,hacssmv7,hacssmv7_noaction,dmc:cheetah.run.occ,5,0.5540997624397278,0.7777333498001099,0.287393433076331,0.2768022022224298,5,0,
clean_mse_first_post,hacssmv7,hacssmv7_noaction,ogbench:cube-single.occ,5,1.3518219232559203,1.6451925754547119,0.17826448505171244,0.1790387475934268,5,0,
clean_mse_first_post,hacssmv7,hacssmv7_noaction,__overall__,25,,,0.1493064979378522,0.16669564535939316,23,0,5
clean_mse_recovery,hacssmv7,hacssmv7_noaction,dmc:reacher.hard.occ,5,0.25924264192581176,0.25955238938331604,0.0011708709258621856,-0.0004811489473731991,2,0,
clean_mse_recovery,hacssmv7,hacssmv7_noaction,dmc:ball_in_cup.catch.occ,5,0.7736517429351807,0.7773485898971557,0.004735294650327946,0.0056457219627061685,4,0,
clean_mse_recovery,hacssmv7,hacssmv7_noaction,dmc:finger.spin.occ,5,0.37828861474990844,0.3844440639019012,0.01598185031618041,0.01658024604218403,5,0,
clean_mse_recovery,hacssmv7,hacssmv7_noaction,dmc:cheetah.run.occ,5,0.18237332999706268,0.19201677441596984,0.049952790236366236,0.049990315465984925,5,0,
clean_mse_recovery,hacssmv7,hacssmv7_noaction,ogbench:cube-single.occ,5,0.7236898899078369,0.7393479585647583,0.021176426928033815,0.02120778404714507,5,0,
clean_mse_recovery,hacssmv7,hacssmv7_noaction,__overall__,25,,,0.01860344661135412,0.01544809886185904,21,0,5
clean_mse_late_post,hacssmv7,hacssmv7_noaction,dmc:reacher.hard.occ,5,0.2578652918338776,0.2590440034866333,0.004550551067901399,0.00412656437591031,5,0,
clean_mse_late_post,hacssmv7,hacssmv7_noaction,dmc:ball_in_cup.catch.occ,5,0.7138774514198303,0.7180674552917481,0.005785116285533025,0.007319418594564307,3,0,
clean_mse_late_post,hacssmv7,hacssmv7_noaction,dmc:finger.spin.occ,5,0.3607757091522217,0.3660542547702789,0.014411589828863317,0.015161699380280865,5,0,
clean_mse_late_post,hacssmv7,hacssmv7_noaction,dmc:cheetah.run.occ,5,0.17210837602615356,0.1764668643474579,0.024685784941474515,0.02263582207291447,5,0,
clean_mse_late_post,hacssmv7,hacssmv7_noaction,ogbench:cube-single.occ,5,0.6777803063392639,0.6866851449012756,0.012968291367550287,0.012915548226438082,5,0,
clean_mse_late_post,hacssmv7,hacssmv7_noaction,__overall__,25,,,0.012480266698264509,0.012915548226438082,23,0,5
clean_mse_all,hacssmv7,hacssmv7_noaction,dmc:reacher.hard.occ,5,0.343371719121933,0.34701568484306333,0.010495693457244168,0.010608885418660962,5,0,
clean_mse_all,hacssmv7,hacssmv7_noaction,dmc:ball_in_cup.catch.occ,5,0.7397377371788025,0.7536704778671265,0.018446117580672886,0.01670737614609189,5,0,
clean_mse_all,hacssmv7,hacssmv7_noaction,dmc:finger.spin.occ,5,0.5076598525047302,0.5414087057113648,0.06228732868350856,0.05914116405337825,5,0,
clean_mse_all,hacssmv7,hacssmv7_noaction,dmc:cheetah.run.occ,5,0.25158150792121886,0.28461148738861086,0.1160290652200916,0.11396636013902835,5,0,
clean_mse_all,hacssmv7,hacssmv7_noaction,ogbench:cube-single.occ,5,0.8195524454116822,0.8653249025344849,0.052885696365618226,0.050343620396912606,5,0,
clean_mse_all,hacssmv7,hacssmv7_noaction,__overall__,25,,,0.052028780261427085,0.050343620396912606,25,0,5
clean_mse_pre,hacssmv7,hacssmv7_single,dmc:reacher.hard.occ,5,0.23944154679775237,0.24379132091999053,0.017841454559698662,0.017861478233277113,5,0,
clean_mse_pre,hacssmv7,hacssmv7_single,dmc:ball_in_cup.catch.occ,5,0.6120214939117432,0.6144363760948182,0.0039043734672807155,-0.0013076515250948753,2,0,
clean_mse_pre,hacssmv7,hacssmv7_single,dmc:finger.spin.occ,5,0.3596014678478241,0.3632379710674286,0.00999717674854151,0.009770082118139945,5,0,
clean_mse_pre,hacssmv7,hacssmv7_single,dmc:cheetah.run.occ,5,0.1493321031332016,0.15211325585842134,0.018278174678000438,0.017588333532547726,5,0,
clean_mse_pre,hacssmv7,hacssmv7_single,ogbench:cube-single.occ,5,0.7330040693283081,0.7436524868011475,0.014317913521158545,0.014807593288377005,5,0,
clean_mse_pre,hacssmv7,hacssmv7_single,__overall__,25,,,0.012867818594935973,0.014807593288377005,22,0,5
clean_mse_blackout_transition,hacssmv7,hacssmv7_single,dmc:reacher.hard.occ,5,0.4170936465263367,0.4428277015686035,0.05789870560202889,0.05468470794223839,5,0,
clean_mse_blackout_transition,hacssmv7,hacssmv7_single,dmc:ball_in_cup.catch.occ,5,0.7567189931869507,0.777878212928772,0.027237456398315197,0.03261421614104537,4,0,
clean_mse_blackout_transition,hacssmv7,hacssmv7_single,dmc:finger.spin.occ,5,0.7235350489616394,0.745345163345337,0.028937353656333913,0.03369572305057432,4,0,
clean_mse_blackout_transition,hacssmv7,hacssmv7_single,dmc:cheetah.run.occ,5,0.4257108807563782,0.4392378866672516,0.03049038099230364,0.02586911114994168,5,0,
clean_mse_blackout_transition,hacssmv7,hacssmv7_single,ogbench:cube-single.occ,5,0.9699753522872925,1.0107773423194886,0.040286370056899626,0.04592592094542844,5,0,
clean_mse_blackout_transition,hacssmv7,hacssmv7_single,__overall__,25,,,0.03697005334117625,0.035976916904840374,23,0,5
clean_mse_deep_blackout,hacssmv7,hacssmv7_single,dmc:reacher.hard.occ,5,0.7779529213905334,0.8374948501586914,0.07116275418790069,0.06834783172932211,5,0,
clean_mse_deep_blackout,hacssmv7,hacssmv7_single,dmc:ball_in_cup.catch.occ,5,1.0453264474868775,1.0888355016708373,0.038724381348332525,0.03928199223665631,4,0,
clean_mse_deep_blackout,hacssmv7,hacssmv7_single,dmc:finger.spin.occ,5,1.1474830150604247,1.3259786367416382,0.13452993812385108,0.1346753739643368,5,0,
clean_mse_deep_blackout,hacssmv7,hacssmv7_single,dmc:cheetah.run.occ,5,0.6057169795036316,0.6297849178314209,0.0390713917082728,0.04458139129134368,4,0,
clean_mse_deep_blackout,hacssmv7,hacssmv7_single,ogbench:cube-single.occ,5,1.37190682888031,1.5750252246856689,0.12880711999426805,0.1331104220096508,5,0,
clean_mse_deep_blackout,hacssmv7,hacssmv7_single,__overall__,25,,,0.08245911707252503,0.08290670079337589,23,0,5
clean_mse_first_post,hacssmv7,hacssmv7_single,dmc:reacher.hard.occ,5,0.8258150696754456,0.8839340448379517,0.06579485551837842,0.06700917331603776,5,0,
clean_mse_first_post,hacssmv7,hacssmv7_single,dmc:ball_in_cup.catch.occ,5,0.9343978047370911,0.9857503533363342,0.05082797803479608,0.04124914581659933,5,0,
clean_mse_first_post,hacssmv7,hacssmv7_single,dmc:finger.spin.occ,5,1.1452091693878175,1.3303433895111083,0.1390270698658658,0.13944155426022514,5,0,
clean_mse_first_post,hacssmv7,hacssmv7_single,dmc:cheetah.run.occ,5,0.5540997624397278,0.5957239747047425,0.06952657764570305,0.06028790321198269,5,0,
clean_mse_first_post,hacssmv7,hacssmv7_single,ogbench:cube-single.occ,5,1.3518219232559203,1.5798784732818603,0.1442198572787745,0.14890448817017435,5,0,
clean_mse_first_post,hacssmv7,hacssmv7_single,__overall__,25,,,0.09387926766870357,0.07390493117724178,25,0,5
clean_mse_recovery,hacssmv7,hacssmv7_single,dmc:reacher.hard.occ,5,0.25924264192581176,0.2651705503463745,0.022337742197945633,0.02300797935850486,5,0,
clean_mse_recovery,hacssmv7,hacssmv7_single,dmc:ball_in_cup.catch.occ,5,0.7736517429351807,0.7939610362052918,0.025294758344635796,0.03131145448154826,4,0,
clean_mse_recovery,hacssmv7,hacssmv7_single,dmc:finger.spin.occ,5,0.37828861474990844,0.3837340772151947,0.014159153481813057,0.014191765919323316,5,0,
clean_mse_recovery,hacssmv7,hacssmv7_single,dmc:cheetah.run.occ,5,0.18237332999706268,0.18729835152626037,0.026331202601729217,0.028058490035565067,5,0,
clean_mse_recovery,hacssmv7,hacssmv7_single,ogbench:cube-single.occ,5,0.7236898899078369,0.7366225719451904,0.01753522000453764,0.016932386892449098,5,0,
clean_mse_recovery,hacssmv7,hacssmv7_single,__overall__,25,,,0.02113161532613227,0.019591872138918703,24,0,5
clean_mse_late_post,hacssmv7,hacssmv7_single,dmc:reacher.hard.occ,5,0.2578652918338776,0.26256954073905947,0.017917328897212453,0.0184680244178597,5,0,
clean_mse_late_post,hacssmv7,hacssmv7_single,dmc:ball_in_cup.catch.occ,5,0.7138774514198303,0.7177695870399475,0.005366523672685903,0.006465028270831074,4,0,
clean_mse_late_post,hacssmv7,hacssmv7_single,dmc:finger.spin.occ,5,0.3607757091522217,0.36404300928115846,0.008966929560218414,0.00876339058348872,5,0,
clean_mse_late_post,hacssmv7,hacssmv7_single,dmc:cheetah.run.occ,5,0.17210837602615356,0.1758846163749695,0.021472073497636697,0.02085593836570094,5,0,
clean_mse_late_post,hacssmv7,hacssmv7_single,ogbench:cube-single.occ,5,0.6777803063392639,0.6862817287445069,0.012382564599401121,0.01248587294027772,5,0,
clean_mse_late_post,hacssmv7,hacssmv7_single,__overall__,25,,,0.013221084045430919,0.01256101317919874,24,0,5
clean_mse_all,hacssmv7,hacssmv7_single,dmc:reacher.hard.occ,5,0.343371719121933,0.35776503682136535,0.04024008558483433,0.04173209355271019,5,0,
clean_mse_all,hacssmv7,hacssmv7_single,dmc:ball_in_cup.catch.occ,5,0.7397377371788025,0.7519266247749329,0.016187343537122055,0.017476314300375377,5,0,
clean_mse_all,hacssmv7,hacssmv7_single,dmc:finger.spin.occ,5,0.5076598525047302,0.5374830365180969,0.05543683489523876,0.053829578050271304,5,0,
clean_mse_all,hacssmv7,hacssmv7_single,dmc:cheetah.run.occ,5,0.25158150792121886,0.259609717130661,0.0310986492319502,0.031313516638751634,5,0,
clean_mse_all,hacssmv7,hacssmv7_single,ogbench:cube-single.occ,5,0.8195524454116822,0.8599227905273438,0.04692549001918916,0.04837210239943356,5,0,
clean_mse_all,hacssmv7,hacssmv7_single,__overall__,25,,,0.037977680653666905,0.04173209355271019,25,0,5
