run,env,design,seed,trainable_parameters,val_pred_loss,clean_mse_pre,clean_mse_blackout_transition,clean_mse_deep_blackout,clean_mse_first_post,clean_mse_recovery,clean_mse_late_post,clean_mse_all,clean_mse_first_post_ablated,clean_input_mse_first_post,last_visible_mse_first_post,constant_mse_first_post,persistence_mse_first_post,val_hier_loss,val_hier_loss_fast,val_hier_loss_medium,val_hier_loss_slow,val_hier_loss_h1,val_hier_loss_h2,val_hier_loss_h4,val_hier_loss_h8,val_hier_loss_h16,tau_fast,tau_slow,tau_fast_min,tau_fast_max,tau_medium_min,tau_medium_max
lewm-dmc:ball_in_cup.catch.occ-hacsmv4-s0,dmc:ball_in_cup.catch.occ,hacsmv4,0,851078,0.8634400081634521,0.62803715467453,0.8177416920661926,1.184591293334961,1.0093116760253906,0.811214029788971,0.7289284467697144,0.7762437462806702,1.749711275100708,0.740932822227478,2.2903213500976562,1.2641915082931519,16.771806716918945,1.2936933946609497,1.093762084643046,1.269807144800822,1.5175108528137207,1.0552648480733235,1.132259422938029,1.2183881282806397,1.321226110458374,1.5175108528137207,2.0,32.0,,,,
lewm-dmc:ball_in_cup.catch.occ-hacsmv4-s1,dmc:ball_in_cup.catch.occ,hacsmv4,1,851078,0.8780179723103841,0.6221389770507812,0.7967275977134705,1.1507655382156372,1.039810299873352,0.7999820709228516,0.7291109561920166,0.7695058584213257,1.6474295854568481,0.7344271540641785,2.2903213500976562,1.2641915082931519,16.771806716918945,1.2974292055765788,1.0943202431996664,1.2712781302134195,1.5266892766952516,1.0559320783615112,1.1327083396911621,1.2173634672164917,1.3251928615570068,1.5266892766952516,2.0,32.0,,,,
lewm-dmc:ball_in_cup.catch.occ-hacsmv4-s2,dmc:ball_in_cup.catch.occ,hacsmv4,2,851078,0.8754122161865234,0.6188213229179382,0.7525917887687683,1.1317367553710938,1.0363006591796875,0.8038905262947083,0.7275550365447998,0.76162189245224,1.575545072555542,0.7148967385292053,2.2903213500976562,1.2641915082931519,16.771806716918945,1.2930131753285725,1.0946714973449707,1.2681370671590169,1.5162308756510416,1.0564405711491902,1.1329024235407512,1.2163305791219075,1.3199435043334962,1.5162308756510416,2.0,32.0,,,,
lewm-dmc:ball_in_cup.catch.occ-hacsmv4_noaux-s0,dmc:ball_in_cup.catch.occ,hacsmv4_noaux,0,851078,0.8771766177813212,0.6272358298301697,0.8022732734680176,1.1513572931289673,1.0388480424880981,0.8203201293945312,0.7220370173454285,0.7695693969726562,1.8764729499816895,0.7361976504325867,2.2903213500976562,1.2641915082931519,16.771806716918945,1.6681688563028971,1.208289623260498,1.5666194089253744,2.2295971457163493,1.1620615990956624,1.2545175457000732,1.453651032447815,1.6795877520243327,2.2295971457163493,2.0,32.0,,,,
lewm-dmc:ball_in_cup.catch.occ-hacsmv4_noaux-s1,dmc:ball_in_cup.catch.occ,hacsmv4_noaux,1,851078,0.8802520275115967,0.62632817029953,0.7866570353507996,1.1522194147109985,1.0454376935958862,0.7860996127128601,0.7265066504478455,0.767694890499115,1.828983187675476,0.7107442021369934,2.2903213500976562,1.2641915082931519,16.771806716918945,1.6609765831629435,1.207662738164266,1.5578508218129477,2.2174163246154786,1.1622724755605063,1.253053069114685,1.4447614924112955,1.6709402020772297,2.2174163246154786,2.0,32.0,,,,
lewm-dmc:ball_in_cup.catch.occ-hacsmv4_noaux-s2,dmc:ball_in_cup.catch.occ,hacsmv4_noaux,2,851078,0.887885631720225,0.6208041310310364,0.767930805683136,1.1260513067245483,1.0641940832138062,0.7838064432144165,0.7222184538841248,0.7602835297584534,1.7427842617034912,0.7083845138549805,2.2903213500976562,1.2641915082931519,16.771806716918945,1.6820354413986207,1.223161260286967,1.5746863238016764,2.2482585016886394,1.1794443209966023,1.2668781995773315,1.455409860610962,1.6939626852671306,2.2482585016886394,2.0,32.0,,,,
lewm-dmc:ball_in_cup.catch.occ-hacsmv4_two_noaux-s0,dmc:ball_in_cup.catch.occ,hacsmv4_two_noaux,0,851076,0.8268086218833923,0.6124406456947327,0.8173432350158691,1.08318293094635,0.9540796875953674,0.780109167098999,0.7144599556922913,0.7514117956161499,2.1163387298583984,0.6969016194343567,2.2903213500976562,1.2641915082931519,16.771806716918945,1.3923646608988445,1.2073322931925456,1.5773969093958538,,1.1569530661900838,1.2577115535736083,1.4771433544158936,1.6776504643758139,,2.0,8.0,,,,
lewm-dmc:ball_in_cup.catch.occ-hacsmv4_two_noaux-s1,dmc:ball_in_cup.catch.occ,hacsmv4_two_noaux,1,851076,0.8231356994311014,0.6182016730308533,0.7775700688362122,1.0745311975479126,0.9409660696983337,0.786705493927002,0.7215563654899597,0.7509766817092896,1.7238967418670654,0.6872950196266174,2.2903213500976562,1.2641915082931519,16.771806716918945,1.3941306988398234,1.2085853322347004,1.579676014582316,,1.1582264280319214,1.2589442539215088,1.479648240407308,1.679703755378723,,2.0,8.0,,,,
lewm-dmc:ball_in_cup.catch.occ-hacsmv4_two_noaux-s2,dmc:ball_in_cup.catch.occ,hacsmv4_two_noaux,2,851076,0.8691249513626098,0.618535041809082,0.7594138979911804,1.1558003425598145,1.0331170558929443,0.7844842672348022,0.7143248915672302,0.7573688626289368,1.824904203414917,0.6946072578430176,2.2903213500976562,1.2641915082931519,16.771806716918945,1.4025448703765868,1.2038529411951702,1.601236832936605,,1.153120651245117,1.2545851802825927,1.4942041079203288,1.7082695245742798,,2.0,8.0,,,,
lewm-dmc:ball_in_cup.catch.occ-hacssmv5-s0,dmc:ball_in_cup.catch.occ,hacssmv5,0,851332,0.8700831270217896,0.6151937246322632,0.8740606904029846,1.1654402017593384,1.0306211709976196,0.7963051795959473,0.7223039269447327,0.7737255096435547,1.7701252698898315,0.7163181304931641,2.2903213500976562,1.2641915082931519,16.771806716918945,1.3681790097554525,1.2425168641408284,1.493841257095337,,1.2396680116653442,1.2453657166163126,1.4138496510187786,1.5738328806559245,,3.6498091220855713,23.371931076049805,1.3344093561172485,8.688804626464844,6.433307647705078,69.31658935546875
lewm-dmc:ball_in_cup.catch.occ-hacssmv5-s1,dmc:ball_in_cup.catch.occ,hacssmv5,1,851332,0.9019233544667562,0.6284915804862976,0.8463730812072754,1.191466212272644,1.08372962474823,0.8108187913894653,0.7275295257568359,0.7819381952285767,1.924903392791748,0.7110599875450134,2.2903213500976562,1.2641915082931519,16.771806716918945,1.3613983790079753,1.2360930983225504,1.4867036596934,,1.233817008336385,1.2383691883087158,1.4058063634236653,1.5676009893417358,,3.6134986877441406,22.6543025970459,1.3493683338165283,8.909468650817871,6.338748455047607,71.03826904296875
lewm-dmc:ball_in_cup.catch.occ-hacssmv5-s2,dmc:ball_in_cup.catch.occ,hacssmv5,2,851332,0.8788485940297445,0.6176651120185852,0.8068681359291077,1.2206883430480957,1.045548677444458,0.7965242266654968,0.7243970632553101,0.7745546102523804,1.9880523681640625,0.6998952031135559,2.2903213500976562,1.2641915082931519,16.771806716918945,1.3631896368662517,1.2362945906321208,1.4900847005844116,,1.2340974950790404,1.2384916178385417,1.4126714595158896,1.5674979416529338,,3.6756327152252197,22.706148147583008,1.3410060405731201,8.690642356872559,6.426815509796143,69.23272705078125
lewm-dmc:ball_in_cup.catch.occ-hacssmv5_fixedbeta_noaux-s0,dmc:ball_in_cup.catch.occ,hacssmv5_fixedbeta_noaux,0,851332,0.8790839330355327,0.6230548620223999,0.8641300797462463,1.188310146331787,1.043890118598938,0.8039785623550415,0.7242430448532104,0.7788176536560059,2.117799758911133,0.7300732731819153,2.2903213500976562,1.2641915082931519,16.771806716918945,1.5066485182444254,1.2754566669464111,1.7378403520584107,,1.2671147966384888,1.2837985372543335,1.6350135072072347,1.840667298634847,,3.4413464069366455,22.44293975830078,1.5000001192092896,7.999999046325684,7.999999046325684,63.999908447265625
lewm-dmc:ball_in_cup.catch.occ-hacssmv5_fixedbeta_noaux-s1,dmc:ball_in_cup.catch.occ,hacssmv5_fixedbeta_noaux,1,851332,0.8927554329236348,0.6238126158714294,0.8215292096138,1.1553993225097656,1.0682142972946167,0.7945441007614136,0.7287562489509583,0.7734001278877258,1.9436694383621216,0.7101384401321411,2.2903213500976562,1.2641915082931519,16.771806716918945,1.4985123459498089,1.2763359800974527,1.7206887118021648,,1.26925905863444,1.2834129699071248,1.6220263306299845,1.819351110458374,,3.4413464069366455,22.44293975830078,1.5000001192092896,7.999999046325684,7.999999046325684,63.999908447265625
lewm-dmc:ball_in_cup.catch.occ-hacssmv5_fixedbeta_noaux-s2,dmc:ball_in_cup.catch.occ,hacssmv5_fixedbeta_noaux,2,851332,0.8823432731628418,0.622022271156311,0.7777706980705261,1.1897616386413574,1.0492445230484009,0.7976511716842651,0.7274205088615417,0.7709574103355408,1.8320574760437012,0.71420818567276,2.2903213500976562,1.2641915082931519,16.771806716918945,1.5172753969828288,1.272110325495402,1.7624404684702555,,1.2653363196055094,1.2788843313852947,1.6530526367823284,1.8718282667795818,,3.4413464069366455,22.44293975830078,1.5000001192092896,7.999999046325684,7.999999046325684,63.999908447265625
lewm-dmc:ball_in_cup.catch.occ-hacssmv5_noaction-s0,dmc:ball_in_cup.catch.occ,hacssmv5_noaction,0,851332,0.9718273115158081,0.6153001189231873,0.9253242611885071,1.307793378829956,1.22187340259552,0.8059771060943604,0.7276955246925354,0.8034594058990479,1.6818652153015137,0.7365087270736694,2.2903213500976562,1.2641915082931519,16.771806716918945,1.4086679569880167,1.1948912731806438,1.6224446407953899,,1.1961608839035034,1.193621662457784,1.485838680267334,1.7590505504608154,,3.819507598876953,23.934612274169922,1.373610019683838,9.068916320800781,6.305370807647705,71.96904754638672
lewm-dmc:ball_in_cup.catch.occ-hacssmv5_noaction-s1,dmc:ball_in_cup.catch.occ,hacssmv5_noaction,1,851332,0.9600745209058126,0.6187283396720886,0.8421723246574402,1.230821967124939,1.2018964290618896,0.7735722064971924,0.726128339767456,0.7840963006019592,1.684481143951416,0.704236626625061,2.2903213500976562,1.2641915082931519,16.771806716918945,1.4090784645080567,1.1983149433135987,1.6198419348398845,,1.2011801544825236,1.1954496987660725,1.4794083436330159,1.7602755260467529,,3.8325865268707275,23.16341781616211,1.3984813690185547,9.280533790588379,6.288373947143555,74.82389831542969
lewm-dmc:ball_in_cup.catch.occ-hacssmv5_noaction-s2,dmc:ball_in_cup.catch.occ,hacssmv5_noaction,2,851332,0.9443358500798543,0.6137641072273254,0.8087671399116516,1.2279430627822876,1.1721253395080566,0.7998490333557129,0.7240301966667175,0.7789895534515381,1.5648778676986694,0.7059506177902222,2.2903213500976562,1.2641915082931519,16.771806716918945,1.4101925468444825,1.1951291386286418,1.6252560393015543,,1.1978848775227864,1.1923734505971273,1.4808250236511231,1.7696870549519856,,3.753345489501953,23.55026626586914,1.403241753578186,9.161574363708496,6.422865867614746,73.13642883300781
lewm-dmc:ball_in_cup.catch.occ-hacssmv5_noaux-s0,dmc:ball_in_cup.catch.occ,hacssmv5_noaux,0,851332,0.8775917633374533,0.6245761513710022,0.8745629191398621,1.17982816696167,1.0406196117401123,0.8066438436508179,0.7237716317176819,0.77924644947052,2.002490997314453,0.729327917098999,2.2903213500976562,1.2641915082931519,16.771806716918945,1.5019438870747883,1.28101788520813,1.722869906425476,,1.272729328473409,1.2893064753214518,1.6200233602523804,1.8257164017359415,,3.54874849319458,22.758127212524414,1.2178659439086914,8.279669761657715,6.478394508361816,66.8700942993164
lewm-dmc:ball_in_cup.catch.occ-hacssmv5_noaux-s1,dmc:ball_in_cup.catch.occ,hacssmv5_noaux,1,851332,0.900947953859965,0.626081645488739,0.8359726071357727,1.1885346174240112,1.084199070930481,0.7950742244720459,0.7269311547279358,0.7786394953727722,1.8864749670028687,0.7056248784065247,2.2903213500976562,1.2641915082931519,16.771806716918945,1.493948040008545,1.2751532665888468,1.712742830912272,,1.2683521318435669,1.2819544013341269,1.6082022587458293,1.8172834539413452,,3.6025500297546387,22.841976165771484,1.2385528087615967,8.315677642822266,6.474429130554199,66.91476440429688
lewm-dmc:ball_in_cup.catch.occ-hacssmv5_noaux-s2,dmc:ball_in_cup.catch.occ,hacssmv5_noaux,2,851332,0.8859822845458984,0.6201205849647522,0.7718295454978943,1.1711859703063965,1.0592843294143677,0.7921362519264221,0.7236341238021851,0.7662307024002075,1.7260169982910156,0.7137460112571716,2.2903213500976562,1.2641915082931519,16.771806716918945,1.5103845024108886,1.274762315750122,1.7460067399342856,,1.2682516304651896,1.2812730010350546,1.6348318004608153,1.8571816794077556,,3.578287124633789,22.979862213134766,1.24443781375885,8.479074478149414,6.490725517272949,66.66484069824219
lewm-dmc:ball_in_cup.catch.occ-hacssmv5_single-s0,dmc:ball_in_cup.catch.occ,hacssmv5_single,0,851332,0.9482687791188558,0.6203325390815735,0.9052755236625671,1.328946590423584,1.1699718236923218,0.8461427688598633,0.7312637567520142,0.8073682188987732,1.8569470643997192,0.7394955158233643,2.2903213500976562,1.2641915082931519,16.771806716918945,1.3335530694325766,1.2225392866134643,1.4445668347676595,,1.2244927755991617,1.220585797627767,1.327737323443095,1.5613963969548543,,3.396792411804199,22.68461799621582,1.5377051830291748,7.899899482727051,6.453144550323486,68.24236297607422
lewm-dmc:ball_in_cup.catch.occ-hacssmv5_single-s1,dmc:ball_in_cup.catch.occ,hacssmv5_single,1,851332,0.9498423433303833,0.6237755417823792,0.9085047245025635,1.335396409034729,1.1736162900924683,0.8152433633804321,0.7330030798912048,0.8079749941825867,2.357529401779175,0.7170973420143127,2.2903213500976562,1.2641915082931519,16.771806716918945,1.330095198949178,1.2232995223999024,1.4368908246358236,,1.2249854755401612,1.2216136026382447,1.3228932412465413,1.5508883746465048,,3.384021282196045,22.460405349731445,1.5397145748138428,7.8730926513671875,6.437012672424316,68.90327453613281
lewm-dmc:ball_in_cup.catch.occ-hacssmv5_single-s2,dmc:ball_in_cup.catch.occ,hacssmv5_single,2,851332,0.9307770760854085,0.6166242957115173,0.8743705749511719,1.262152075767517,1.1409108638763428,0.8188612461090088,0.7292147278785706,0.7925642728805542,1.742754340171814,0.7112695574760437,2.2903213500976562,1.2641915082931519,16.771806716918945,1.3309769042332966,1.223719825744629,1.4382339827219646,,1.2256459554036458,1.2217937469482423,1.323015414873759,1.5534525680541993,,3.3860576152801514,22.455188751220703,1.5392038822174072,7.8834919929504395,6.439841270446777,68.74028778076172
lewm-dmc:ball_in_cup.catch.occ-hacssmv5_ssmcontrol-s0,dmc:ball_in_cup.catch.occ,hacssmv5_ssmcontrol,0,851332,0.9145940065383911,0.6055970191955566,0.9097142219543457,1.190926432609558,1.1226720809936523,0.7807195782661438,0.7174288034439087,0.777647852897644,1.7396931648254395,0.755473792552948,2.2903213500976562,1.2641915082931519,16.771806716918945,1.5306975428263347,1.2229571771621703,1.8384377892812094,,1.2255512046813966,1.2203632005055745,1.5858677117029827,2.0910078493754067,,3.8690624237060547,24.066730499267578,1.3508639335632324,8.966036796569824,6.673072338104248,73.01478576660156
lewm-dmc:ball_in_cup.catch.occ-hacssmv5_ssmcontrol-s1,dmc:ball_in_cup.catch.occ,hacssmv5_ssmcontrol,1,851332,0.9388361088434856,0.6170524954795837,0.8083474040031433,1.1581794023513794,1.1614940166473389,0.790367841720581,0.7238845825195312,0.7714371681213379,1.8347450494766235,0.6963728666305542,2.2903213500976562,1.2641915082931519,16.771806716918945,1.5244607543945312,1.2210223452250162,1.8278990952173868,,1.2238765986760458,1.2181681601206462,1.576759664217631,2.079038526217143,,3.830251932144165,23.75827407836914,1.371648907661438,8.880702018737793,6.629848957061768,72.17436218261719
lewm-dmc:ball_in_cup.catch.occ-hacssmv5_ssmcontrol-s2,dmc:ball_in_cup.catch.occ,hacssmv5_ssmcontrol,2,851332,0.9133084344863892,0.6142438650131226,0.7866279482841492,1.1570371389389038,1.1157238483428955,0.7827547788619995,0.720738410949707,0.7648805975914001,1.650567650794983,0.6964782476425171,2.2903213500976562,1.2641915082931519,16.771806716918945,1.5357869720458985,1.2264367898305257,1.8451371208826701,,1.230193853378296,1.2226797596613566,1.5903702068328858,2.0999040349324543,,3.8156332969665527,24.06342124938965,1.362617015838623,8.70266342163086,6.715118885040283,67.5704345703125
lewm-dmc:ball_in_cup.catch.occ-hacssmv5_static-s0,dmc:ball_in_cup.catch.occ,hacssmv5_static,0,851332,0.8857993570963542,0.6079912781715393,0.8805794715881348,1.2582024335861206,1.0615051984786987,0.7957050800323486,0.7248688340187073,0.7844308614730835,2.0853817462921143,0.7258347868919373,2.2903213500976562,1.2641915082931519,16.771806716918945,1.3745666599273683,1.252935021718343,1.4961982981363933,,1.250191478729248,1.2556785138448079,1.3823974466323852,1.6099992005030315,,3.684094190597534,23.32587242126465,1.4068450927734375,8.559708595275879,6.563241481781006,68.93401336669922
lewm-dmc:ball_in_cup.catch.occ-hacssmv5_static-s1,dmc:ball_in_cup.catch.occ,hacssmv5_static,1,851332,0.8867246611913046,0.6226163506507874,0.8386217951774597,1.163138747215271,1.059779405593872,0.8012474179267883,0.7226012945175171,0.7730927467346191,2.254445791244507,0.6930975317955017,2.2903213500976562,1.2641915082931519,16.771806716918945,1.3709706052144368,1.2489124011993409,1.493028860092163,,1.2463398297627768,1.251484972635905,1.3780653222401937,1.6079923804601033,,3.6316988468170166,22.599092483520508,1.4174158573150635,8.558481216430664,6.518453121185303,68.61962127685547
lewm-dmc:ball_in_cup.catch.occ-hacssmv5_static-s2,dmc:ball_in_cup.catch.occ,hacssmv5_static,2,851332,0.86601393699646,0.6135827302932739,0.8175360560417175,1.21631920337677,1.0238531827926636,0.7953484058380127,0.7214145064353943,0.7720546126365662,2.01719069480896,0.707868754863739,2.2903213500976562,1.2641915082931519,16.771806716918945,1.3727339998881023,1.249449446996053,1.4960186719894408,,1.2471957286198934,1.2517030970255534,1.3800324042638143,1.6120049397150675,,3.69276762008667,23.45407485961914,1.4123964309692383,8.683162689208984,6.5563859939575195,69.16004943847656
lewm-dmc:ball_in_cup.catch.occ-none-s0,dmc:ball_in_cup.catch.occ,none,0,849280,0.9341869521141052,0.6089676022529602,1.03817617893219,1.2514828443527222,1.1559364795684814,0.7872143983840942,0.7225322723388672,0.8018977642059326,1.1559364795684814,0.7310249209403992,2.2903213500976562,1.2641915082931519,16.771806716918945,,,,,,,,,,2.999999761581421,25.000003814697266,,,,
lewm-dmc:ball_in_cup.catch.occ-none-s1,dmc:ball_in_cup.catch.occ,none,1,849280,0.9373809186617533,0.6159462332725525,1.036765217781067,1.2603693008422852,1.1602908372879028,0.7874664068222046,0.7219992280006409,0.8042842745780945,1.1602908372879028,0.7311017513275146,2.2903213500976562,1.2641915082931519,16.771806716918945,,,,,,,,,,2.999999761581421,25.000003814697266,,,,
lewm-dmc:ball_in_cup.catch.occ-none-s2,dmc:ball_in_cup.catch.occ,none,2,849280,0.9358271074295044,0.6019449234008789,1.047231912612915,1.2496066093444824,1.1569595336914062,0.7960585355758667,0.7288682460784912,0.8044307231903076,1.1569595336914062,0.7382649779319763,2.2903213500976562,1.2641915082931519,16.771806716918945,,,,,,,,,,2.999999761581421,25.000003814697266,,,,
lewm-dmc:ball_in_cup.catch.occ-ssm-s0,dmc:ball_in_cup.catch.occ,ssm,0,849536,0.8288770071665446,0.605799674987793,0.8986188769340515,1.0488492250442505,0.9605134129524231,0.7359508275985718,0.7202708125114441,0.7544461488723755,1.9117714166641235,0.6861554980278015,2.2903213500976562,1.2641915082931519,16.771806716918945,,,,,,,,,,,,,,,
lewm-dmc:ball_in_cup.catch.occ-ssm-s1,dmc:ball_in_cup.catch.occ,ssm,1,849536,0.8639159059524536,0.6226214170455933,0.8250374794006348,1.0758570432662964,1.0210813283920288,0.7632218599319458,0.7191835641860962,0.7571704983711243,1.6932886838912964,0.6833628416061401,2.2903213500976562,1.2641915082931519,16.771806716918945,,,,,,,,,,,,,,,
lewm-dmc:ball_in_cup.catch.occ-ssm-s2,dmc:ball_in_cup.catch.occ,ssm,2,849536,0.8252418327331543,0.6077770590782166,0.8045809268951416,0.9743828773498535,0.9510732293128967,0.773591935634613,0.7179804444313049,0.7387356758117676,1.5792969465255737,0.6963141560554504,2.2903213500976562,1.2641915082931519,16.771806716918945,,,,,,,,,,,,,,,
lewm-dmc:cheetah.run.occ-hacsmv4-s0,dmc:cheetah.run.occ,hacsmv4,0,851078,0.4010067550341288,0.1513655036687851,0.3786548674106598,0.6104848384857178,0.6152200102806091,0.1934720277786255,0.17188678681850433,0.2504713833332062,1.0652968883514404,0.16361407935619354,1.0144654512405396,0.6891944408416748,13.852587699890137,0.6782385921478271,0.5574189607302348,0.6825518067677816,0.7947449580828349,0.5281872248649597,0.586650722026825,0.6606973965962728,0.7044061915079752,0.7947449580828349,2.0,32.0,,,,
lewm-dmc:cheetah.run.occ-hacsmv4-s1,dmc:cheetah.run.occ,hacsmv4,1,851078,0.38934316317240397,0.15323123335838318,0.4142751693725586,0.6024153232574463,0.5909488797187805,0.1942180097103119,0.1743045151233673,0.25407013297080994,1.158586025238037,0.1645917445421219,1.0144654512405396,0.6891944408416748,13.852587699890137,0.6797537080446879,0.5582871182759603,0.6833462969462076,0.7976276071866354,0.5289658562342325,0.5876083461443583,0.6613277928034464,0.7053647756576538,0.7976276071866354,2.0,32.0,,,,
lewm-dmc:cheetah.run.occ-hacsmv4-s2,dmc:cheetah.run.occ,hacsmv4,2,851078,0.40039259910583497,0.1500365436077118,0.38774266839027405,0.6072140336036682,0.613538384437561,0.19552022218704224,0.17321862280368805,0.2514326572418213,1.1067413091659546,0.16206450760364532,1.0144654512405396,0.6891944408416748,13.852587699890137,0.6800875194867452,0.5579358394940694,0.6835771497090658,0.7987494929631551,0.5284633874893189,0.5874083169301351,0.6614892896016439,0.705665001074473,0.7987494929631551,2.0,32.0,,,,
lewm-dmc:cheetah.run.occ-hacsmv4_noaux-s0,dmc:cheetah.run.occ,hacsmv4_noaux,0,851078,0.3852358595530192,0.1504431962966919,0.45037898421287537,0.6655780673027039,0.5852358937263489,0.18963441252708435,0.17252421379089355,0.26235494017601013,1.3185292482376099,0.16141168773174286,1.0144654512405396,0.6891944408416748,13.852587699890137,0.8361236445109049,0.6202888186772665,0.78392058690389,1.104161647160848,0.5876474046707153,0.652930223941803,0.742708036104838,0.8251331543922424,1.104161647160848,2.0,32.0,,,,
lewm-dmc:cheetah.run.occ-hacsmv4_noaux-s1,dmc:cheetah.run.occ,hacsmv4_noaux,1,851078,0.37921792348225913,0.15038202702999115,0.4588172435760498,0.6258876919746399,0.5737153887748718,0.18902696669101715,0.17262506484985352,0.2587132155895233,1.0118824243545532,0.1632722169160843,1.0144654512405396,0.6891944408416748,13.852587699890137,0.8441423201560974,0.6176798725128174,0.7919487285614014,1.122798350652059,0.5847360221544902,0.6506237316131592,0.7484846178690593,0.8354128392537435,1.122798350652059,2.0,32.0,,,,
lewm-dmc:cheetah.run.occ-hacsmv4_noaux-s2,dmc:cheetah.run.occ,hacsmv4_noaux,2,851078,0.3948134966691335,0.1491689234972,0.4952124059200287,0.6884479522705078,0.6038158535957336,0.1902175396680832,0.17270931601524353,0.26981502771377563,1.4084572792053223,0.16275696456432343,1.0144654512405396,0.6891944408416748,13.852587699890137,0.8446461439132691,0.6229734961191813,0.7934856589635213,1.1174791145324707,0.5897252066930135,0.656221760114034,0.7483052762349447,0.838666041692098,1.1174791145324707,2.0,32.0,,,,
lewm-dmc:cheetah.run.occ-hacsmv4_two_noaux-s0,dmc:cheetah.run.occ,hacsmv4_two_noaux,0,851076,0.3793971411387126,0.1483759880065918,0.4811467230319977,0.6830615997314453,0.5761811137199402,0.18607142567634583,0.17024192214012146,0.26526638865470886,1.3442822694778442,0.1587398797273636,1.0144654512405396,0.6891944408416748,13.852587699890137,0.7133749723434448,0.6114836041132609,0.8152663151423136,,0.57772403160731,0.6452431678771973,0.7750892726580302,0.8554433663686116,,2.0,8.0,,,,
lewm-dmc:cheetah.run.occ-hacsmv4_two_noaux-s1,dmc:cheetah.run.occ,hacsmv4_two_noaux,1,851076,0.372073225180308,0.1476629227399826,0.42437610030174255,0.6184089183807373,0.5620920062065125,0.18488645553588867,0.1709035485982895,0.25226229429244995,1.0316956043243408,0.1599494218826294,1.0144654512405396,0.6891944408416748,13.852587699890137,0.717558077176412,0.6116878151893616,0.8234283304214478,,0.5777147197723389,0.6456608851750691,0.7827110052108764,0.8641455960273743,,2.0,8.0,,,,
lewm-dmc:cheetah.run.occ-hacsmv4_two_noaux-s2,dmc:cheetah.run.occ,hacsmv4_two_noaux,2,851076,0.3719884729385376,0.14678838849067688,0.46913790702819824,0.6677868366241455,0.5618199706077576,0.1866692304611206,0.17130257189273834,0.2620822787284851,1.514539122581482,0.16061967611312866,1.0144654512405396,0.6891944408416748,13.852587699890137,0.7204280662536621,0.6152247190475464,0.8256314134597779,,0.5811019102732341,0.6493475532531738,0.7828469355901082,0.8684158913294474,,2.0,8.0,,,,
lewm-dmc:cheetah.run.occ-hacssmv5-s0,dmc:cheetah.run.occ,hacssmv5,0,851332,0.40334174076716106,0.15286992490291595,0.4664265215396881,0.675290048122406,0.6189051270484924,0.18984603881835938,0.1730934977531433,0.2670362591743469,1.0514377355575562,0.16285881400108337,1.0144654512405396,0.6891944408416748,13.852587699890137,0.7363969095547994,0.6907174444198608,0.7820764001210531,,0.6901689267158508,0.6912659366925558,0.7501932414372762,0.8139595079421997,,3.5669851303100586,22.888172149658203,1.259637475013733,8.261316299438477,6.476158618927002,66.14958190917969
lewm-dmc:cheetah.run.occ-hacssmv5-s1,dmc:cheetah.run.occ,hacssmv5,1,851332,0.38895267764727276,0.15149720013141632,0.44214820861816406,0.6053386330604553,0.5912914872169495,0.19112753868103027,0.17369937896728516,0.2563647925853729,1.052132248878479,0.16261398792266846,1.0144654512405396,0.6891944408416748,13.852587699890137,0.737847847143809,0.692470068136851,0.7832256007194519,,0.6919680603345235,0.6929720759391784,0.7526909701029459,0.8137602313359579,,3.5493783950805664,22.856184005737305,1.2541776895523071,8.2501220703125,6.52005672454834,65.72911834716797
lewm-dmc:cheetah.run.occ-hacssmv5-s2,dmc:cheetah.run.occ,hacssmv5,2,851332,0.3886756360530853,0.15049812197685242,0.4637734889984131,0.650982677936554,0.59085613489151,0.18971478939056396,0.17427819967269897,0.2632295787334442,1.1959939002990723,0.16230058670043945,1.0144654512405396,0.6891944408416748,13.852587699890137,0.7358198547363282,0.6915452909469605,0.7800944439570109,,0.6908414967854818,0.6922490938504537,0.7487304711341858,0.8114584422111512,,3.563413619995117,22.98440170288086,1.265450119972229,8.4043607711792,6.422912120819092,65.5507583618164
lewm-dmc:cheetah.run.occ-hacssmv5_fixedbeta_noaux-s0,dmc:cheetah.run.occ,hacssmv5_fixedbeta_noaux,0,851332,0.3924212559064229,0.1513153463602066,0.5009104609489441,0.7023227214813232,0.5996964573860168,0.19052471220493317,0.17064648866653442,0.2713123559951782,1.1330643892288208,0.16208314895629883,1.0144654512405396,0.6891944408416748,13.852587699890137,0.7772071568171183,0.7000117786725362,0.8544025603930155,,0.6993156313896179,0.7007079259554545,0.8135100356737772,0.8952950596809387,,3.4413464069366455,22.44293975830078,1.5000001192092896,7.999999046325684,7.999999046325684,63.999908447265625
lewm-dmc:cheetah.run.occ-hacssmv5_fixedbeta_noaux-s1,dmc:cheetah.run.occ,hacssmv5_fixedbeta_noaux,1,851332,0.3768365422884623,0.1504250317811966,0.5050800442695618,0.6571740508079529,0.569781482219696,0.1886824071407318,0.17149101197719574,0.2660782039165497,1.0567657947540283,0.16275471448898315,1.0144654512405396,0.6891944408416748,13.852587699890137,0.7839390770594279,0.7013296262423198,0.8665484937032064,,0.7007958221435547,0.7018634303410848,0.8231822792689005,0.9099147081375122,,3.4413464069366455,22.44293975830078,1.5000001192092896,7.999999046325684,7.999999046325684,63.999908447265625
lewm-dmc:cheetah.run.occ-hacssmv5_fixedbeta_noaux-s2,dmc:cheetah.run.occ,hacssmv5_fixedbeta_noaux,2,851332,0.39098799109458926,0.14907000958919525,0.536135733127594,0.7067862153053284,0.5972113609313965,0.1887536644935608,0.17164437472820282,0.27511557936668396,1.220003366470337,0.1622660756111145,1.0144654512405396,0.6891944408416748,13.852587699890137,0.7832635450363159,0.6994211181004842,0.8671059719721477,,0.6983168427149454,0.7005254022280375,0.8215364138285319,0.9126755468050639,,3.4413464069366455,22.44293975830078,1.5000001192092896,7.999999046325684,7.999999046325684,63.999908447265625
lewm-dmc:cheetah.run.occ-hacssmv5_noaction-s0,dmc:cheetah.run.occ,hacssmv5_noaction,0,851332,0.51446058511734,0.15692749619483948,0.4598802626132965,0.7808172702789307,0.8273889422416687,0.19978013634681702,0.17767690122127533,0.28818389773368835,0.9355043768882751,0.17388640344142914,1.0144654512405396,0.6891944408416748,13.852587699890137,0.7687592260042826,0.6454672384262085,0.8920512390136719,,0.645205975373586,0.6457285181681315,0.8191153383255005,0.9649870975812276,,3.7989325523376465,24.638105392456055,1.3455184698104858,9.146224975585938,6.829264163970947,74.96756744384766
lewm-dmc:cheetah.run.occ-hacssmv5_noaction-s1,dmc:cheetah.run.occ,hacssmv5_noaction,1,851332,0.4819903500874837,0.1566070318222046,0.4464305341243744,0.7403895258903503,0.7650517225265503,0.2002389132976532,0.1779683530330658,0.28054577112197876,0.8854905366897583,0.1748308688402176,1.0144654512405396,0.6891944408416748,13.852587699890137,0.7719438234965007,0.6505021492640177,0.8933854977289836,,0.6499013781547547,0.6511029458045959,0.822965902487437,0.9638051096598307,,3.7882440090179443,23.914230346679688,1.327189326286316,8.841079711914062,6.8614091873168945,75.05083465576172
lewm-dmc:cheetah.run.occ-hacssmv5_noaction-s2,dmc:cheetah.run.occ,hacssmv5_noaction,2,851332,0.5152366733551026,0.1570829600095749,0.48062849044799805,0.8149371147155762,0.8282775282859802,0.19879725575447083,0.17885006964206696,0.29438620805740356,0.9191740155220032,0.17050476372241974,1.0144654512405396,0.6891944408416748,13.852587699890137,0.7688107967376709,0.6473863840103149,0.8902352094650269,,0.6473504257202148,0.6474223081270853,0.8181330768267313,0.9623373421033223,,3.7676475048065186,23.832294464111328,1.337920069694519,9.116254806518555,6.815246105194092,75.28153228759766
lewm-dmc:cheetah.run.occ-hacssmv5_noaux-s0,dmc:cheetah.run.occ,hacssmv5_noaux,0,851332,0.40165897448857624,0.15107440948486328,0.5201166272163391,0.7245568633079529,0.6172179579734802,0.19015082716941833,0.1711738109588623,0.27635592222213745,1.1779948472976685,0.16218294203281403,1.0144654512405396,0.6891944408416748,13.852587699890137,0.7712581006685892,0.7013595453898112,0.8411566559473673,,0.700775051911672,0.7019440221786499,0.8000436210632325,0.8822696995735169,,3.487231969833374,22.387231826782227,1.2738194465637207,8.155634880065918,6.636651992797852,64.87969207763672
lewm-dmc:cheetah.run.occ-hacssmv5_noaux-s1,dmc:cheetah.run.occ,hacssmv5_noaux,1,851332,0.37878592729568483,0.1502305418252945,0.5076691508293152,0.6617395877838135,0.5737815499305725,0.1875779628753662,0.17127887904644012,0.26673802733421326,1.0649523735046387,0.1621854156255722,1.0144654512405396,0.6891944408416748,13.852587699890137,0.778259433110555,0.7030117185910543,0.8535071818033854,,0.7025216333071391,0.7035018038749695,0.8105641198158264,0.8964502779642741,,3.5404770374298096,22.3607120513916,1.263195276260376,8.17452621459961,6.755642414093018,64.16972351074219
lewm-dmc:cheetah.run.occ-hacssmv5_noaux-s2,dmc:cheetah.run.occ,hacssmv5_noaux,2,851332,0.3875462853908539,0.14898698031902313,0.5360785126686096,0.7076705098152161,0.5904802680015564,0.1894955337047577,0.17182327806949615,0.2750803530216217,1.2362544536590576,0.1621021032333374,1.0144654512405396,0.6891944408416748,13.852587699890137,0.7768284114201863,0.7008698066075643,0.8527870162328084,,0.6997334837913514,0.7020061635971069,0.8076657358805338,0.8979083307584127,,3.4728853702545166,22.39520263671875,1.260668396949768,8.058147430419922,6.521072864532471,62.59344482421875
lewm-dmc:cheetah.run.occ-hacssmv5_single-s0,dmc:cheetah.run.occ,hacssmv5_single,0,851332,0.44132655978202817,0.15631774067878723,0.3885577619075775,0.6436848640441895,0.687629222869873,0.1970635950565338,0.1776590645313263,0.2614578306674957,0.9789422750473022,0.17276285588741302,1.0144654512405396,0.6891944408416748,13.852587699890137,0.721562340259552,0.6727423779169719,0.7703823280334473,,0.672986228466034,0.6724985019365947,0.7176837333043417,0.8230808806419373,,3.4492244720458984,22.123655319213867,1.4718868732452393,8.095475196838379,6.628058433532715,66.13078308105469
lewm-dmc:cheetah.run.occ-hacssmv5_single-s1,dmc:cheetah.run.occ,hacssmv5_single,1,851332,0.4458531888326009,0.1560438722372055,0.41818690299987793,0.6555277705192566,0.6962981224060059,0.19594979286193848,0.1779910773038864,0.26605287194252014,0.9705027341842651,0.17508003115653992,1.0144654512405396,0.6891944408416748,13.852587699890137,0.7205834118525187,0.6707185522715251,0.7704482714335124,,0.6707342918713888,0.6707027959823608,0.7169500215848287,0.8239465125401815,,3.439159631729126,22.43120574951172,1.4766149520874023,8.266755104064941,6.601003646850586,64.99224853515625
lewm-dmc:cheetah.run.occ-hacssmv5_single-s2,dmc:cheetah.run.occ,hacssmv5_single,2,851332,0.4391505388418833,0.1556605100631714,0.4126627743244171,0.6522889733314514,0.6839429140090942,0.18767529726028442,0.17856311798095703,0.26431357860565186,1.006433367729187,0.17213894426822662,1.0144654512405396,0.6891944408416748,13.852587699890137,0.7205733410517374,0.6712348866462707,0.7699118463198343,,0.6710948093732199,0.6713749639193217,0.7160591197013855,0.8237645475069681,,3.469311237335205,21.774276733398438,1.4757295846939087,8.045174598693848,6.5246968269348145,65.2788314819336
lewm-dmc:cheetah.run.occ-hacssmv5_ssmcontrol-s0,dmc:cheetah.run.occ,hacssmv5_ssmcontrol,0,851332,0.49777399460474653,0.15483972430229187,0.4457211494445801,0.7688553333282471,0.797045111656189,0.19481906294822693,0.17653879523277283,0.2830791175365448,0.971274197101593,0.17094987630844116,1.0144654512405396,0.6891944408416748,13.852587699890137,0.8074113496144613,0.6579795662562052,0.9568430987993876,,0.6602192115783692,0.6557399296760559,0.8235839366912842,1.090102260907491,,4.092377662658691,24.400754928588867,1.4212344884872437,9.03937816619873,6.90971040725708,74.27498626708984
lewm-dmc:cheetah.run.occ-hacssmv5_ssmcontrol-s1,dmc:cheetah.run.occ,hacssmv5_ssmcontrol,1,851332,0.472069833278656,0.15650486946105957,0.43947434425354004,0.749783992767334,0.7470864653587341,0.19703960418701172,0.17657868564128876,0.2793102562427521,0.9122985601425171,0.17281748354434967,1.0144654512405396,0.6891944408416748,13.852587699890137,0.8112931593259176,0.6642108964920044,0.9583754221598307,,0.6671284047762552,0.661293404897054,0.8260241444905599,1.0907266743977864,,3.9433770179748535,24.48760986328125,1.424712061882019,8.5438871383667,6.921553611755371,68.07405090332031
lewm-dmc:cheetah.run.occ-hacssmv5_ssmcontrol-s2,dmc:cheetah.run.occ,hacssmv5_ssmcontrol,2,851332,0.49188515822092693,0.15721742808818817,0.44168075919151306,0.7717223167419434,0.7848959565162659,0.194349467754364,0.17692263424396515,0.28325241804122925,0.9242700934410095,0.17136894166469574,1.0144654512405396,0.6891944408416748,13.852587699890137,0.8090027093887329,0.6604720338185628,0.9575333762168884,,0.662888593673706,0.6580554572741191,0.8247788874308268,1.09028786500295,,4.082295894622803,24.94444465637207,1.4212795495986938,8.905315399169922,6.798788547515869,73.7149658203125
lewm-dmc:cheetah.run.occ-hacssmv5_static-s0,dmc:cheetah.run.occ,hacssmv5_static,0,851332,0.40290916124979653,0.15635168552398682,0.4060835838317871,0.6064403653144836,0.6157232522964478,0.18715521693229675,0.17597614228725433,0.2555088698863983,1.0059318542480469,0.17018379271030426,1.0144654512405396,0.6891944408416748,13.852587699890137,0.7410471041997274,0.6906152947743733,0.7914789136250814,,0.6896617245674134,0.6915688649813334,0.7387148809432983,0.8442429375648498,,3.6122236251831055,23.160181045532227,1.3321419954299927,8.647769927978516,6.633924961090088,70.9450454711914
lewm-dmc:cheetah.run.occ-hacssmv5_static-s1,dmc:cheetah.run.occ,hacssmv5_static,1,851332,0.3860826007525126,0.15605567395687103,0.41469070315361023,0.5693572163581848,0.5832034349441528,0.19125190377235413,0.17600184679031372,0.25166428089141846,0.9051605463027954,0.16812092065811157,1.0144654512405396,0.6891944408416748,13.852587699890137,0.7416753244400024,0.6918828964233399,0.7914677611986796,,0.6908407886823018,0.6929249954223633,0.7386487611134847,0.8442867612838745,,3.6427905559539795,23.236839294433594,1.3396706581115723,8.411916732788086,6.640573501586914,67.06109619140625
lewm-dmc:cheetah.run.occ-hacssmv5_static-s2,dmc:cheetah.run.occ,hacssmv5_static,2,851332,0.39287200689315793,0.15710054337978363,0.41449663043022156,0.6104018092155457,0.5954645276069641,0.18934449553489685,0.17712090909481049,0.25693532824516296,1.0058401823043823,0.1691681146621704,1.0144654512405396,0.6891944408416748,13.852587699890137,0.7409504803021749,0.6918968073527019,0.7900041278203328,,0.6909660458564758,0.6928275855382283,0.738529212474823,0.8414790344238281,,3.6073288917541504,23.101871490478516,1.344724178314209,8.464762687683105,6.591933727264404,68.4032974243164
lewm-dmc:cheetah.run.occ-none-s0,dmc:cheetah.run.occ,none,0,849280,0.41011023124059043,0.14248360693454742,0.4527304172515869,0.634239673614502,0.6396088004112244,0.18542718887329102,0.1650938093662262,0.2556889057159424,0.6396088004112244,0.15167947113513947,1.0144654512405396,0.6891944408416748,13.852587699890137,,,,,,,,,,2.999999761581421,25.000003814697266,,,,
lewm-dmc:cheetah.run.occ-none-s1,dmc:cheetah.run.occ,none,1,849280,0.4095649286111196,0.1432715356349945,0.45005783438682556,0.6335904002189636,0.6379517316818237,0.18872669339179993,0.16529163718223572,0.25579455494880676,0.6379517316818237,0.15743398666381836,1.0144654512405396,0.6891944408416748,13.852587699890137,,,,,,,,,,2.999999761581421,25.000003814697266,,,,
lewm-dmc:cheetah.run.occ-none-s2,dmc:cheetah.run.occ,none,2,849280,0.40399418711662294,0.14186802506446838,0.4597761631011963,0.6306521892547607,0.6283038258552551,0.18561534583568573,0.16462571918964386,0.25531139969825745,0.6283038258552551,0.15672233700752258,1.0144654512405396,0.6891944408416748,13.852587699890137,,,,,,,,,,2.999999761581421,25.000003814697266,,,,
lewm-dmc:cheetah.run.occ-ssm-s0,dmc:cheetah.run.occ,ssm,0,849536,0.4200839225451152,0.1453103870153427,0.4372628629207611,0.6453033685684204,0.6559765338897705,0.18060599267482758,0.1693875640630722,0.2580723464488983,0.7845940589904785,0.1734326332807541,1.0144654512405396,0.6891944408416748,13.852587699890137,,,,,,,,,,,,,,,
lewm-dmc:cheetah.run.occ-ssm-s1,dmc:cheetah.run.occ,ssm,1,849536,0.4233896327018738,0.14604993164539337,0.4257291257381439,0.6609301567077637,0.6611087918281555,0.1863325536251068,0.1703304648399353,0.25966888666152954,0.8617749214172363,0.17519554495811462,1.0144654512405396,0.6891944408416748,13.852587699890137,,,,,,,,,,,,,,,
lewm-dmc:cheetah.run.occ-ssm-s2,dmc:cheetah.run.occ,ssm,2,849536,0.41763348897298175,0.14430639147758484,0.452434778213501,0.6533011198043823,0.6521008014678955,0.1815686821937561,0.16826452314853668,0.2596561908721924,0.8884823322296143,0.175487220287323,1.0144654512405396,0.6891944408416748,13.852587699890137,,,,,,,,,,,,,,,
lewm-dmc:finger.spin.occ-hacsmv4-s0,dmc:finger.spin.occ,hacsmv4,0,851078,0.8316690564155579,0.35432711243629456,0.7215796113014221,1.228284478187561,1.2663912773132324,0.3719382882118225,0.35686296224594116,0.51652991771698,3.3874621391296387,0.3459034860134125,1.2537477016448975,1.7987955808639526,14.051904678344727,1.1050181341171266,0.8088592839241028,1.0302098274230957,1.4759851042429606,0.780779337088267,0.8369392307599386,0.9769771734873454,1.0834424813588461,1.4759851042429606,2.0,32.0,,,,
lewm-dmc:finger.spin.occ-hacsmv4-s1,dmc:finger.spin.occ,hacsmv4,1,851078,0.8350625276565552,0.3546687960624695,0.7200352549552917,1.2421761751174927,1.2724002599716187,0.385417103767395,0.3555193245410919,0.5184242129325867,3.6543314456939697,0.34439724683761597,1.2537477016448975,1.7987955808639526,14.051904678344727,1.1014191325505573,0.8005060911178589,1.0293796809514364,1.4743715143203735,0.7711804644266764,0.8298317090670267,0.9763745514551798,1.0823847595850626,1.4743715143203735,2.0,32.0,,,,
lewm-dmc:finger.spin.occ-hacsmv4-s2,dmc:finger.spin.occ,hacsmv4,2,851078,0.8515984646479289,0.3513481020927429,0.7056865692138672,1.2621251344680786,1.3070342540740967,0.37696439027786255,0.3531801998615265,0.5177647471427917,3.6562092304229736,0.34605151414871216,1.2537477016448975,1.7987955808639526,14.051904678344727,1.1002563365300497,0.8019355289141337,1.0293919293085734,1.4694413312276204,0.7725618688265482,0.8313091635704041,0.9768164833386739,1.081967315673828,1.4694413312276204,2.0,32.0,,,,
lewm-dmc:finger.spin.occ-hacsmv4_noaux-s0,dmc:finger.spin.occ,hacsmv4_noaux,0,851078,0.835857343673706,0.3516993224620819,0.7699372172355652,1.3032488822937012,1.2757329940795898,0.3704056739807129,0.3560875654220581,0.5285218954086304,4.122872352600098,0.3449036478996277,1.2537477016448975,1.7987955808639526,14.051904678344727,1.338736852010091,1.0190367182095845,1.2156960010528564,1.781477820078532,0.9846963373819987,1.0533770481745401,1.138532190322876,1.292859845161438,1.781477820078532,2.0,32.0,,,,
lewm-dmc:finger.spin.occ-hacsmv4_noaux-s1,dmc:finger.spin.occ,hacsmv4_noaux,1,851078,0.8357577761014302,0.35282379388809204,0.7720548510551453,1.2799854278564453,1.2754162549972534,0.38055986166000366,0.3541523814201355,0.5264277458190918,3.7941882610321045,0.3436765968799591,1.2537477016448975,1.7987955808639526,14.051904678344727,1.3365550676981608,1.0154651435216269,1.2132076358795165,1.7809922711054484,0.981453332901001,1.0494770050048827,1.1360362847646077,1.2903789869944255,1.7809922711054484,2.0,32.0,,,,
lewm-dmc:finger.spin.occ-hacsmv4_noaux-s2,dmc:finger.spin.occ,hacsmv4_noaux,2,851078,0.8535377788543701,0.34970027208328247,0.7247689366340637,1.311353087425232,1.3114970922470093,0.37662070989608765,0.3527435064315796,0.5243679881095886,3.962364912033081,0.3454774022102356,1.2537477016448975,1.7987955808639526,14.051904678344727,1.3373951530456543,1.0142660848299663,1.2189612674713135,1.7789578612645467,0.9780056953430176,1.050526474316915,1.1416142717997233,1.2963082456588746,1.7789578612645467,2.0,32.0,,,,
lewm-dmc:finger.spin.occ-hacsmv4_two_noaux-s0,dmc:finger.spin.occ,hacsmv4_two_noaux,0,851076,0.758704449335734,0.3467077314853668,0.7123543620109558,1.119240641593933,1.1332805156707764,0.36572736501693726,0.34948188066482544,0.49412891268730164,3.995983362197876,0.34138524532318115,1.2537477016448975,1.7987955808639526,14.051904678344727,1.0950896708170572,0.977193562189738,1.2129857794443766,,0.9393412288029989,1.0150459122657776,1.131073218981425,1.294898271560669,,2.0,8.0,,,,
lewm-dmc:finger.spin.occ-hacsmv4_two_noaux-s1,dmc:finger.spin.occ,hacsmv4_two_noaux,1,851076,0.7475086736679077,0.34777554869651794,0.7509016990661621,1.144005298614502,1.1110180616378784,0.37406933307647705,0.34910738468170166,0.5005760192871094,3.5039637088775635,0.34141188859939575,1.2537477016448975,1.7987955808639526,14.051904678344727,1.0896776167551676,0.9708625109990437,1.2084927558898926,,0.9336909866333007,1.0080340099334717,1.1262326590220133,1.290752870241801,,2.0,8.0,,,,
lewm-dmc:finger.spin.occ-hacsmv4_two_noaux-s2,dmc:finger.spin.occ,hacsmv4_two_noaux,2,851076,0.7644045130411784,0.34390905499458313,0.6920666098594666,1.166464924812317,1.1466971635818481,0.37086331844329834,0.34559905529022217,0.49531617760658264,4.485801696777344,0.3433440625667572,1.2537477016448975,1.7987955808639526,14.051904678344727,1.0901939757664998,0.9679592577616374,1.2124287192026775,,0.9287126191457112,1.0072058963775634,1.1310349273681641,1.2938225110371908,,2.0,8.0,,,,
lewm-dmc:finger.spin.occ-hacssmv5-s0,dmc:finger.spin.occ,hacssmv5,0,851332,0.8248504201571146,0.3504799008369446,0.6840383410453796,1.1793028116226196,1.2563174962997437,0.3717970550060272,0.35342681407928467,0.5047531723976135,4.309262752532959,0.3407396674156189,1.2537477016448975,1.7987955808639526,14.051904678344727,1.3274356206258138,1.446742083231608,1.2081291913986205,,1.483819162050883,1.4096650044123331,1.153340106010437,1.262918225924174,,3.535879135131836,22.674558639526367,1.4934206008911133,8.895895004272461,6.799809455871582,72.29671478271484
lewm-dmc:finger.spin.occ-hacssmv5-s1,dmc:finger.spin.occ,hacssmv5,1,851332,0.8457356754938762,0.35291415452957153,0.6904973983764648,1.2143263816833496,1.2942390441894531,0.38086456060409546,0.35461342334747314,0.5120970010757446,3.581494092941284,0.34145626425743103,1.2537477016448975,1.7987955808639526,14.051904678344727,1.3229054164886476,1.438945665359497,1.206865167617798,,1.4767221689224244,1.4011692810058594,1.1512560017903646,1.2624743509292602,,3.570429801940918,23.14863395690918,1.4997042417526245,9.164531707763672,6.785013198852539,74.47247314453125
lewm-dmc:finger.spin.occ-hacssmv5-s2,dmc:finger.spin.occ,hacssmv5,2,851332,0.851154023806254,0.35160142183303833,0.669004499912262,1.2141722440719604,1.3060749769210815,0.3778723478317261,0.35310235619544983,0.5090651512145996,3.622875213623047,0.3460569679737091,1.2537477016448975,1.7987955808639526,14.051904678344727,1.3210556030273437,1.43542786916097,1.2066834052403768,,1.4721136363347371,1.398742101987203,1.1526337432861329,1.260733168919881,,3.5911271572113037,22.86203956604004,1.4933891296386719,8.763423919677734,6.7634172439575195,70.615234375
lewm-dmc:finger.spin.occ-hacssmv5_fixedbeta_noaux-s0,dmc:finger.spin.occ,hacssmv5_fixedbeta_noaux,0,851332,0.8281140772501627,0.34970802068710327,0.7005629539489746,1.2126823663711548,1.263227939605713,0.3709068298339844,0.3527698814868927,0.5096117854118347,4.570967674255371,0.3411129117012024,1.2537477016448975,1.7987955808639526,14.051904678344727,1.354391058286031,1.4277795378367106,1.2810025787353516,,1.4598896169662476,1.3956693903605144,1.2205599037806194,1.3414451519648234,,3.4413464069366455,22.44293975830078,1.5000001192092896,7.999999046325684,7.999999046325684,63.999908447265625
lewm-dmc:finger.spin.occ-hacssmv5_fixedbeta_noaux-s1,dmc:finger.spin.occ,hacssmv5_fixedbeta_noaux,1,851332,0.833851158618927,0.35204553604125977,0.7194979786872864,1.231932282447815,1.2723350524902344,0.38050544261932373,0.35352152585983276,0.5154391527175903,3.5986547470092773,0.33936935663223267,1.2537477016448975,1.7987955808639526,14.051904678344727,1.3541885010401409,1.4324656995137532,1.2759113025665283,,1.4654484923680624,1.3994830258687336,1.2154046360651651,1.3364180024464924,,3.4413464069366455,22.44293975830078,1.5000001192092896,7.999999046325684,7.999999046325684,63.999908447265625
lewm-dmc:finger.spin.occ-hacssmv5_fixedbeta_noaux-s2,dmc:finger.spin.occ,hacssmv5_fixedbeta_noaux,2,851332,0.8335311929384868,0.34884878993034363,0.6770156025886536,1.228013515472412,1.2743152379989624,0.37760525941848755,0.3509015440940857,0.5085612535476685,4.045269012451172,0.34278279542922974,1.2537477016448975,1.7987955808639526,14.051904678344727,1.349709113438924,1.421963669459025,1.2774546257654826,,1.453238116900126,1.3906892220179239,1.217983175913493,1.336926024754842,,3.4413464069366455,22.44293975830078,1.5000001192092896,7.999999046325684,7.999999046325684,63.999908447265625
lewm-dmc:finger.spin.occ-hacssmv5_noaction-s0,dmc:finger.spin.occ,hacssmv5_noaction,0,851332,0.8848074165980021,0.35428354144096375,0.707947313785553,1.2739979028701782,1.3680143356323242,0.37400996685028076,0.35698384046554565,0.5235394835472107,4.579714298248291,0.34567201137542725,1.2537477016448975,1.7987955808639526,14.051904678344727,1.3077009153366088,1.4021305815378824,1.2132712491353352,,1.4447943957646687,1.359466733932495,1.148946229616801,1.2775963195164999,,3.651271343231201,24.06039810180664,1.5095065832138062,9.306802749633789,6.83056116104126,75.37407684326172
lewm-dmc:finger.spin.occ-hacssmv5_noaction-s1,dmc:finger.spin.occ,hacssmv5_noaction,1,851332,0.9191305979092916,0.35618406534194946,0.7164688110351562,1.3123385906219482,1.432197093963623,0.38342341780662537,0.3574724495410919,0.5319275259971619,3.8726041316986084,0.34421202540397644,1.2537477016448975,1.7987955808639526,14.051904678344727,1.309399331410726,1.4062355041503907,1.2125631586710612,,1.4493030675252279,1.3631678899129231,1.1475346088409424,1.277591741879781,,3.6754393577575684,23.765892028808594,1.5119609832763672,9.492854118347168,6.82615327835083,77.1309585571289
lewm-dmc:finger.spin.occ-hacssmv5_noaction-s2,dmc:finger.spin.occ,hacssmv5_noaction,2,851332,0.9022381289800008,0.3543531596660614,0.6915258765220642,1.305357813835144,1.4010568857192993,0.3826436996459961,0.3562946021556854,0.5265275239944458,3.845876932144165,0.3487512171268463,1.2537477016448975,1.7987955808639526,14.051904678344727,1.3035572528839112,1.3960324494043985,1.2110820738474528,,1.438446076711019,1.3536188220977783,1.1469871314366658,1.2751770496368409,,3.667581558227539,23.903287887573242,1.5193414688110352,9.110884666442871,6.785427093505859,73.62118530273438
lewm-dmc:finger.spin.occ-hacssmv5_noaux-s0,dmc:finger.spin.occ,hacssmv5_noaux,0,851332,0.8257298676172892,0.34909290075302124,0.7008373141288757,1.2051429748535156,1.2592118978500366,0.370637983083725,0.3521201014518738,0.5082634091377258,4.59183406829834,0.3405703604221344,1.2537477016448975,1.7987955808639526,14.051904678344727,1.362577044169108,1.465403208732605,1.259750862121582,,1.4974886099497478,1.4333177566528321,1.2017711925506591,1.317730582555135,,3.5553200244903564,22.71883773803711,1.415414571762085,8.813553810119629,6.850142478942871,71.40499114990234
lewm-dmc:finger.spin.occ-hacssmv5_noaux-s1,dmc:finger.spin.occ,hacssmv5_noaux,1,851332,0.8394118793805441,0.3515486717224121,0.7174113392829895,1.2293034791946411,1.2833181619644165,0.3800468146800995,0.3532593846321106,0.5150610208511353,3.5350708961486816,0.33949506282806396,1.2537477016448975,1.7987955808639526,14.051904678344727,1.3612373892466227,1.4680897823969523,1.2543850469589233,,1.5010381491978964,1.4351413647333782,1.1965814638137817,1.3121886301040648,,3.5867466926574707,22.874414443969727,1.414091944694519,8.857369422912598,6.812365531921387,71.63997650146484
lewm-dmc:finger.spin.occ-hacssmv5_noaux-s2,dmc:finger.spin.occ,hacssmv5_noaux,2,851332,0.834539713859558,0.34840622544288635,0.6738860607147217,1.224245309829712,1.2765995264053345,0.3772333860397339,0.35054832696914673,0.5076355934143066,4.057176113128662,0.3424791395664215,1.2537477016448975,1.7987955808639526,14.051904678344727,1.3574797407786052,1.4590946706136068,1.2558647600809734,,1.4903519296646117,1.427837462425232,1.1992395893732706,1.3124899816513063,,3.6158525943756104,22.800203323364258,1.3991504907608032,9.074874877929688,6.790805339813232,71.5971908569336
lewm-dmc:finger.spin.occ-hacssmv5_single-s0,dmc:finger.spin.occ,hacssmv5_single,0,851332,0.950128607749939,0.35387536883354187,0.7088577747344971,1.3658690452575684,1.4930676221847534,0.3796290457248688,0.35660842061042786,0.5375704765319824,3.8411006927490234,0.3456389904022217,1.2537477016448975,1.7987955808639526,14.051904678344727,1.4581667709350585,1.717240311304728,1.1990932989120484,,1.7444314686457316,1.6900490347544352,1.161709903081258,1.2364766438802084,,3.5204379558563232,22.806745529174805,1.6171460151672363,8.038317680358887,6.696761608123779,70.03428649902344
lewm-dmc:finger.spin.occ-hacssmv5_single-s1,dmc:finger.spin.occ,hacssmv5_single,1,851332,0.9590489975611369,0.3531930148601532,0.7113564014434814,1.3902044296264648,1.5099784135818481,0.38602402806282043,0.3563363254070282,0.5410838723182678,2.7030742168426514,0.34405219554901123,1.2537477016448975,1.7987955808639526,14.051904678344727,1.455324247678121,1.7138220119476317,1.1968265342712403,,1.7413155619303387,1.6863285303115845,1.1586049445470175,1.2350481414794923,,3.5378942489624023,23.258665084838867,1.6153446435928345,7.70461368560791,6.706025123596191,70.1819839477539
lewm-dmc:finger.spin.occ-hacssmv5_single-s2,dmc:finger.spin.occ,hacssmv5_single,2,851332,0.9588579066594441,0.35178348422050476,0.692237377166748,1.3721346855163574,1.510911464691162,0.38112521171569824,0.35545018315315247,0.5361936688423157,2.793220281600952,0.3469596207141876,1.2537477016448975,1.7987955808639526,14.051904678344727,1.4554777177174887,1.7142598946889243,1.1966956090927123,,1.7404305410385132,1.688089248339335,1.1602144606908162,1.2331767066319783,,3.521758556365967,22.422710418701172,1.6143540143966675,7.696078300476074,6.6756510734558105,70.95600128173828
lewm-dmc:finger.spin.occ-hacssmv5_ssmcontrol-s0,dmc:finger.spin.occ,hacssmv5_ssmcontrol,0,851332,0.9106503017743428,0.3635002672672272,0.7018020749092102,1.2871111631393433,1.4098807573318481,0.37644821405410767,0.36579832434654236,0.5320481657981873,4.413285255432129,0.3549366891384125,1.2537477016448975,1.7987955808639526,14.051904678344727,1.4870360898971557,1.7285302543640138,1.245541925430298,,1.7507091522216798,1.706351424853007,1.1684476979573568,1.3226360686620076,,3.7554564476013184,24.336254119873047,1.460860252380371,8.870984077453613,6.8880839347839355,74.29598999023438
lewm-dmc:finger.spin.occ-hacssmv5_ssmcontrol-s1,dmc:finger.spin.occ,hacssmv5_ssmcontrol,1,851332,0.9213216265042623,0.36423924565315247,0.711757242679596,1.28684663772583,1.42899751663208,0.3878825604915619,0.3661087155342102,0.5348159670829773,3.6027066707611084,0.3530009388923645,1.2537477016448975,1.7987955808639526,14.051904678344727,1.485850591659546,1.728073746363322,1.2436274369557698,,1.7503137572606404,1.7058337020874024,1.166066780090332,1.321188162167867,,3.7929325103759766,23.93172836303711,1.4470007419586182,9.091300964355469,6.898630619049072,74.86958312988281
lewm-dmc:finger.spin.occ-hacssmv5_ssmcontrol-s2,dmc:finger.spin.occ,hacssmv5_ssmcontrol,2,851332,0.9318806823094686,0.3633699417114258,0.6985099911689758,1.3301576375961304,1.4498448371887207,0.38885706663131714,0.36530226469039917,0.5381407141685486,4.019613265991211,0.3561897277832031,1.2537477016448975,1.7987955808639526,14.051904678344727,1.48315288066864,1.7238262351353963,1.2424794753392538,,1.7456435743967693,1.7020089467366537,1.166635570526123,1.3183233801523844,,3.830712080001831,23.782651901245117,1.4590892791748047,8.831892013549805,6.853950500488281,73.02638244628906
lewm-dmc:finger.spin.occ-hacssmv5_static-s0,dmc:finger.spin.occ,hacssmv5_static,0,851332,0.8670070219039917,0.3626865744590759,0.6737632751464844,1.2160433530807495,1.326646327972412,0.37730997800827026,0.3653372526168823,0.5185819268226624,4.123247146606445,0.3513597548007965,1.2537477016448975,1.7987955808639526,14.051904678344727,1.4463872623443603,1.6766406377156575,1.2161338869730631,,1.7043971268335978,1.6488841311136881,1.155708605448405,1.2765591176350912,,3.595240831375122,22.950870513916016,1.5407546758651733,8.767509460449219,6.844017028808594,72.24842071533203
lewm-dmc:finger.spin.occ-hacssmv5_static-s1,dmc:finger.spin.occ,hacssmv5_static,1,851332,0.8865110222498576,0.36232081055641174,0.6831293106079102,1.24006986618042,1.3641319274902344,0.3852381110191345,0.3641240894794464,0.5232436060905457,3.4772400856018066,0.35132837295532227,1.2537477016448975,1.7987955808639526,14.051904678344727,1.4447909959157308,1.6747629261016845,1.2148190832138062,,1.7028479528427125,1.6466778151194255,1.1543727429707844,1.2752655251820881,,3.6209492683410645,23.323570251464844,1.5448274612426758,8.922688484191895,6.829296112060547,73.70872497558594
lewm-dmc:finger.spin.occ-hacssmv5_static-s2,dmc:finger.spin.occ,hacssmv5_static,2,851332,0.8951461331049602,0.36156144738197327,0.6667383313179016,1.242568850517273,1.3818295001983643,0.3845512866973877,0.3625214695930481,0.5214676856994629,3.09678316116333,0.3545232117176056,1.2537477016448975,1.7987955808639526,14.051904678344727,1.444618592262268,1.6747753747304281,1.214461809794108,,1.702486319541931,1.6470644124348959,1.1548774258295695,1.2740461762746176,,3.637751579284668,22.810049057006836,1.5420362949371338,8.774282455444336,6.819127559661865,70.1459732055664
lewm-dmc:finger.spin.occ-none-s0,dmc:finger.spin.occ,none,0,849280,1.085338414510091,0.28869757056236267,1.0576773881912231,1.7978110313415527,1.8160487413406372,0.3191893696784973,0.2831640839576721,0.5766520500183105,1.8160487413406372,0.2956814467906952,1.2537477016448975,1.7987955808639526,14.051904678344727,,,,,,,,,,2.999999761581421,25.000003814697266,,,,
lewm-dmc:finger.spin.occ-none-s1,dmc:finger.spin.occ,none,1,849280,1.0867837556203206,0.2928960919380188,1.0777615308761597,1.7956987619400024,1.8137898445129395,0.32628971338272095,0.2890958786010742,0.5825954079627991,1.8137898445129395,0.29353567957878113,1.2537477016448975,1.7987955808639526,14.051904678344727,,,,,,,,,,2.999999761581421,25.000003814697266,,,,
lewm-dmc:finger.spin.occ-none-s2,dmc:finger.spin.occ,none,2,849280,1.0869558731714883,0.29227253794670105,1.0821774005889893,1.7959963083267212,1.8150410652160645,0.3322903513908386,0.28680726885795593,0.5823636651039124,1.8150410652160645,0.2941654324531555,1.2537477016448975,1.7987955808639526,14.051904678344727,,,,,,,,,,2.999999761581421,25.000003814697266,,,,
lewm-dmc:finger.spin.occ-ssm-s0,dmc:finger.spin.occ,ssm,0,849536,0.7998136242230733,0.37921956181526184,0.7422714829444885,1.0272648334503174,1.1819552183151245,0.3921687602996826,0.3835100531578064,0.5143126845359802,1.9781876802444458,0.3804194927215576,1.2537477016448975,1.7987955808639526,14.051904678344727,,,,,,,,,,,,,,,
lewm-dmc:finger.spin.occ-ssm-s1,dmc:finger.spin.occ,ssm,1,849536,0.8106545066833496,0.37459200620651245,0.7370366454124451,1.0538667440414429,1.206615686416626,0.39340877532958984,0.37864357233047485,0.5141605138778687,1.9891290664672852,0.37490764260292053,1.2537477016448975,1.7987955808639526,14.051904678344727,,,,,,,,,,,,,,,
lewm-dmc:finger.spin.occ-ssm-s2,dmc:finger.spin.occ,ssm,2,849536,0.8156971367200215,0.37216445803642273,0.7289168238639832,1.045589566230774,1.218163013458252,0.390384316444397,0.37694114446640015,0.5113046765327454,1.9799597263336182,0.38431286811828613,1.2537477016448975,1.7987955808639526,14.051904678344727,,,,,,,,,,,,,,,
lewm-dmc:reacher.hard.occ-hacsmv4-s0,dmc:reacher.hard.occ,hacsmv4,0,851078,0.5791641585032146,0.2433759719133377,0.433085173368454,0.8132736682891846,0.8745563626289368,0.26714086532592773,0.26263710856437683,0.35399407148361206,2.1018412113189697,0.241047203540802,0.7168161869049072,1.1618891954421997,14.402030944824219,0.6780995098749797,0.47209298133850097,0.6505184467633566,0.9116870292027791,0.45272071917851764,0.4914652434984843,0.6056668583552043,0.6953700351715087,0.9116870292027791,2.0,32.0,,,,
lewm-dmc:reacher.hard.occ-hacsmv4-s1,dmc:reacher.hard.occ,hacsmv4,1,851078,0.5705454643567404,0.24138785898685455,0.44380518794059753,0.8006265759468079,0.860133945941925,0.260113000869751,0.2609180808067322,0.3515622317790985,2.025686502456665,0.23989158868789673,0.7168161869049072,1.1618891954421997,14.402030944824219,0.67892569065094,0.4736639547348023,0.6512032604217529,0.9119097805023193,0.4543024667104085,0.4930254256725311,0.6063340870539348,0.6960724425315857,0.9119097805023193,2.0,32.0,,,,
lewm-dmc:reacher.hard.occ-hacsmv4-s2,dmc:reacher.hard.occ,hacsmv4,2,851078,0.5816974743207296,0.2422167956829071,0.42366933822631836,0.812467634677887,0.8802207708358765,0.2649306654930115,0.2621081471443176,0.3524625897407532,1.8710978031158447,0.24113205075263977,0.7168161869049072,1.1618891954421997,14.402030944824219,0.6776700766881307,0.4715519897143046,0.6504340823491415,0.9110241794586181,0.4522485550244649,0.49085541168848673,0.6056644058227539,0.695203784306844,0.9110241794586181,2.0,32.0,,,,
lewm-dmc:reacher.hard.occ-hacsmv4_noaux-s0,dmc:reacher.hard.occ,hacsmv4_noaux,0,851078,0.5777403004964192,0.24235476553440094,0.42385587096214294,0.8185906410217285,0.8725218772888184,0.26646173000335693,0.2620092034339905,0.35294440388679504,2.3907973766326904,0.24106404185295105,0.7168161869049072,1.1618891954421997,14.402030944824219,0.7824050871531169,0.5783425100644429,0.7369591085116068,1.0319135920206706,0.5529490137100219,0.603736031850179,0.6811505158742269,0.7927677011489869,1.0319135920206706,2.0,32.0,,,,
lewm-dmc:reacher.hard.occ-hacsmv4_noaux-s1,dmc:reacher.hard.occ,hacsmv4_noaux,1,851078,0.5689899571736654,0.2407228797674179,0.4520951509475708,0.8007585406303406,0.8574428558349609,0.2609659433364868,0.2606091797351837,0.35210058093070984,2.4904372692108154,0.23941157758235931,0.7168161869049072,1.1618891954421997,14.402030944824219,0.7842771863937378,0.5844948220252991,0.7362370189030966,1.032099650700887,0.5601582487424215,0.6088314207394918,0.6801060263315837,0.7923680369059245,1.032099650700887,2.0,32.0,,,,
lewm-dmc:reacher.hard.occ-hacsmv4_noaux-s2,dmc:reacher.hard.occ,hacsmv4_noaux,2,851078,0.5806224457422893,0.24197664856910706,0.42916926741600037,0.8166768550872803,0.8786936402320862,0.2638866901397705,0.2614135146141052,0.3529730439186096,2.4283199310302734,0.23998405039310455,0.7168161869049072,1.1618891954421997,14.402030944824219,0.7825083557764689,0.5807067012786865,0.7363212807973226,1.0304969914754232,0.5561347921689351,0.6052786270777385,0.6807502094904582,0.7918923433621724,1.0304969914754232,2.0,32.0,,,,
lewm-dmc:reacher.hard.occ-hacsmv4_two_noaux-s0,dmc:reacher.hard.occ,hacsmv4_two_noaux,0,851076,0.555793551603953,0.23885023593902588,0.40889716148376465,0.7877017855644226,0.8340522050857544,0.26286500692367554,0.2578129172325134,0.3438999652862549,2.7046520709991455,0.23616909980773926,0.7168161869049072,1.1618891954421997,14.402030944824219,0.6385181808471679,0.5542768589655558,0.7227594518661499,,0.529825492699941,0.5787282339731852,0.6654348452885945,0.7800840497016907,,2.0,8.0,,,,
lewm-dmc:reacher.hard.occ-hacsmv4_two_noaux-s1,dmc:reacher.hard.occ,hacsmv4_two_noaux,1,851076,0.5499387224515279,0.2375677078962326,0.4228532314300537,0.7748017907142639,0.82414311170578,0.2584153413772583,0.256764680147171,0.3425811231136322,2.5298473834991455,0.23455975949764252,0.7168161869049072,1.1618891954421997,14.402030944824219,0.6382779407501221,0.5548251008987427,0.7217307806015014,,0.5307579485575358,0.5788922953605652,0.6640181374549866,0.7794434237480163,,2.0,8.0,,,,
lewm-dmc:reacher.hard.occ-hacsmv4_two_noaux-s2,dmc:reacher.hard.occ,hacsmv4_two_noaux,2,851076,0.5672390341758728,0.23827621340751648,0.4123753011226654,0.7964670062065125,0.8567823171615601,0.2609924077987671,0.25694626569747925,0.3452940881252289,2.3393149375915527,0.23633471131324768,0.7168161869049072,1.1618891954421997,14.402030944824219,0.636804978052775,0.5514344072341919,0.7221755401293437,,0.5271925965944926,0.5756762011845906,0.6646096277236938,0.7797414525349935,,2.0,8.0,,,,
lewm-dmc:reacher.hard.occ-hacssmv5-s0,dmc:reacher.hard.occ,hacssmv5,0,851332,0.5481863216559092,0.24027296900749207,0.4061109125614166,0.7524957060813904,0.8181800842285156,0.2635364532470703,0.25932788848876953,0.34049123525619507,2.5871264934539795,0.2377561628818512,0.7168161869049072,1.1618891954421997,14.402030944824219,0.764919323126475,0.8159937040011088,0.7138449168205261,,0.8406487027804057,0.791338730653127,0.6801276246706645,0.7475621835390727,,3.744523048400879,22.89848518371582,1.537874460220337,9.121116638183594,6.732607841491699,72.01102447509766
lewm-dmc:reacher.hard.occ-hacssmv5-s1,dmc:reacher.hard.occ,hacssmv5,1,851332,0.546962331533432,0.23898577690124512,0.4222722053527832,0.7441793084144592,0.8175352215766907,0.2573815584182739,0.2578275501728058,0.3398727774620056,2.774961471557617,0.2352316528558731,0.7168161869049072,1.1618891954421997,14.402030944824219,0.7635587970415751,0.8117650063832601,0.7153525876998902,,0.8359094500541687,0.7876205968856812,0.6817198983828227,0.7489852770169576,,3.6632766723632812,23.241275787353516,1.53156578540802,8.72616958618164,6.7251362800598145,69.40241241455078
lewm-dmc:reacher.hard.occ-hacssmv5-s2,dmc:reacher.hard.occ,hacssmv5,2,851332,0.5625325465202331,0.23908643424510956,0.4103209972381592,0.7770392298698425,0.8468770384788513,0.2607714533805847,0.25817692279815674,0.3434623181819916,2.3611087799072266,0.23891782760620117,0.7168161869049072,1.1618891954421997,14.402030944824219,0.7648918422063192,0.8153751866022746,0.7144084723790487,,0.8401819666226705,0.7905684153238932,0.6803866386413574,0.7484303402900696,,3.6876280307769775,23.05999183654785,1.5404928922653198,8.828472137451172,6.714704513549805,69.8432388305664
lewm-dmc:reacher.hard.occ-hacssmv5_fixedbeta_noaux-s0,dmc:reacher.hard.occ,hacssmv5_fixedbeta_noaux,0,851332,0.5476401313145955,0.24052003026008606,0.39978376030921936,0.7519442439079285,0.816928505897522,0.26394736766815186,0.2595098316669464,0.3399060368537903,2.4049291610717773,0.23883359134197235,0.7168161869049072,1.1618891954421997,14.402030944824219,0.756736896832784,0.7731123542785645,0.7403614481290182,,0.7888999827702841,0.7573247257868448,0.7118333983421326,0.7688894979159038,,3.4413464069366455,22.44293975830078,1.5000001192092896,7.999999046325684,7.999999046325684,63.999908447265625
lewm-dmc:reacher.hard.occ-hacssmv5_fixedbeta_noaux-s1,dmc:reacher.hard.occ,hacssmv5_fixedbeta_noaux,1,851332,0.5490772191683452,0.23886726796627045,0.4342271387577057,0.7510612607002258,0.8213086724281311,0.25834041833877563,0.25826093554496765,0.34218332171440125,2.8006927967071533,0.2363273650407791,0.7168161869049072,1.1618891954421997,14.402030944824219,0.7592598899205526,0.7787236380577087,0.739796158472697,,0.7957660444577535,0.7616812062263488,0.710684376557668,0.7689079403877258,,3.4413464069366455,22.44293975830078,1.5000001192092896,7.999999046325684,7.999999046325684,63.999908447265625
lewm-dmc:reacher.hard.occ-hacssmv5_fixedbeta_noaux-s2,dmc:reacher.hard.occ,hacssmv5_fixedbeta_noaux,2,851332,0.5583829685052236,0.239557147026062,0.4089567959308624,0.7644203305244446,0.8387952446937561,0.25965023040771484,0.2583330273628235,0.3418433368206024,2.46610689163208,0.23830054700374603,0.7168161869049072,1.1618891954421997,14.402030944824219,0.7598901391029358,0.7789826313654582,0.7407976722717285,,0.7957406918207804,0.7622245621681213,0.7118708658218383,0.7697244532903036,,3.4413464069366455,22.44293975830078,1.5000001192092896,7.999999046325684,7.999999046325684,63.999908447265625
lewm-dmc:reacher.hard.occ-hacssmv5_noaction-s0,dmc:reacher.hard.occ,hacssmv5_noaction,0,851332,0.5509726063410441,0.24052660167217255,0.40840962529182434,0.7662879824638367,0.8232427835464478,0.2632375955581665,0.2597500681877136,0.3425602614879608,2.6730833053588867,0.23856918513774872,0.7168161869049072,1.1618891954421997,14.402030944824219,0.7595165793100993,0.8078795830408733,0.7111535588900249,,0.8345345044136048,0.7812246704101562,0.6751751565933227,0.747131986618042,,3.8054304122924805,23.10103988647461,1.5168085098266602,9.084859848022461,6.683335781097412,72.57766723632812
lewm-dmc:reacher.hard.occ-hacssmv5_noaction-s1,dmc:reacher.hard.occ,hacssmv5_noaction,1,851332,0.5486676343282064,0.2394331842660904,0.4325195252895355,0.7544185519218445,0.8204278349876404,0.25732722878456116,0.2582891285419464,0.34240299463272095,2.946904182434082,0.23657414317131042,0.7168161869049072,1.1618891954421997,14.402030944824219,0.7580662719408671,0.8037806685765584,0.7123518498738607,,0.8301989897092183,0.7773623561859131,0.6763382085164388,0.7483654824892679,,3.7118735313415527,23.36140251159668,1.5200114250183105,8.762166976928711,6.662466049194336,69.53314208984375
lewm-dmc:reacher.hard.occ-hacssmv5_noaction-s2,dmc:reacher.hard.occ,hacssmv5_noaction,2,851332,0.5633999355634054,0.2395055741071701,0.4154403507709503,0.7864934802055359,0.8481954336166382,0.26065805554389954,0.2586037814617157,0.3453000485897064,2.3091392517089844,0.23911026120185852,0.7168161869049072,1.1618891954421997,14.402030944824219,0.7609636362393697,0.810423560142517,0.7115037123362223,,0.8371055102348328,0.7837416100502014,0.6757681393623352,0.7472393107414246,,3.7703866958618164,23.22918128967285,1.5268850326538086,9.017662048339844,6.6697468757629395,70.66289520263672
lewm-dmc:reacher.hard.occ-hacssmv5_noaux-s0,dmc:reacher.hard.occ,hacssmv5_noaux,0,851332,0.545560341278712,0.2402694672346115,0.3957050144672394,0.7456822991371155,0.8131440877914429,0.26388365030288696,0.25928184390068054,0.33853879570961,2.4134621620178223,0.23849612474441528,0.7168161869049072,1.1618891954421997,14.402030944824219,0.7609440430005392,0.791356463432312,0.7305316225687662,,0.8084641059239706,0.7742488551139831,0.7020056613286336,0.7590575750668843,,3.607193946838379,22.309558868408203,1.4151967763900757,8.8145751953125,6.841785430908203,70.25531768798828
lewm-dmc:reacher.hard.occ-hacssmv5_noaux-s1,dmc:reacher.hard.occ,hacssmv5_noaux,1,851332,0.5471752119064331,0.23856623470783234,0.43041491508483887,0.7460642457008362,0.8178889751434326,0.2580116391181946,0.2580566108226776,0.34096723794937134,2.8047187328338623,0.23588432371616364,0.7168161869049072,1.1618891954421997,14.402030944824219,0.7636921509106954,0.7975603357950847,0.7298239660263062,,0.8158575717608134,0.7792631340026855,0.700720165570577,0.7589277577400207,,3.5746991634368896,22.25712013244629,1.4217206239700317,8.47712230682373,6.824835300445557,67.94507598876953
lewm-dmc:reacher.hard.occ-hacssmv5_noaux-s2,dmc:reacher.hard.occ,hacssmv5_noaux,2,851332,0.5568647591272989,0.2391386330127716,0.40558919310569763,0.75899338722229,0.8362122774124146,0.25916606187820435,0.2580292522907257,0.34057387709617615,2.4376444816589355,0.23828034102916718,0.7168161869049072,1.1618891954421997,14.402030944824219,0.7643148914972941,0.7974132363001506,0.7312165466944377,,0.8154064186414083,0.7794200452168782,0.7023388576507569,0.760094226996104,,3.570802927017212,22.0981388092041,1.417943000793457,8.52906608581543,6.809021949768066,67.7185287475586
lewm-dmc:reacher.hard.occ-hacssmv5_single-s0,dmc:reacher.hard.occ,hacssmv5_single,0,851332,0.572855134010315,0.24461419880390167,0.4266156256198883,0.7929793000221252,0.8603603839874268,0.2697613835334778,0.265451043844223,0.35247695446014404,1.9582620859146118,0.24544304609298706,0.7168161869049072,1.1618891954421997,14.402030944824219,0.8847943131128947,1.0590210858980815,0.7105675490697225,,1.0810547971725464,1.0369874254862468,0.6887873490651448,0.7323478086789449,,3.5601885318756104,22.110904693603516,1.602391242980957,8.067824363708496,6.788114547729492,71.61361694335938
lewm-dmc:reacher.hard.occ-hacssmv5_single-s1,dmc:reacher.hard.occ,hacssmv5_single,1,851332,0.5731488847732544,0.24395225942134857,0.4271383285522461,0.7911775708198547,0.8622846603393555,0.26566505432128906,0.2639247179031372,0.3512844741344452,2.214648485183716,0.2416691780090332,0.7168161869049072,1.1618891954421997,14.402030944824219,0.888686846892039,1.065217571258545,0.7121561225255331,,1.0871783463160196,1.0432568049430848,0.6909091464678446,0.7334030818939209,,3.563124895095825,22.032276153564453,1.5977901220321655,8.036551475524902,6.785624027252197,72.52741241455078
lewm-dmc:reacher.hard.occ-hacssmv5_single-s2,dmc:reacher.hard.occ,hacssmv5_single,2,851332,0.5762723064422608,0.24352343380451202,0.41504207253456116,0.7955362200737,0.8680062890052795,0.2651625871658325,0.26472193002700806,0.3509005606174469,1.9608879089355469,0.24419669806957245,0.7168161869049072,1.1618891954421997,14.402030944824219,0.8869562673568726,1.062116305033366,0.7117962042490641,,1.0847270147005716,1.0395057058334352,0.6897370950380961,0.7338553388913472,,3.5619311332702637,22.16019058227539,1.6014865636825562,8.074240684509277,6.763821601867676,72.56366729736328
lewm-dmc:reacher.hard.occ-hacssmv5_ssmcontrol-s0,dmc:reacher.hard.occ,hacssmv5_ssmcontrol,0,851332,0.5634975417455037,0.24268268048763275,0.4018901586532593,0.7723017334938049,0.844986081123352,0.26440301537513733,0.26258736848831177,0.34513041377067566,2.376187562942505,0.24201896786689758,0.7168161869049072,1.1618891954421997,14.402030944824219,0.908150626818339,1.087680650552114,0.7286206118265788,,1.1052634859085082,1.0700977643330891,0.689019881884257,0.7682213505109151,,3.8040411472320557,23.817476272583008,1.4828670024871826,8.874666213989258,6.7731404304504395,73.0428237915039
lewm-dmc:reacher.hard.occ-hacssmv5_ssmcontrol-s1,dmc:reacher.hard.occ,hacssmv5_ssmcontrol,1,851332,0.5655773377418518,0.2422422617673874,0.4249548017978668,0.7725626826286316,0.8500053882598877,0.25886744260787964,0.26176899671554565,0.34686151146888733,2.7792201042175293,0.2413426786661148,0.7168161869049072,1.1618891954421997,14.402030944824219,0.9079261088371277,1.0890642817815144,0.7267879104614258,,1.1069023768107096,1.071226135889689,0.686916827360789,0.7666590023040771,,3.7241880893707275,23.60003662109375,1.5018417835235596,8.853554725646973,6.733692169189453,70.04051208496094
lewm-dmc:reacher.hard.occ-hacssmv5_ssmcontrol-s2,dmc:reacher.hard.occ,hacssmv5_ssmcontrol,2,851332,0.5792233244578043,0.2419867068529129,0.40937963128089905,0.7876603007316589,0.8763558864593506,0.25969982147216797,0.26141732931137085,0.3475589156150818,2.2614517211914062,0.24205739796161652,0.7168161869049072,1.1618891954421997,14.402030944824219,0.9095797761281331,1.089076103369395,0.7300834743181864,,1.1066294018427532,1.0715228048960368,0.6900996033350627,0.7700673707326253,,3.752856969833374,23.281204223632812,1.4859669208526611,8.93155574798584,6.7438836097717285,71.17091369628906
lewm-dmc:reacher.hard.occ-hacssmv5_static-s0,dmc:reacher.hard.occ,hacssmv5_static,0,851332,0.5611001062393188,0.24258263409137726,0.40146684646606445,0.7546563148498535,0.8404077291488647,0.26496851444244385,0.26252326369285583,0.3430894911289215,2.2415003776550293,0.24153895676136017,0.7168161869049072,1.1618891954421997,14.402030944824219,0.8722265346844991,1.0244849475224813,0.7199681218465169,,1.049237344264984,0.999732567469279,0.6814138714472453,0.7585223555564881,,3.8062868118286133,23.25678062438965,1.5844742059707642,8.988890647888184,6.717949867248535,71.75960540771484
lewm-dmc:reacher.hard.occ-hacssmv5_static-s1,dmc:reacher.hard.occ,hacssmv5_static,1,851332,0.5566433481375377,0.2420744001865387,0.4186922013759613,0.7426257133483887,0.8333248496055603,0.25733721256256104,0.2612772583961487,0.34217512607574463,2.185365915298462,0.23953592777252197,0.7168161869049072,1.1618891954421997,14.402030944824219,0.8735548909505209,1.0260744857788087,0.721035296122233,,1.0508738994598388,1.001275131702423,0.6824337927500407,0.759636816183726,,3.7434678077697754,23.36245346069336,1.5853705406188965,8.830913543701172,6.703754425048828,70.84629821777344
lewm-dmc:reacher.hard.occ-hacssmv5_static-s2,dmc:reacher.hard.occ,hacssmv5_static,2,851332,0.5731119585037231,0.2415006309747696,0.40050792694091797,0.7695754170417786,0.8648586869239807,0.26099473237991333,0.2610805332660675,0.34419479966163635,2.202261209487915,0.241929829120636,0.7168161869049072,1.1618891954421997,14.402030944824219,0.8724634265899658,1.0247060950597127,0.7202207239468893,,1.049412260055542,0.9999999554951986,0.6819214256604512,0.7585200222333273,,3.7876017093658447,23.228477478027344,1.587410807609558,9.03115463256836,6.736969947814941,71.9771957397461
lewm-dmc:reacher.hard.occ-none-s0,dmc:reacher.hard.occ,none,0,849280,0.7285711399714152,0.22986623644828796,0.7651302814483643,1.1874674558639526,1.1780753135681152,0.24348293244838715,0.24187953770160675,0.42332181334495544,1.1780753135681152,0.2184639722108841,0.7168161869049072,1.1618891954421997,14.402030944824219,,,,,,,,,,2.999999761581421,25.000003814697266,,,,
lewm-dmc:reacher.hard.occ-none-s1,dmc:reacher.hard.occ,none,1,849280,0.7275242884953816,0.22924812138080597,0.7106569409370422,1.1856275796890259,1.175940752029419,0.2536466717720032,0.24088534712791443,0.41752877831459045,1.175940752029419,0.22307522594928741,0.7168161869049072,1.1618891954421997,14.402030944824219,,,,,,,,,,2.999999761581421,25.000003814697266,,,,
lewm-dmc:reacher.hard.occ-none-s2,dmc:reacher.hard.occ,none,2,849280,0.7267875870068868,0.22561264038085938,0.7581647038459778,1.1869046688079834,1.176313042640686,0.2515984773635864,0.23986387252807617,0.42111167311668396,1.176313042640686,0.21962577104568481,0.7168161869049072,1.1618891954421997,14.402030944824219,,,,,,,,,,2.999999761581421,25.000003814697266,,,,
lewm-dmc:reacher.hard.occ-ssm-s0,dmc:reacher.hard.occ,ssm,0,849536,0.5662553278605144,0.25400781631469727,0.5568530559539795,0.7418460845947266,0.839677631855011,0.2666708827018738,0.27569887042045593,0.366595059633255,1.2903844118118286,0.26318442821502686,0.7168161869049072,1.1618891954421997,14.402030944824219,,,,,,,,,,,,,,,
lewm-dmc:reacher.hard.occ-ssm-s1,dmc:reacher.hard.occ,ssm,1,849536,0.5494019230206807,0.25508275628089905,0.5601924061775208,0.7201825976371765,0.8064088821411133,0.26634371280670166,0.2769544720649719,0.3643520176410675,1.2540490627288818,0.26337215304374695,0.7168161869049072,1.1618891954421997,14.402030944824219,,,,,,,,,,,,,,,
lewm-dmc:reacher.hard.occ-ssm-s2,dmc:reacher.hard.occ,ssm,2,849536,0.5513745514551799,0.2551017701625824,0.5711511969566345,0.7333247065544128,0.810852587223053,0.2659788131713867,0.2757767140865326,0.36644992232322693,1.3133119344711304,0.2649975121021271,0.7168161869049072,1.1618891954421997,14.402030944824219,,,,,,,,,,,,,,,
lewm-ogbench:cube-single.occ-hacsmv4-s0,ogbench:cube-single.occ,hacsmv4,0,851078,1.1635172621409098,0.7350388169288635,0.9755048751831055,1.5632542371749878,1.5876212120056152,0.7239018678665161,0.6789082884788513,0.8490614295005798,3.5022008419036865,0.7029036283493042,1.7784466743469238,2.1742355823516846,15.909912109375,1.4402302821477255,1.0709938716888427,1.3209967962900797,1.928700008392334,1.0425837755203247,1.0994039503733317,1.2703001499176025,1.3716933743158977,1.928700008392334,2.0,32.0,,,,
lewm-ogbench:cube-single.occ-hacsmv4-s1,ogbench:cube-single.occ,hacsmv4,1,851078,1.1653617922465007,0.7342124581336975,0.9758858680725098,1.5650057792663574,1.5917785167694092,0.7368072271347046,0.676219642162323,0.8489106893539429,3.3191919326782227,0.7123723030090332,1.7784466743469238,2.1742355823516846,15.909912109375,1.4394531202316285,1.0703605349858603,1.3203573433558147,1.9276413122812908,1.042071517308553,1.0986495526631672,1.2697692267100016,1.3709454600016275,1.9276413122812908,2.0,32.0,,,,
lewm-ogbench:cube-single.occ-hacsmv4-s2,ogbench:cube-single.occ,hacsmv4,2,851078,1.1434358914693197,0.731537938117981,0.9791520237922668,1.550872802734375,1.5526721477508545,0.7309024333953857,0.6731805801391602,0.8440228700637817,3.9396564960479736,0.7084594368934631,1.7784466743469238,2.1742355823516846,15.909912109375,1.440387142499288,1.0704484335581461,1.3209973271687825,1.9297152773539226,1.0422048314412435,1.0986919848124186,1.2704273255666096,1.3715673287709553,1.9297152773539226,2.0,32.0,,,,
lewm-ogbench:cube-single.occ-hacsmv4_noaux-s0,ogbench:cube-single.occ,hacsmv4_noaux,0,851078,1.1470977179209392,0.7320563197135925,0.9902780055999756,1.5650461912155151,1.5579719543457031,0.725312352180481,0.6769341826438904,0.8482451438903809,4.615085601806641,0.7014607787132263,1.7784466743469238,2.1742355823516846,15.909912109375,1.736512451171875,1.302008450826009,1.5483534479141234,2.3591752179463703,1.2678746747970582,1.3361422602335613,1.468064130147298,1.6286428165435791,2.3591752179463703,2.0,32.0,,,,
lewm-ogbench:cube-single.occ-hacsmv4_noaux-s1,ogbench:cube-single.occ,hacsmv4_noaux,1,851078,1.1428131198883056,0.7305243611335754,1.0211095809936523,1.5968173742294312,1.55231511592865,0.7324907779693604,0.6719376444816589,0.8524116277694702,4.295126914978027,0.7107360363006592,1.7784466743469238,2.1742355823516846,15.909912109375,1.7331462001800537,1.2910094769795735,1.543192392985026,2.365236390431722,1.257598975499471,1.3244199784596762,1.461225887934367,1.6251589155197144,2.365236390431722,2.0,32.0,,,,
lewm-ogbench:cube-single.occ-hacsmv4_noaux-s2,ogbench:cube-single.occ,hacsmv4_noaux,2,851078,1.1254300530751546,0.727518618106842,1.0206427574157715,1.5607266426086426,1.5203293561935425,0.7302366495132446,0.671444296836853,0.8464246988296509,4.53995418548584,0.7097323536872864,1.7784466743469238,2.1742355823516846,15.909912109375,1.7370682525634766,1.3063290961583456,1.5441265900929768,2.3607493273417153,1.2739780648549397,1.3386801274617512,1.463223730723063,1.6250294494628905,2.3607493273417153,2.0,32.0,,,,
lewm-ogbench:cube-single.occ-hacsmv4_two_noaux-s0,ogbench:cube-single.occ,hacsmv4_two_noaux,0,851076,1.0638425763448078,0.723698616027832,0.9526192545890808,1.3955706357955933,1.4067790508270264,0.7150383591651917,0.6675456166267395,0.8146693110466003,4.050622463226318,0.6979413628578186,1.7784466743469238,2.1742355823516846,15.909912109375,1.4065409247080485,1.2771215407053629,1.5359602578481037,,1.242037771542867,1.3122052923838297,1.4508234564463298,1.621097059249878,,2.0,8.0,,,,
lewm-ogbench:cube-single.occ-hacsmv4_two_noaux-s1,ogbench:cube-single.occ,hacsmv4_two_noaux,1,851076,1.049383274714152,0.7206119298934937,0.9723665714263916,1.4121475219726562,1.3826744556427002,0.7187261581420898,0.6619774699211121,0.8146089911460876,3.7435965538024902,0.7037913203239441,1.7784466743469238,2.1742355823516846,15.909912109375,1.400646702448527,1.2693973302841186,1.5318960920969644,,1.2343687693277994,1.3044258912404378,1.4465020942687987,1.6172900899251301,,2.0,8.0,,,,
lewm-ogbench:cube-single.occ-hacsmv4_two_noaux-s2,ogbench:cube-single.occ,hacsmv4_two_noaux,2,851076,1.0376195764541627,0.7192572355270386,0.9630001187324524,1.3935126066207886,1.3590729236602783,0.7172732353210449,0.6648770570755005,0.8117711544036865,4.389371395111084,0.7019056677818298,1.7784466743469238,2.1742355823516846,15.909912109375,1.4064437389373778,1.2775013955434162,1.5353860998153686,,1.24335644086202,1.3116463502248128,1.4489318497975667,1.6218402989705403,,2.0,8.0,,,,
lewm-ogbench:cube-single.occ-hacssmv5-s0,ogbench:cube-single.occ,hacssmv5,0,851332,1.1767340803146362,0.7323470711708069,0.9816592335700989,1.521095633506775,1.6152458190917969,0.7226125001907349,0.6763239502906799,0.8443922996520996,3.325813055038452,0.7065226435661316,1.7784466743469238,2.1742355823516846,15.909912109375,1.6527547709147135,1.731575803756714,1.5739337555567423,,1.7770500294367473,1.6861016464233398,1.4908331187566122,1.6570343923568727,,3.552849054336548,22.388763427734375,1.473071575164795,8.410648345947266,6.868395805358887,65.72101593017578
lewm-ogbench:cube-single.occ-hacssmv5-s1,ogbench:cube-single.occ,hacssmv5,1,851332,1.175002244313558,0.7300623655319214,0.9528369307518005,1.5322675704956055,1.6128878593444824,0.7289854288101196,0.6747990250587463,0.8416894674301147,3.382624864578247,0.7106103897094727,1.7784466743469238,2.1742355823516846,15.909912109375,1.651166098912557,1.7297893714904786,1.5725427754720052,,1.7755748351415,1.684003890355428,1.4901873874664306,1.6548981809616088,,3.5619773864746094,21.86467742919922,1.4772425889968872,8.553018569946289,6.872206687927246,67.35293579101562
lewm-ogbench:cube-single.occ-hacssmv5-s2,ogbench:cube-single.occ,hacssmv5,2,851332,1.1575073719024658,0.7287092208862305,0.9502783417701721,1.4858232736587524,1.581147313117981,0.7285330891609192,0.6722900867462158,0.8340432643890381,4.133305072784424,0.7106143832206726,1.7784466743469238,2.1742355823516846,15.909912109375,1.6505769062042237,1.7284043089548746,1.5727494351069133,,1.7742443370819092,1.6825642983118694,1.489874045054118,1.655624926884969,,3.533135175704956,22.076900482177734,1.4676826000213623,8.367069244384766,6.800563335418701,65.64608001708984
lewm-ogbench:cube-single.occ-hacssmv5_fixedbeta_noaux-s0,ogbench:cube-single.occ,hacssmv5_fixedbeta_noaux,0,851332,1.161535317103068,0.7301667332649231,0.9910103678703308,1.5322033166885376,1.587446928024292,0.7250772714614868,0.6746594309806824,0.8444477319717407,3.592174530029297,0.7058172821998596,1.7784466743469238,2.1742355823516846,15.909912109375,1.6976815207799276,1.71959059715271,1.6757724444071451,,1.7547184387842814,1.6844627730051676,1.5898672358194987,1.7616776021321614,,3.4413464069366455,22.44293975830078,1.5000001192092896,7.999999046325684,7.999999046325684,63.999908447265625
lewm-ogbench:cube-single.occ-hacssmv5_fixedbeta_noaux-s1,ogbench:cube-single.occ,hacssmv5_fixedbeta_noaux,1,851332,1.15409397761027,0.7271651029586792,0.982011079788208,1.5302495956420898,1.5760289430618286,0.7255594730377197,0.6709502339363098,0.8405668139457703,4.021086692810059,0.7081307172775269,1.7784466743469238,2.1742355823516846,15.909912109375,1.6915615558624268,1.712478427886963,1.6706447347005209,,1.748893798192342,1.676063141822815,1.5843415609995524,1.7569479258855183,,3.4413464069366455,22.44293975830078,1.5000001192092896,7.999999046325684,7.999999046325684,63.999908447265625
lewm-ogbench:cube-single.occ-hacssmv5_fixedbeta_noaux-s2,ogbench:cube-single.occ,hacssmv5_fixedbeta_noaux,2,851332,1.1430560445785523,0.725829005241394,0.9639749526977539,1.489729881286621,1.5558172464370728,0.7246074676513672,0.6700724959373474,0.8330307602882385,4.174017906188965,0.7086350321769714,1.7784466743469238,2.1742355823516846,15.909912109375,1.6979678901036581,1.7211604595184327,1.6747753206888836,,1.7576648855209351,1.6846560668945312,1.5876722240447998,1.7618783839543661,,3.4413464069366455,22.44293975830078,1.5000001192092896,7.999999046325684,7.999999046325684,63.999908447265625
lewm-ogbench:cube-single.occ-hacssmv5_noaction-s0,ogbench:cube-single.occ,hacssmv5_noaction,0,851332,1.2804046948750814,0.7357822060585022,0.9970361590385437,1.6794036626815796,1.8095418214797974,0.7332125902175903,0.6809777021408081,0.8727059364318848,3.392507553100586,0.7086118459701538,1.7784466743469238,2.1742355823516846,15.909912109375,1.6638562885920207,1.7437810802459717,1.5839315478007,,1.7914163208007812,1.6961457713445027,1.4927577733993531,1.6751053396860758,,3.797297954559326,23.158777236938477,1.4981964826583862,8.455557823181152,6.891191005706787,66.74425506591797
lewm-ogbench:cube-single.occ-hacssmv5_noaction-s1,ogbench:cube-single.occ,hacssmv5_noaction,1,851332,1.2542754459381102,0.7341846227645874,0.9759359955787659,1.6429880857467651,1.7608389854431152,0.7357004880905151,0.6789111495018005,0.8639362454414368,3.543433904647827,0.7140864133834839,1.7784466743469238,2.1742355823516846,15.909912109375,1.6589265648523968,1.7343789784113566,1.5834742021560668,,1.7822914791107178,1.6864665285746256,1.492933710416158,1.674014744758606,,3.732597589492798,22.910308837890625,1.5014982223510742,8.71013355255127,6.892792224884033,68.43500518798828
lewm-ogbench:cube-single.occ-hacssmv5_noaction-s2,ogbench:cube-single.occ,hacssmv5_noaction,2,851332,1.2534797207514445,0.7320185899734497,0.9725258350372314,1.6290006637573242,1.761312484741211,0.7362287044525146,0.6763060092926025,0.8604984879493713,4.387829780578613,0.7144282460212708,1.7784466743469238,2.1742355823516846,15.909912109375,1.6643178208669027,1.7453406556447346,1.58329505443573,,1.7934735774993897,1.6972078021367392,1.4923793347676595,1.6742107232411703,,3.742863178253174,23.11280632019043,1.490060567855835,8.48487377166748,6.814784526824951,67.03607940673828
lewm-ogbench:cube-single.occ-hacssmv5_noaux-s0,ogbench:cube-single.occ,hacssmv5_noaux,0,851332,1.1615415207544963,0.7300292253494263,0.9833044409751892,1.5263861417770386,1.5875048637390137,0.7245615720748901,0.6747281551361084,0.8430127501487732,3.3646609783172607,0.7054935097694397,1.7784466743469238,2.1742355823516846,15.909912109375,1.7053271452585856,1.7624756304423015,1.6481785917282104,,1.7980020300547281,1.7269491624832154,1.5648284403483073,1.7315287431081137,,3.530644416809082,22.353763580322266,1.3490855693817139,8.324578285217285,6.793344020843506,65.98502349853516
lewm-ogbench:cube-single.occ-hacssmv5_noaux-s1,ogbench:cube-single.occ,hacssmv5_noaux,1,851332,1.1478756459554036,0.7268039584159851,0.9747450351715088,1.49935781955719,1.5644258260726929,0.7250202894210815,0.6706455945968628,0.8359584808349609,3.7400951385498047,0.7077264189720154,1.7784466743469238,2.1742355823516846,15.909912109375,1.702418761253357,1.7613351758321125,1.643502295811971,,1.7984594790140789,1.7242108726501464,1.559371550877889,1.7276330582300823,,3.5471274852752686,21.87192726135254,1.3615107536315918,8.399256706237793,6.789576053619385,66.58775329589844
lewm-ogbench:cube-single.occ-hacssmv5_noaux-s2,ogbench:cube-single.occ,hacssmv5_noaux,2,851332,1.1538116709391275,0.7254887819290161,0.9615656733512878,1.5039743185043335,1.5766880512237549,0.7243776321411133,0.6698188781738281,0.8347631692886353,4.172239780426025,0.7079201340675354,1.7784466743469238,2.1742355823516846,15.909912109375,1.7068782997131349,1.7654077227910359,1.6483488941192628,,1.8022880617777506,1.7285273838043214,1.5634482908248901,1.7332495148976643,,3.501338481903076,22.236541748046875,1.3533515930175781,8.323330879211426,6.756800651550293,66.11993408203125
lewm-ogbench:cube-single.occ-hacssmv5_single-s0,ogbench:cube-single.occ,hacssmv5_single,0,851332,1.2990111494064331,0.7375611066818237,0.9956517219543457,1.728285312652588,1.841862440109253,0.7407329082489014,0.6850326061248779,0.881499707698822,3.1965107917785645,0.7098848223686218,1.7784466743469238,2.1742355823516846,15.909912109375,1.7757206694285075,2.0046899859110514,1.5467513863245645,,2.046328996022542,1.9630509408315022,1.4715060965220133,1.6219966761271158,,3.5015981197357178,22.27025604248047,1.6239289045333862,8.27615737915039,6.780002593994141,67.28959655761719
lewm-ogbench:cube-single.occ-hacssmv5_single-s1,ogbench:cube-single.occ,hacssmv5_single,1,851332,1.2909660053253174,0.736302375793457,1.0235897302627563,1.7143707275390625,1.8278517723083496,0.7446938753128052,0.6824994683265686,0.8813010454177856,3.1642003059387207,0.7186926603317261,1.7784466743469238,2.1742355823516846,15.909912109375,1.7832095257441203,2.021594826380412,1.5448242251078288,,2.0656548500061036,1.9775347518920898,1.4703285773595174,1.6193199237187703,,3.478013515472412,22.44033432006836,1.6240687370300293,7.984724521636963,6.776184558868408,66.62184143066406
lewm-ogbench:cube-single.occ-hacssmv5_single-s2,ogbench:cube-single.occ,hacssmv5_single,2,851332,1.2939434496561686,0.7335658669471741,0.9920828938484192,1.7008332014083862,1.8356297016143799,0.7512558698654175,0.6791390776634216,0.8751951456069946,3.5790860652923584,0.7164881825447083,1.7784466743469238,2.1742355823516846,15.909912109375,1.7757542037963867,2.0066973876953127,1.54481103738149,,2.0507724221547443,1.9626222006479899,1.4689609543482463,1.6206610695521038,,3.4853665828704834,22.475820541381836,1.6260864734649658,8.101357460021973,6.714810371398926,66.68689727783203
lewm-ogbench:cube-single.occ-hacssmv5_ssmcontrol-s0,ogbench:cube-single.occ,hacssmv5_ssmcontrol,0,851332,1.2944662682215373,0.7452194094657898,1.003632664680481,1.6898409128189087,1.8275275230407715,0.7404276132583618,0.691338300704956,0.8825082182884216,3.520655632019043,0.7181202173233032,1.7784466743469238,2.1742355823516846,15.909912109375,1.849443359375,2.0722881189982094,1.6265985488891601,,2.0976005363464356,2.0469756666819254,1.5148893308639526,1.7383077494303385,,3.817371129989624,23.246620178222656,1.4513816833496094,8.353917121887207,6.855078220367432,66.78929901123047
lewm-ogbench:cube-single.occ-hacssmv5_ssmcontrol-s1,ogbench:cube-single.occ,hacssmv5_ssmcontrol,1,851332,1.2838302675882975,0.743548572063446,0.9949072003364563,1.6580514907836914,1.8093751668930054,0.7422724366188049,0.6878309845924377,0.8758426308631897,3.6232056617736816,0.7231374382972717,1.7784466743469238,2.1742355823516846,15.909912109375,1.8473735253016155,2.0708687591552732,1.6238782405853271,,2.0963324673970543,2.045405085881551,1.5114142386118572,1.7363422759373983,,3.7668988704681396,23.288761138916016,1.4650646448135376,8.522781372070312,6.864222049713135,67.1750259399414
lewm-ogbench:cube-single.occ-hacssmv5_ssmcontrol-s2,ogbench:cube-single.occ,hacssmv5_ssmcontrol,2,851332,1.26466073513031,0.7399162650108337,0.9823325276374817,1.6303128004074097,1.7752429246902466,0.7402252554893494,0.6852845549583435,0.8683359026908875,4.13653039932251,0.7213409543037415,1.7784466743469238,2.1742355823516846,15.909912109375,1.8505059544245401,2.074509925842285,1.6265019830067953,,2.1000665537516277,2.048953297932943,1.5143446397781373,1.7386593770980836,,3.7516143321990967,23.055788040161133,1.4554667472839355,8.364694595336914,6.819615840911865,66.67990112304688
lewm-ogbench:cube-single.occ-hacssmv5_static-s0,ogbench:cube-single.occ,hacssmv5_static,0,851332,1.2158643404642742,0.7428670525550842,0.9844905734062195,1.5545868873596191,1.679900050163269,0.7336663603782654,0.6880581378936768,0.8589410185813904,3.6036744117736816,0.716854453086853,1.7784466743469238,2.1742355823516846,15.909912109375,1.7815656153361004,1.984083808263143,1.5790474224090576,,2.0233384704589845,1.9448291460673015,1.4823921775817872,1.6757027180989583,,3.6891252994537354,22.421741485595703,1.5216360092163086,8.501846313476562,6.913270950317383,65.54192352294922
lewm-ogbench:cube-single.occ-hacssmv5_static-s1,ogbench:cube-single.occ,hacssmv5_static,1,851332,1.1996390740076701,0.7406573295593262,0.9479504227638245,1.5338630676269531,1.650532603263855,0.7378753423690796,0.6854051351547241,0.8505720496177673,3.293567419052124,0.7212033867835999,1.7784466743469238,2.1742355823516846,15.909912109375,1.780569421450297,1.9842495505015056,1.5768892415364584,,2.023334655761719,1.9451644452412924,1.4811310116449992,1.6726474889119467,,3.629626989364624,22.07377052307129,1.5247671604156494,8.530572891235352,6.935479640960693,67.11991882324219
lewm-ogbench:cube-single.occ-hacssmv5_static-s2,ogbench:cube-single.occ,hacssmv5_static,2,851332,1.2021064885457358,0.738893449306488,0.9649508595466614,1.5208507776260376,1.6566741466522217,0.7353694438934326,0.6841328144073486,0.8500275611877441,4.042947292327881,0.720841646194458,1.7784466743469238,2.1742355823516846,15.909912109375,1.78084632396698,1.9844592221577961,1.5772333749135334,,2.0237299410502114,1.9451884682973226,1.4808898401260375,1.6735769780476888,,3.6889095306396484,22.391294479370117,1.5171492099761963,8.416440963745117,6.847530841827393,65.45027160644531
lewm-ogbench:cube-single.occ-none-s0,ogbench:cube-single.occ,none,0,849280,1.4620491472880046,0.6746501326560974,1.4465957880020142,2.252518653869629,2.2124695777893066,0.6872954964637756,0.6198342442512512,0.9470620155334473,2.2124695777893066,0.6640560626983643,1.7784466743469238,2.1742355823516846,15.909912109375,,,,,,,,,,2.999999761581421,25.000003814697266,,,,
lewm-ogbench:cube-single.occ-none-s1,ogbench:cube-single.occ,none,1,849280,1.4700770314534506,0.6737785339355469,1.4561511278152466,2.248972177505493,2.22941517829895,0.6716550588607788,0.6198316216468811,0.9469777345657349,2.22941517829895,0.6531439423561096,1.7784466743469238,2.1742355823516846,15.909912109375,,,,,,,,,,2.999999761581421,25.000003814697266,,,,
lewm-ogbench:cube-single.occ-none-s2,ogbench:cube-single.occ,none,2,849280,1.4706187915802003,0.6751646399497986,1.4145617485046387,2.2597599029541016,2.231309652328491,0.6885616779327393,0.6149047613143921,0.9431487321853638,2.231309652328491,0.6598700881004333,1.7784466743469238,2.1742355823516846,15.909912109375,,,,,,,,,,2.999999761581421,25.000003814697266,,,,
lewm-ogbench:cube-single.occ-ssm-s0,ogbench:cube-single.occ,ssm,0,849536,1.1276544729868572,0.7633853554725647,1.1009773015975952,1.4097198247909546,1.4920251369476318,0.7443556189537048,0.7100840210914612,0.8650901913642883,2.4917473793029785,0.7516983151435852,1.7784466743469238,2.1742355823516846,15.909912109375,,,,,,,,,,,,,,,
lewm-ogbench:cube-single.occ-ssm-s1,ogbench:cube-single.occ,ssm,1,849536,1.1213138643900553,0.7559855580329895,1.0777679681777954,1.3839787244796753,1.4840943813323975,0.7532798051834106,0.7049012780189514,0.8562589287757874,2.5146634578704834,0.7464998364448547,1.7784466743469238,2.1742355823516846,15.909912109375,,,,,,,,,,,,,,,
lewm-ogbench:cube-single.occ-ssm-s2,ogbench:cube-single.occ,ssm,2,849536,1.1179514567057292,0.7605587244033813,1.1539517641067505,1.442374348640442,1.4732717275619507,0.7562661170959473,0.7100614905357361,0.8734307885169983,2.5382614135742188,0.7507681846618652,1.7784466743469238,2.1742355823516846,15.909912109375,,,,,,,,,,,,,,,
