run_name,env,seed,condition,rho_fast,rho_medium,episodes,length,history_len,checkpoint_sha256,val_feature_sha256,native_recurrence_max_abs,static_gate_fast,static_gate_medium,route_fast,route_medium,action_head_fast_norm,action_head_medium_norm,action_head_cosine,mse_pre,mse_blackout_transition,mse_deep_blackout,mse_first_post,mse_recovery,mse_late_post,mse_all
lewm-dmc:ball_in_cup.catch.occ-hacssmv7-s0,dmc:ball_in_cup.catch.occ,0,learned,0.6077926158905029,0.5542831420898438,150,32,3,a680fed8f00680ae9fd6980d0068bbefc468edcd1b561318154020d00b38a16c,5c2ec44a40de88d7c8e7b434085e803367786348b0e7e6dc0e46445942b267d4,0.0,0.8425880074501038,0.8657308220863342,0.4862082898616791,0.5137916803359985,3.655268430709839,3.4687917232513428,0.6854745745658875,0.6026038217118809,0.7828424571288957,1.0440865190823874,0.9385449233651161,0.7633006013929844,0.7100568331281344,0.7377551254287533
lewm-dmc:ball_in_cup.catch.occ-hacssmv7-s0,dmc:ball_in_cup.catch.occ,0,rho00,0.0,0.0,150,32,3,a680fed8f00680ae9fd6980d0068bbefc468edcd1b561318154020d00b38a16c,5c2ec44a40de88d7c8e7b434085e803367786348b0e7e6dc0e46445942b267d4,0.0,0.8425880074501038,0.8657308220863342,0.4862082898616791,0.5137916803359985,3.655268430709839,3.4687917232513428,0.6854745745658875,0.602588490772815,0.7896579258309471,1.2590885325935153,1.4127443200349807,0.7865635935465495,0.7133464167133355,0.7801287494856736
lewm-dmc:ball_in_cup.catch.occ-hacssmv7-s0,dmc:ball_in_cup.catch.occ,0,rho11,1.0,1.0,150,32,3,a680fed8f00680ae9fd6980d0068bbefc468edcd1b561318154020d00b38a16c,5c2ec44a40de88d7c8e7b434085e803367786348b0e7e6dc0e46445942b267d4,0.0,0.8425880074501038,0.8657308220863342,0.4862082898616791,0.5137916803359985,3.655268430709839,3.4687917232513428,0.6854745745658875,0.6026201890479951,0.7817707357141707,1.1024586536486944,1.1909677321712175,0.7797935257852078,0.7145301504394947,0.7555336631337801
lewm-dmc:ball_in_cup.catch.occ-hacssmv7-s0,dmc:ball_in_cup.catch.occ,0,rho01,0.0,1.0,150,32,3,a680fed8f00680ae9fd6980d0068bbefc468edcd1b561318154020d00b38a16c,5c2ec44a40de88d7c8e7b434085e803367786348b0e7e6dc0e46445942b267d4,0.0,0.8425880074501038,0.8657308220863342,0.4862082898616791,0.5137916803359985,3.655268430709839,3.4687917232513428,0.6854745745658875,0.6026237830164887,0.7847722585333718,1.0502793665064705,0.9348063581188519,0.7641406412919363,0.7125533471810512,0.7396483624238392
lewm-dmc:ball_in_cup.catch.occ-hacssmv7-s0,dmc:ball_in_cup.catch.occ,0,rho10,1.0,0.0,150,32,3,a680fed8f00680ae9fd6980d0068bbefc468edcd1b561318154020d00b38a16c,5c2ec44a40de88d7c8e7b434085e803367786348b0e7e6dc0e46445942b267d4,0.0,0.8425880074501038,0.8657308220863342,0.4862082898616791,0.5137916803359985,3.655268430709839,3.4687917232513428,0.6854745745658875,0.6025803014919872,0.7821995598077774,1.0616251141164037,1.0066196388999622,0.769856007595857,0.7086538716462942,0.7416678661279295
lewm-dmc:ball_in_cup.catch.occ-hacssmv7-s1,dmc:ball_in_cup.catch.occ,1,learned,0.6003842949867249,0.550183117389679,150,32,3,2209f40915cdd22a1e42273f1b8579a8593466563cbc99d56bc68c4a0f07ec05,5c2ec44a40de88d7c8e7b434085e803367786348b0e7e6dc0e46445942b267d4,0.0,0.8443381786346436,0.8664736747741699,0.483975887298584,0.5160240530967712,3.6562092304229736,3.4857141971588135,0.6948409676551819,0.6148821813435782,0.7467073469029533,1.02053378853533,0.9090979705254237,0.7842936470607916,0.7164913288981487,0.7378610764152702
lewm-dmc:ball_in_cup.catch.occ-hacssmv7-s1,dmc:ball_in_cup.catch.occ,1,rho00,0.0,0.0,150,32,3,2209f40915cdd22a1e42273f1b8579a8593466563cbc99d56bc68c4a0f07ec05,5c2ec44a40de88d7c8e7b434085e803367786348b0e7e6dc0e46445942b267d4,0.0,0.8443381786346436,0.8664736747741699,0.483975887298584,0.5160240530967712,3.6562092304229736,3.4857141971588135,0.6948409676551819,0.6148624271438236,0.7584370235933198,1.339280064702034,1.5044246678551039,0.8143127106130124,0.7209587479478273,0.7966448988722659
lewm-dmc:ball_in_cup.catch.occ-hacssmv7-s1,dmc:ball_in_cup.catch.occ,1,rho11,1.0,1.0,150,32,3,2209f40915cdd22a1e42273f1b8579a8593466563cbc99d56bc68c4a0f07ec05,5c2ec44a40de88d7c8e7b434085e803367786348b0e7e6dc0e46445942b267d4,0.0,0.8443381786346436,0.8664736747741699,0.483975887298584,0.5160240530967712,3.6562092304229736,3.4857141971588135,0.6948409676551819,0.614900456681138,0.7435640306605233,1.0283079740405083,1.070735700329145,0.7857936106622219,0.717175477941831,0.7443283912333949
lewm-dmc:ball_in_cup.catch.occ-hacssmv7-s1,dmc:ball_in_cup.catch.occ,1,rho01,0.0,1.0,150,32,3,2209f40915cdd22a1e42273f1b8579a8593466563cbc99d56bc68c4a0f07ec05,5c2ec44a40de88d7c8e7b434085e803367786348b0e7e6dc0e46445942b267d4,0.0,0.8443381786346436,0.8664736747741699,0.483975887298584,0.5160240530967712,3.6562092304229736,3.4857141971588135,0.6948409676551819,0.6148923047099795,0.7514202272891999,1.0701127749681474,0.9503998230894407,0.7827518697082997,0.7179550672265199,0.7454539509031964
lewm-dmc:ball_in_cup.catch.occ-hacssmv7-s1,dmc:ball_in_cup.catch.occ,1,rho10,1.0,0.0,150,32,3,2209f40915cdd22a1e42273f1b8579a8593466563cbc99d56bc68c4a0f07ec05,5c2ec44a40de88d7c8e7b434085e803367786348b0e7e6dc0e46445942b267d4,0.0,0.8443381786346436,0.8664736747741699,0.483975887298584,0.5160240530967712,3.6562092304229736,3.4857141971588135,0.6948409676551819,0.6148668864724182,0.7448497032456928,1.0101358142826293,0.9117398261030515,0.787258049249649,0.7154446198466496,0.736415887603472
lewm-dmc:ball_in_cup.catch.occ-hacssmv7-s2,dmc:ball_in_cup.catch.occ,2,learned,0.5967376828193665,0.546744167804718,150,32,3,bb4e487a572c09cf757bdab108c420021f5f3f7e91431560871cd91d0877436d,5c2ec44a40de88d7c8e7b434085e803367786348b0e7e6dc0e46445942b267d4,0.0,0.8456250429153442,0.868115246295929,0.48733752965927124,0.5126624703407288,3.656207799911499,3.3968636989593506,0.6756304502487183,0.6172973476137433,0.720450299680233,1.0631368811262978,0.9502210929989815,0.778606765071551,0.7148461615122281,0.740423368914374
lewm-dmc:ball_in_cup.catch.occ-hacssmv7-s2,dmc:ball_in_cup.catch.occ,2,rho00,0.0,0.0,150,32,3,bb4e487a572c09cf757bdab108c420021f5f3f7e91431560871cd91d0877436d,5c2ec44a40de88d7c8e7b434085e803367786348b0e7e6dc0e46445942b267d4,0.0,0.8456250429153442,0.868115246295929,0.48733752965927124,0.5126624703407288,3.656207799911499,3.3968636989593506,0.6756304502487183,0.617302124656382,0.7230171099305153,1.331307912270228,1.5415691355864207,0.7883096837004026,0.7194670005028064,0.7915637740938143
lewm-dmc:ball_in_cup.catch.occ-hacssmv7-s2,dmc:ball_in_cup.catch.occ,2,rho11,1.0,1.0,150,32,3,bb4e487a572c09cf757bdab108c420021f5f3f7e91431560871cd91d0877436d,5c2ec44a40de88d7c8e7b434085e803367786348b0e7e6dc0e46445942b267d4,0.0,0.8456250429153442,0.868115246295929,0.48733752965927124,0.5126624703407288,3.656207799911499,3.3968636989593506,0.6756304502487183,0.6173033447137901,0.7215105092194345,1.1381388053629133,1.1778506617744764,0.792103373358647,0.7164534195417013,0.757793904113016
lewm-dmc:ball_in_cup.catch.occ-hacssmv7-s2,dmc:ball_in_cup.catch.occ,2,rho01,0.0,1.0,150,32,3,bb4e487a572c09cf757bdab108c420021f5f3f7e91431560871cd91d0877436d,5c2ec44a40de88d7c8e7b434085e803367786348b0e7e6dc0e46445942b267d4,0.0,0.8456250429153442,0.868115246295929,0.48733752965927124,0.5126624703407288,3.656207799911499,3.3968636989593506,0.6756304502487183,0.6173375512020929,0.7210375655359692,1.0753203044335047,0.9748502427339554,0.7780501981079578,0.7172603726769105,0.7436473086921648
lewm-dmc:ball_in_cup.catch.occ-hacssmv7-s2,dmc:ball_in_cup.catch.occ,2,rho10,1.0,0.0,150,32,3,bb4e487a572c09cf757bdab108c420021f5f3f7e91431560871cd91d0877436d,5c2ec44a40de88d7c8e7b434085e803367786348b0e7e6dc0e46445942b267d4,0.0,0.8456250429153442,0.868115246295929,0.48733752965927124,0.5126624703407288,3.656207799911499,3.3968636989593506,0.6756304502487183,0.6172625213577634,0.7204547039667766,1.087071678439776,0.9840468369921048,0.7809797879556815,0.7128149545880464,0.7433109523886922
lewm-dmc:ball_in_cup.catch.occ-hacssmv7-s3,dmc:ball_in_cup.catch.occ,3,learned,0.5980380773544312,0.5455588698387146,150,32,3,440ae96957381fa70e4ab9356eeab03343a2cc60414c68c5c439731caa7d2cee,5c2ec44a40de88d7c8e7b434085e803367786348b0e7e6dc0e46445942b267d4,0.0,0.8456738591194153,0.8680222034454346,0.4917338788509369,0.5082660913467407,3.6739447116851807,3.353562355041504,0.684240996837616,0.6131157520271483,0.7647535536355442,1.0604190492298868,0.9542183384299279,0.7700799124936263,0.7189649304671165,0.7451120804233112
lewm-dmc:ball_in_cup.catch.occ-hacssmv7-s3,dmc:ball_in_cup.catch.occ,3,rho00,0.0,0.0,150,32,3,440ae96957381fa70e4ab9356eeab03343a2cc60414c68c5c439731caa7d2cee,5c2ec44a40de88d7c8e7b434085e803367786348b0e7e6dc0e46445942b267d4,0.0,0.8456738591194153,0.8680222034454346,0.4917338788509369,0.5082660913467407,3.6739447116851807,3.353562355041504,0.684240996837616,0.6131210452176276,0.7831741395261552,1.3991449489196142,1.6968315704663595,0.7929316643377146,0.7206369941968184,0.80999242777797
lewm-dmc:ball_in_cup.catch.occ-hacssmv7-s3,dmc:ball_in_cup.catch.occ,3,rho11,1.0,1.0,150,32,3,440ae96957381fa70e4ab9356eeab03343a2cc60414c68c5c439731caa7d2cee,5c2ec44a40de88d7c8e7b434085e803367786348b0e7e6dc0e46445942b267d4,0.0,0.8456738591194153,0.8680222034454346,0.4917338788509369,0.5082660913467407,3.6739447116851807,3.353562355041504,0.684240996837616,0.6131207128082002,0.7573623196283976,1.072290784087446,1.10962645004193,0.7711893332004547,0.7224499054902639,0.7525744202972828
lewm-dmc:ball_in_cup.catch.occ-hacssmv7-s3,dmc:ball_in_cup.catch.occ,3,rho01,0.0,1.0,150,32,3,440ae96957381fa70e4ab9356eeab03343a2cc60414c68c5c439731caa7d2cee,5c2ec44a40de88d7c8e7b434085e803367786348b0e7e6dc0e46445942b267d4,0.0,0.8456738591194153,0.8680222034454346,0.4917338788509369,0.5082660913467407,3.6739447116851807,3.353562355041504,0.684240996837616,0.6131545541116169,0.7710656838615736,1.0980798913372887,0.9962652759750684,0.7732807023823262,0.7206459913039819,0.7520945921403238
lewm-dmc:ball_in_cup.catch.occ-hacssmv7-s3,dmc:ball_in_cup.catch.occ,3,rho10,1.0,0.0,150,32,3,440ae96957381fa70e4ab9356eeab03343a2cc60414c68c5c439731caa7d2cee,5c2ec44a40de88d7c8e7b434085e803367786348b0e7e6dc0e46445942b267d4,0.0,0.8456738591194153,0.8680222034454346,0.4917338788509369,0.5082660913467407,3.6739447116851807,3.353562355041504,0.684240996837616,0.6130824801467714,0.762150157392025,1.061805135872629,0.968795148630937,0.7673875834047794,0.7184475494882999,0.7450631620555088
lewm-dmc:ball_in_cup.catch.occ-hacssmv7-s4,dmc:ball_in_cup.catch.occ,4,learned,0.6184120178222656,0.5586782693862915,150,32,3,656da8c41829272d333a15eab67159db598df941a65fe6e00b13f57bce6d1b33,5c2ec44a40de88d7c8e7b434085e803367786348b0e7e6dc0e46445942b267d4,0.0,0.8386527895927429,0.8649896383285522,0.49581336975097656,0.5041865706443787,3.797914505004883,3.420578718185425,0.7338199019432068,0.6124041135041487,0.7678985611928834,1.0379647345675362,0.9217249886194865,0.7714479943116506,0.7091191328259615,0.7375030477858823
lewm-dmc:ball_in_cup.catch.occ-hacssmv7-s4,dmc:ball_in_cup.catch.occ,4,rho00,0.0,0.0,150,32,3,656da8c41829272d333a15eab67159db598df941a65fe6e00b13f57bce6d1b33,5c2ec44a40de88d7c8e7b434085e803367786348b0e7e6dc0e46445942b267d4,0.0,0.8386527895927429,0.8649896383285522,0.49581336975097656,0.5041865706443787,3.797914505004883,3.420578718185425,0.7338199019432068,0.6124134665301868,0.7856945240166452,1.2306948106156455,1.2259172133604685,0.7991071576376756,0.7122833833862574,0.7730992338712188
lewm-dmc:ball_in_cup.catch.occ-hacssmv7-s4,dmc:ball_in_cup.catch.occ,4,rho11,1.0,1.0,150,32,3,656da8c41829272d333a15eab67159db598df941a65fe6e00b13f57bce6d1b33,5c2ec44a40de88d7c8e7b434085e803367786348b0e7e6dc0e46445942b267d4,0.0,0.8386527895927429,0.8649896383285522,0.49581336975097656,0.5041865706443787,3.797914505004883,3.420578718185425,0.7338199019432068,0.6124030381866864,0.7611898970272806,1.0644234358270963,1.0953912967443467,0.775805265257756,0.7123234875385578,0.7472713252114154
lewm-dmc:ball_in_cup.catch.occ-hacssmv7-s4,dmc:ball_in_cup.catch.occ,4,rho01,0.0,1.0,150,32,3,656da8c41829272d333a15eab67159db598df941a65fe6e00b13f57bce6d1b33,5c2ec44a40de88d7c8e7b434085e803367786348b0e7e6dc0e46445942b267d4,0.0,0.8386527895927429,0.8649896383285522,0.49581336975097656,0.5041865706443787,3.797914505004883,3.420578718185425,0.7338199019432068,0.6124320442761694,0.7752308381266064,1.0648433574371867,0.9291319365302722,0.7674886017044386,0.7112595915412292,0.7419907147103343
lewm-dmc:ball_in_cup.catch.occ-hacssmv7-s4,dmc:ball_in_cup.catch.occ,4,rho10,1.0,0.0,150,32,3,656da8c41829272d333a15eab67159db598df941a65fe6e00b13f57bce6d1b33,5c2ec44a40de88d7c8e7b434085e803367786348b0e7e6dc0e46445942b267d4,0.0,0.8386527895927429,0.8649896383285522,0.49581336975097656,0.5041865706443787,3.797914505004883,3.420578718185425,0.7338199019432068,0.6123812096246651,0.7652345456348525,1.0477527629666858,0.967061236401399,0.7772182396054268,0.7081815625230471,0.7397754628134184
lewm-dmc:cheetah.run.occ-hacssmv7-s0,dmc:cheetah.run.occ,0,learned,0.6060476899147034,0.5702527761459351,150,32,3,94a56cce34cbd83086d659a875c48dedcae224bddd0e7647ded5a65cdae6795c,371fe1e7db5292eaae7a784fe4be93b06ef70d5ff0366240122e206afb15e775,0.0,0.8377199172973633,0.8610846996307373,0.51661616563797,0.48338383436203003,4.5281081199646,3.91318941116333,0.6695661544799805,0.14902631725228968,0.45964828400148283,0.6625421450866593,0.5647738442818324,0.18338923641790947,0.17137275331582014,0.2610052971811644
lewm-dmc:cheetah.run.occ-hacssmv7-s0,dmc:cheetah.run.occ,0,rho00,0.0,0.0,150,32,3,94a56cce34cbd83086d659a875c48dedcae224bddd0e7647ded5a65cdae6795c,371fe1e7db5292eaae7a784fe4be93b06ef70d5ff0366240122e206afb15e775,0.0,0.8377199172973633,0.8610846996307373,0.51661616563797,0.48338383436203003,4.5281081199646,3.91318941116333,0.6695661544799805,0.14916905789857818,0.36693335173030694,0.7817255742020077,0.9488609833518664,0.1799103087807695,0.17170246108220175,0.27693013027824204
lewm-dmc:cheetah.run.occ-hacssmv7-s0,dmc:cheetah.run.occ,0,rho11,1.0,1.0,150,32,3,94a56cce34cbd83086d659a875c48dedcae224bddd0e7647ded5a65cdae6795c,371fe1e7db5292eaae7a784fe4be93b06ef70d5ff0366240122e206afb15e775,0.0,0.8377199172973633,0.8610846996307373,0.51661616563797,0.48338383436203003,4.5281081199646,3.91318941116333,0.6695661544799805,0.14899795602829682,0.5335743265019522,1.0436366222302118,1.0866760411858558,0.2223959685365359,0.17525892986127964,0.33049836568448737
lewm-dmc:cheetah.run.occ-hacssmv7-s0,dmc:cheetah.run.occ,0,rho01,0.0,1.0,150,32,3,94a56cce34cbd83086d659a875c48dedcae224bddd0e7647ded5a65cdae6795c,371fe1e7db5292eaae7a784fe4be93b06ef70d5ff0366240122e206afb15e775,0.0,0.8377199172973633,0.8610846996307373,0.51661616563797,0.48338383436203003,4.5281081199646,3.91318941116333,0.6695661544799805,0.14912917003745124,0.3990570649753014,0.6190025260878934,0.6991121999422709,0.18233731285979352,0.17132074972375846,0.25479446674215384
lewm-dmc:cheetah.run.occ-hacssmv7-s0,dmc:cheetah.run.occ,0,rho10,1.0,0.0,150,32,3,94a56cce34cbd83086d659a875c48dedcae224bddd0e7647ded5a65cdae6795c,371fe1e7db5292eaae7a784fe4be93b06ef70d5ff0366240122e206afb15e775,0.0,0.8377199172973633,0.8610846996307373,0.51661616563797,0.48338383436203003,4.5281081199646,3.91318941116333,0.6695661544799805,0.14898744480240914,0.4878491136431694,0.8182501268717978,0.7700948705275853,0.2035823637122909,0.17287337314815093,0.2891663201393067
lewm-dmc:cheetah.run.occ-hacssmv7-s1,dmc:cheetah.run.occ,1,learned,0.6047461628913879,0.569223940372467,150,32,3,f31c16e59bdd6d192a4b6824547f1aaaee2c06aabf6d1a812fa5e984531ef6f9,371fe1e7db5292eaae7a784fe4be93b06ef70d5ff0366240122e206afb15e775,0.0,0.8380391597747803,0.863055408000946,0.5319422483444214,0.4680577218532562,4.424924373626709,3.804309129714966,0.6409822106361389,0.15002951115015006,0.42688438387380706,0.6001010936664211,0.5636871665219466,0.1805629267046849,0.1722919375487627,0.2515783178874816
lewm-dmc:cheetah.run.occ-hacssmv7-s1,dmc:cheetah.run.occ,1,rho00,0.0,0.0,150,32,3,f31c16e59bdd6d192a4b6824547f1aaaee2c06aabf6d1a812fa5e984531ef6f9,371fe1e7db5292eaae7a784fe4be93b06ef70d5ff0366240122e206afb15e775,0.0,0.8380391597747803,0.863055408000946,0.5319422483444214,0.4680577218532562,4.424924373626709,3.804309129714966,0.6409822106361389,0.15015479772573426,0.3703063055624565,0.750477980160051,0.8345890036225319,0.18228116024285554,0.17335797266318248,0.2712497037923199
lewm-dmc:cheetah.run.occ-hacssmv7-s1,dmc:cheetah.run.occ,1,rho11,1.0,1.0,150,32,3,f31c16e59bdd6d192a4b6824547f1aaaee2c06aabf6d1a812fa5e984531ef6f9,371fe1e7db5292eaae7a784fe4be93b06ef70d5ff0366240122e206afb15e775,0.0,0.8380391597747803,0.863055408000946,0.5319422483444214,0.4680577218532562,4.424924373626709,3.804309129714966,0.6409822106361389,0.1500827774866706,0.4749948229309585,0.8885776758525107,0.9697872077425321,0.2209356046343843,0.17648094981526719,0.3050761277023061
lewm-dmc:cheetah.run.occ-hacssmv7-s1,dmc:cheetah.run.occ,1,rho01,0.0,1.0,150,32,3,f31c16e59bdd6d192a4b6824547f1aaaee2c06aabf6d1a812fa5e984531ef6f9,371fe1e7db5292eaae7a784fe4be93b06ef70d5ff0366240122e206afb15e775,0.0,0.8380391597747803,0.863055408000946,0.5319422483444214,0.4680577218532562,4.424924373626709,3.804309129714966,0.6409822106361389,0.15013952039891765,0.38140017884473004,0.6416643022994201,0.7385354086756706,0.18234671170512834,0.17197259673514428,0.25720836813336817
lewm-dmc:cheetah.run.occ-hacssmv7-s1,dmc:cheetah.run.occ,1,rho10,1.0,0.0,150,32,3,f31c16e59bdd6d192a4b6824547f1aaaee2c06aabf6d1a812fa5e984531ef6f9,371fe1e7db5292eaae7a784fe4be93b06ef70d5ff0366240122e206afb15e775,0.0,0.8380391597747803,0.863055408000946,0.5319422483444214,0.4680577218532562,4.424924373626709,3.804309129714966,0.6409822106361389,0.15000639791289966,0.4508992269800769,0.7369747970832718,0.7344070889552434,0.20126245564470688,0.17419806631520773,0.2763853006869897
lewm-dmc:cheetah.run.occ-hacssmv7-s2,dmc:cheetah.run.occ,2,learned,0.600014328956604,0.5608435869216919,150,32,3,4bf82263a4c25ec9de3a30f635f7e6e65c7a9d5a85598c97c7a01d75e81b82d0,371fe1e7db5292eaae7a784fe4be93b06ef70d5ff0366240122e206afb15e775,0.0,0.8399056196212769,0.8651451468467712,0.524372398853302,0.475627601146698,4.522209644317627,3.8560335636138916,0.6271975636482239,0.15028950088435694,0.4439973796324597,0.6205165301925606,0.5521338403721651,0.184668827864031,0.17367745368717571,0.2560291941275542
lewm-dmc:cheetah.run.occ-hacssmv7-s2,dmc:cheetah.run.occ,2,rho00,0.0,0.0,150,32,3,4bf82263a4c25ec9de3a30f635f7e6e65c7a9d5a85598c97c7a01d75e81b82d0,371fe1e7db5292eaae7a784fe4be93b06ef70d5ff0366240122e206afb15e775,0.0,0.8399056196212769,0.8651451468467712,0.524372398853302,0.475627601146698,4.522209644317627,3.8560335636138916,0.6271975636482239,0.15025402246486572,0.37949301198124885,0.7066345938874615,0.7264768258730571,0.18528388469169538,0.17381142353018125,0.26437083020720675
lewm-dmc:cheetah.run.occ-hacssmv7-s2,dmc:cheetah.run.occ,2,rho11,1.0,1.0,150,32,3,4bf82263a4c25ec9de3a30f635f7e6e65c7a9d5a85598c97c7a01d75e81b82d0,371fe1e7db5292eaae7a784fe4be93b06ef70d5ff0366240122e206afb15e775,0.0,0.8399056196212769,0.8651451468467712,0.524372398853302,0.475627601146698,4.522209644317627,3.8560335636138916,0.6271975636482239,0.15039503196875253,0.5041769066287412,0.9387129591239823,0.9953501202662786,0.20963582185407478,0.17745216253858345,0.3138942999315673
lewm-dmc:cheetah.run.occ-hacssmv7-s2,dmc:cheetah.run.occ,2,rho01,0.0,1.0,150,32,3,4bf82263a4c25ec9de3a30f635f7e6e65c7a9d5a85598c97c7a01d75e81b82d0,371fe1e7db5292eaae7a784fe4be93b06ef70d5ff0366240122e206afb15e775,0.0,0.8399056196212769,0.8651451468467712,0.524372398853302,0.475627601146698,4.522209644317627,3.8560335636138916,0.6271975636482239,0.1502884762592259,0.3947887211541335,0.6042830214732223,0.6588649702072144,0.18499591297159593,0.1734411952128777,0.25285609984877466
lewm-dmc:cheetah.run.occ-hacssmv7-s2,dmc:cheetah.run.occ,2,rho10,1.0,0.0,150,32,3,4bf82263a4c25ec9de3a30f635f7e6e65c7a9d5a85598c97c7a01d75e81b82d0,371fe1e7db5292eaae7a784fe4be93b06ef70d5ff0366240122e206afb15e775,0.0,0.8399056196212769,0.8651451468467712,0.524372398853302,0.475627601146698,4.522209644317627,3.8560335636138916,0.6271975636482239,0.15031523237625757,0.4708849054823319,0.7567366682489713,0.7291603630781174,0.19758844713370005,0.17541009037158428,0.28068068206909746
lewm-dmc:cheetah.run.occ-hacssmv7-s3,dmc:cheetah.run.occ,3,learned,0.6092099547386169,0.5716177821159363,150,32,3,1fdc9e6050422ae0f82a8960e377c50bc8b946f3b2348b977fcc2f69c6ac1266,371fe1e7db5292eaae7a784fe4be93b06ef70d5ff0366240122e206afb15e775,0.0,0.8364729285240173,0.8610584735870361,0.5234137773513794,0.47658616304397583,4.494269371032715,3.7651360034942627,0.6141820549964905,0.1487043972242446,0.4090665127668116,0.5928685191770394,0.5553089692691962,0.18602942022184532,0.17132028588117698,0.2483195656058432
lewm-dmc:cheetah.run.occ-hacssmv7-s3,dmc:cheetah.run.occ,3,rho00,0.0,0.0,150,32,3,1fdc9e6050422ae0f82a8960e377c50bc8b946f3b2348b977fcc2f69c6ac1266,371fe1e7db5292eaae7a784fe4be93b06ef70d5ff0366240122e206afb15e775,0.0,0.8364729285240173,0.8610584735870361,0.5234137773513794,0.47658616304397583,4.494269371032715,3.7651360034942627,0.6141820549964905,0.14847768278349013,0.37486043656037915,0.7165079148279296,0.8160110189517339,0.18875523990641038,0.1728324358547345,0.2673721378801883
lewm-dmc:cheetah.run.occ-hacssmv7-s3,dmc:cheetah.run.occ,3,rho11,1.0,1.0,150,32,3,1fdc9e6050422ae0f82a8960e377c50bc8b946f3b2348b977fcc2f69c6ac1266,371fe1e7db5292eaae7a784fe4be93b06ef70d5ff0366240122e206afb15e775,0.0,0.8364729285240173,0.8610584735870361,0.5234137773513794,0.47658616304397583,4.494269371032715,3.7651360034942627,0.6141820549964905,0.1490145273719515,0.4456518889715274,0.8238504123025471,0.901303811520338,0.21456963320573172,0.1741408710124401,0.29123734470756574
lewm-dmc:cheetah.run.occ-hacssmv7-s3,dmc:cheetah.run.occ,3,rho01,0.0,1.0,150,32,3,1fdc9e6050422ae0f82a8960e377c50bc8b946f3b2348b977fcc2f69c6ac1266,371fe1e7db5292eaae7a784fe4be93b06ef70d5ff0366240122e206afb15e775,0.0,0.8364729285240173,0.8610584735870361,0.5234137773513794,0.47658616304397583,4.494269371032715,3.7651360034942627,0.6141820549964905,0.14854268286199795,0.38283251569502885,0.6069547462628947,0.672818431009849,0.18714504127701123,0.17094062158790155,0.2509826606935982
lewm-dmc:cheetah.run.occ-hacssmv7-s3,dmc:cheetah.run.occ,3,rho10,1.0,0.0,150,32,3,1fdc9e6050422ae0f82a8960e377c50bc8b946f3b2348b977fcc2f69c6ac1266,371fe1e7db5292eaae7a784fe4be93b06ef70d5ff0366240122e206afb15e775,0.0,0.8364729285240173,0.8610584735870361,0.5234137773513794,0.47658616304397583,4.494269371032715,3.7651360034942627,0.6141820549964905,0.148851504010104,0.4230378744668431,0.6919106463922394,0.6807837179303169,0.201143423927327,0.1728600331959434,0.2661054168269038
lewm-dmc:cheetah.run.occ-hacssmv7-s4,dmc:cheetah.run.occ,4,learned,0.6170011162757874,0.5831514000892639,150,32,3,db90ee8867b1cd7871897cfd78ad5b36dfccedc6af86947541b4ef9fac744f25,371fe1e7db5292eaae7a784fe4be93b06ef70d5ff0366240122e206afb15e775,0.0,0.833665668964386,0.8581328392028809,0.5452307462692261,0.4547693431377411,4.621852397918701,3.746295690536499,0.6406219005584717,0.14871496009684745,0.3872850690037012,0.5468614858885607,0.5327236221234004,0.17693996910005808,0.17185014540759416,0.24014137365437788
lewm-dmc:cheetah.run.occ-hacssmv7-s4,dmc:cheetah.run.occ,4,rho00,0.0,0.0,150,32,3,db90ee8867b1cd7871897cfd78ad5b36dfccedc6af86947541b4ef9fac744f25,371fe1e7db5292eaae7a784fe4be93b06ef70d5ff0366240122e206afb15e775,0.0,0.833665668964386,0.8581328392028809,0.5452307462692261,0.4547693431377411,4.621852397918701,3.746295690536499,0.6406219005584717,0.1489556642160529,0.36202632154855463,0.736958090050353,0.8170431582132975,0.1862245064849655,0.17281706067040944,0.2681295463519877
lewm-dmc:cheetah.run.occ-hacssmv7-s4,dmc:cheetah.run.occ,4,rho11,1.0,1.0,150,32,3,db90ee8867b1cd7871897cfd78ad5b36dfccedc6af86947541b4ef9fac744f25,371fe1e7db5292eaae7a784fe4be93b06ef70d5ff0366240122e206afb15e775,0.0,0.833665668964386,0.8581328392028809,0.5452307462692261,0.4547693431377411,4.621852397918701,3.746295690536499,0.6406219005584717,0.14870089816905202,0.4211047736803691,0.7166226207547718,0.8003084367513656,0.20815283354371786,0.17689896836685828,0.2748410056240257
lewm-dmc:cheetah.run.occ-hacssmv7-s4,dmc:cheetah.run.occ,4,rho01,0.0,1.0,150,32,3,db90ee8867b1cd7871897cfd78ad5b36dfccedc6af86947541b4ef9fac744f25,371fe1e7db5292eaae7a784fe4be93b06ef70d5ff0366240122e206afb15e775,0.0,0.833665668964386,0.8581328392028809,0.5452307462692261,0.4547693431377411,4.621852397918701,3.746295690536499,0.6406219005584717,0.14889692284166814,0.36110670352147684,0.6356230058272679,0.7333556802074115,0.17915300972759723,0.1720955938559312,0.2538404140595732
lewm-dmc:cheetah.run.occ-hacssmv7-s4,dmc:cheetah.run.occ,4,rho10,1.0,0.0,150,32,3,db90ee8867b1cd7871897cfd78ad5b36dfccedc6af86947541b4ef9fac744f25,371fe1e7db5292eaae7a784fe4be93b06ef70d5ff0366240122e206afb15e775,0.0,0.833665668964386,0.8581328392028809,0.5452307462692261,0.4547693431377411,4.621852397918701,3.746295690536499,0.6406219005584717,0.14867663795039768,0.402059171208077,0.6282024359371927,0.646213237742583,0.1947450440004468,0.17361760126665618,0.256008738941331
lewm-dmc:finger.spin.occ-hacssmv7-s0,dmc:finger.spin.occ,0,learned,0.6049289703369141,0.5305179357528687,150,32,3,c2047cd6b1598b8bbbdd83180f5ebfb0bd7be1a38b21961204f3a237c357f422,ee092c09ab7d7dd725b0c9e38f615296f055ac40d8b01a3a75f9dd87ba0297d7,0.0,0.8442884683609009,0.8873060941696167,0.5396386981010437,0.4603613018989563,3.727914333343506,3.6597225666046143,0.8019357919692993,0.35875337974656196,0.715781798776653,1.1187930681308111,1.1302779544393222,0.37261045547823113,0.36080439614179804,0.5027915266961202
lewm-dmc:finger.spin.occ-hacssmv7-s0,dmc:finger.spin.occ,0,rho00,0.0,0.0,150,32,3,c2047cd6b1598b8bbbdd83180f5ebfb0bd7be1a38b21961204f3a237c357f422,ee092c09ab7d7dd725b0c9e38f615296f055ac40d8b01a3a75f9dd87ba0297d7,0.0,0.8442884683609009,0.8873060941696167,0.5396386981010437,0.4603613018989563,3.727914333343506,3.6597225666046143,0.8019357919692993,0.3587275428218501,0.6824644064075417,1.1102041676474943,1.5647276732325555,0.3781275349110365,0.3610157950184284,0.5139064344900778
lewm-dmc:finger.spin.occ-hacssmv7-s0,dmc:finger.spin.occ,0,rho11,1.0,1.0,150,32,3,c2047cd6b1598b8bbbdd83180f5ebfb0bd7be1a38b21961204f3a237c357f422,ee092c09ab7d7dd725b0c9e38f615296f055ac40d8b01a3a75f9dd87ba0297d7,0.0,0.8442884683609009,0.8873060941696167,0.5396386981010437,0.4603613018989563,3.727914333343506,3.6597225666046143,0.8019357919692993,0.3587745665723369,0.7399805414676667,1.2600970743099849,1.2593768323461214,0.3757237503677607,0.36094935949796286,0.5246489937894646
lewm-dmc:finger.spin.occ-hacssmv7-s0,dmc:finger.spin.occ,0,rho01,0.0,1.0,150,32,3,c2047cd6b1598b8bbbdd83180f5ebfb0bd7be1a38b21961204f3a237c357f422,ee092c09ab7d7dd725b0c9e38f615296f055ac40d8b01a3a75f9dd87ba0297d7,0.0,0.8442884683609009,0.8873060941696167,0.5396386981010437,0.4603613018989563,3.727914333343506,3.6597225666046143,0.8019357919692993,0.3587356921249912,0.6968979291452302,1.086173602210151,1.1888220544656118,0.3733022375156482,0.3609415643490278,0.4995872863784604
lewm-dmc:finger.spin.occ-hacssmv7-s0,dmc:finger.spin.occ,0,rho10,1.0,0.0,150,32,3,c2047cd6b1598b8bbbdd83180f5ebfb0bd7be1a38b21961204f3a237c357f422,ee092c09ab7d7dd725b0c9e38f615296f055ac40d8b01a3a75f9dd87ba0297d7,0.0,0.8442884683609009,0.8873060941696167,0.5396386981010437,0.4603613018989563,3.727914333343506,3.6597225666046143,0.8019357919692993,0.35876497069994606,0.7269611838625537,1.172261073688666,1.145276938676834,0.3733521795272827,0.3607190686311477,0.5100120950858483
lewm-dmc:finger.spin.occ-hacssmv7-s1,dmc:finger.spin.occ,1,learned,0.6046826839447021,0.5317891240119934,150,32,3,a0a1ea475762bdaa262b00bae8cc6d65a5b2c0b285119d457a06898c41bedba1,ee092c09ab7d7dd725b0c9e38f615296f055ac40d8b01a3a75f9dd87ba0297d7,0.0,0.845021665096283,0.8863677978515625,0.5380330681800842,0.46196696162223816,3.643720865249634,3.781022548675537,0.7690123915672302,0.35959467909165793,0.7592003471155961,1.1551527237229877,1.144608126580715,0.3818781291693449,0.3607233544993095,0.5123444813644064
lewm-dmc:finger.spin.occ-hacssmv7-s1,dmc:finger.spin.occ,1,rho00,0.0,0.0,150,32,3,a0a1ea475762bdaa262b00bae8cc6d65a5b2c0b285119d457a06898c41bedba1,ee092c09ab7d7dd725b0c9e38f615296f055ac40d8b01a3a75f9dd87ba0297d7,0.0,0.845021665096283,0.8863677978515625,0.5380330681800842,0.46196696162223816,3.643720865249634,3.781022548675537,0.7690123915672302,0.3595804907594408,0.713264635834429,1.1049397980504565,1.5381083490451177,0.3824021901190281,0.36075775852952247,0.5160151836944038
lewm-dmc:finger.spin.occ-hacssmv7-s1,dmc:finger.spin.occ,1,rho11,1.0,1.0,150,32,3,a0a1ea475762bdaa262b00bae8cc6d65a5b2c0b285119d457a06898c41bedba1,ee092c09ab7d7dd725b0c9e38f615296f055ac40d8b01a3a75f9dd87ba0297d7,0.0,0.845021665096283,0.8863677978515625,0.5380330681800842,0.46196696162223816,3.643720865249634,3.781022548675537,0.7690123915672302,0.35960641439471924,0.7915146014756627,1.3101934281984966,1.3141742918888728,0.3868715594212214,0.3609869598578184,0.5380385130575334
lewm-dmc:finger.spin.occ-hacssmv7-s1,dmc:finger.spin.occ,1,rho01,0.0,1.0,150,32,3,a0a1ea475762bdaa262b00bae8cc6d65a5b2c0b285119d457a06898c41bedba1,ee092c09ab7d7dd725b0c9e38f615296f055ac40d8b01a3a75f9dd87ba0297d7,0.0,0.845021665096283,0.8863677978515625,0.5380330681800842,0.46196696162223816,3.643720865249634,3.781022548675537,0.7690123915672302,0.35957884382633937,0.7342329171134366,1.112799231674936,1.1882026105125745,0.3818116824825605,0.3608864990564493,0.5069482350469321
lewm-dmc:finger.spin.occ-hacssmv7-s1,dmc:finger.spin.occ,1,rho10,1.0,0.0,150,32,3,a0a1ea475762bdaa262b00bae8cc6d65a5b2c0b285119d457a06898c41bedba1,ee092c09ab7d7dd725b0c9e38f615296f055ac40d8b01a3a75f9dd87ba0297d7,0.0,0.845021665096283,0.8863677978515625,0.5380330681800842,0.46196696162223816,3.643720865249634,3.781022548675537,0.7690123915672302,0.35960675196278663,0.7735933548708757,1.2133156981401974,1.1730990890661877,0.38319743275642393,0.3606103028051364,0.5208759418558115
lewm-dmc:finger.spin.occ-hacssmv7-s2,dmc:finger.spin.occ,2,learned,0.6083526015281677,0.5355343818664551,150,32,3,c19ceda61b10650f5b2fb10cff6562ec215c1a37aa057e7bf82a3d7f6ca2c4ed,ee092c09ab7d7dd725b0c9e38f615296f055ac40d8b01a3a75f9dd87ba0297d7,0.0,0.8431675434112549,0.8868383765220642,0.5422403812408447,0.4577595889568329,3.721968650817871,3.827301025390625,0.7695533633232117,0.357310652534167,0.7082450096971459,1.1616632031400997,1.1635068212946256,0.37930278211832047,0.35820542625891855,0.5065407632120039
lewm-dmc:finger.spin.occ-hacssmv7-s2,dmc:finger.spin.occ,2,rho00,0.0,0.0,150,32,3,c19ceda61b10650f5b2fb10cff6562ec215c1a37aa057e7bf82a3d7f6ca2c4ed,ee092c09ab7d7dd725b0c9e38f615296f055ac40d8b01a3a75f9dd87ba0297d7,0.0,0.8431675434112549,0.8868383765220642,0.5422403812408447,0.4577595889568329,3.721968650817871,3.827301025390625,0.7695533633232117,0.357296144174678,0.6826275107430088,1.1826094652546777,1.7091756729284922,0.38262129967411357,0.3582542424286023,0.5251209434849777
lewm-dmc:finger.spin.occ-hacssmv7-s2,dmc:finger.spin.occ,2,rho11,1.0,1.0,150,32,3,c19ceda61b10650f5b2fb10cff6562ec215c1a37aa057e7bf82a3d7f6ca2c4ed,ee092c09ab7d7dd725b0c9e38f615296f055ac40d8b01a3a75f9dd87ba0297d7,0.0,0.8431675434112549,0.8868383765220642,0.5422403812408447,0.4577595889568329,3.721968650817871,3.827301025390625,0.7695533633232117,0.35732364280592827,0.7274574842386775,1.312978944811556,1.3377189739545186,0.3831031514455875,0.35845986465230967,0.5305682173833765
lewm-dmc:finger.spin.occ-hacssmv7-s2,dmc:finger.spin.occ,2,rho01,0.0,1.0,150,32,3,c19ceda61b10650f5b2fb10cff6562ec215c1a37aa057e7bf82a3d7f6ca2c4ed,ee092c09ab7d7dd725b0c9e38f615296f055ac40d8b01a3a75f9dd87ba0297d7,0.0,0.8431675434112549,0.8868383765220642,0.5422403812408447,0.4577595889568329,3.721968650817871,3.827301025390625,0.7695533633232117,0.35729644317002524,0.6938521129058467,1.1294343497024641,1.2313295735915502,0.37957703401645027,0.35832165381465203,0.5041241252148289
lewm-dmc:finger.spin.occ-hacssmv7-s2,dmc:finger.spin.occ,2,rho10,1.0,0.0,150,32,3,c19ceda61b10650f5b2fb10cff6562ec215c1a37aa057e7bf82a3d7f6ca2c4ed,ee092c09ab7d7dd725b0c9e38f615296f055ac40d8b01a3a75f9dd87ba0297d7,0.0,0.8431675434112549,0.8868383765220642,0.5422403812408447,0.4577595889568329,3.721968650817871,3.827301025390625,0.7695533633232117,0.3573214910924435,0.7167114083468914,1.2204112735059527,1.1933651262521743,0.38006571620702745,0.35813428993026414,0.5145469245160448
lewm-dmc:finger.spin.occ-hacssmv7-s3,dmc:finger.spin.occ,3,learned,0.6068165898323059,0.5298849940299988,150,32,3,99b185894f89b79dd400b4c133939cb2d88e44e3db618338af415fe04e838f70,ee092c09ab7d7dd725b0c9e38f615296f055ac40d8b01a3a75f9dd87ba0297d7,0.0,0.843899130821228,0.887721061706543,0.5444741249084473,0.4555259346961975,3.7573628425598145,3.81463623046875,0.7955915331840515,0.3611257883622533,0.6926337289479044,1.1778357643220159,1.1700522744655608,0.3771836365759373,0.3620689980800335,0.5093312248621864
lewm-dmc:finger.spin.occ-hacssmv7-s3,dmc:finger.spin.occ,3,rho00,0.0,0.0,150,32,3,99b185894f89b79dd400b4c133939cb2d88e44e3db618338af415fe04e838f70,ee092c09ab7d7dd725b0c9e38f615296f055ac40d8b01a3a75f9dd87ba0297d7,0.0,0.843899130821228,0.887721061706543,0.5444741249084473,0.4555259346961975,3.7573628425598145,3.81463623046875,0.7955915331840515,0.3611042444336982,0.6703544950650798,1.131781851914194,1.4569674669702848,0.37932977606852847,0.36211893054537286,0.5123210989024447
lewm-dmc:finger.spin.occ-hacssmv7-s3,dmc:finger.spin.occ,3,rho11,1.0,1.0,150,32,3,99b185894f89b79dd400b4c133939cb2d88e44e3db618338af415fe04e838f70,ee092c09ab7d7dd725b0c9e38f615296f055ac40d8b01a3a75f9dd87ba0297d7,0.0,0.843899130821228,0.887721061706543,0.5444741249084473,0.4555259346961975,3.7573628425598145,3.81463623046875,0.7955915331840515,0.3611434148393926,0.7095854831735293,1.3176693581872516,1.3121757088104884,0.3817537456005812,0.36236687199809614,0.5309041711705169
lewm-dmc:finger.spin.occ-hacssmv7-s3,dmc:finger.spin.occ,3,rho01,0.0,1.0,150,32,3,99b185894f89b79dd400b4c133939cb2d88e44e3db618338af415fe04e838f70,ee092c09ab7d7dd725b0c9e38f615296f055ac40d8b01a3a75f9dd87ba0297d7,0.0,0.843899130821228,0.887721061706543,0.5444741249084473,0.4555259346961975,3.7573628425598145,3.81463623046875,0.7955915331840515,0.3611078461507956,0.6801810183789995,1.1406808237565889,1.2102110895514488,0.3773913985739152,0.36220454935844126,0.5056549475110811
lewm-dmc:finger.spin.occ-hacssmv7-s3,dmc:finger.spin.occ,3,rho10,1.0,0.0,150,32,3,99b185894f89b79dd400b4c133939cb2d88e44e3db618338af415fe04e838f70,ee092c09ab7d7dd725b0c9e38f615296f055ac40d8b01a3a75f9dd87ba0297d7,0.0,0.843899130821228,0.887721061706543,0.5444741249084473,0.4555259346961975,3.7573628425598145,3.81463623046875,0.7955915331840515,0.36113838875577564,0.7002957697709401,1.2312610264950328,1.1945857700705529,0.3783659762640794,0.36200029574143583,0.5165503681836457
lewm-dmc:finger.spin.occ-hacssmv7-s4,dmc:finger.spin.occ,4,learned,0.6044338941574097,0.5307834148406982,150,32,3,110f81598d474b79887654b58bd6b705df3566edbfd3190610cfe0ba247246b6,ee092c09ab7d7dd725b0c9e38f615296f055ac40d8b01a3a75f9dd87ba0297d7,0.0,0.8451882004737854,0.8864704966545105,0.5364384055137634,0.46356162428855896,3.6615333557128906,3.917576789855957,0.7798798680305481,0.3611359891863096,0.7427323512236277,1.1271218790941768,1.114618349770705,0.3802882915486892,0.3619867892104846,0.5075357864779988
lewm-dmc:finger.spin.occ-hacssmv7-s4,dmc:finger.spin.occ,4,rho00,0.0,0.0,150,32,3,110f81598d474b79887654b58bd6b705df3566edbfd3190610cfe0ba247246b6,ee092c09ab7d7dd725b0c9e38f615296f055ac40d8b01a3a75f9dd87ba0297d7,0.0,0.8451882004737854,0.8864704966545105,0.5364384055137634,0.46356162428855896,3.6615333557128906,3.917576789855957,0.7798798680305481,0.36110404959746767,0.7030038195186191,1.0918311297893524,1.5105002223451933,0.38112792807320756,0.36206009611105305,0.5135093283807409
lewm-dmc:finger.spin.occ-hacssmv7-s4,dmc:finger.spin.occ,4,rho11,1.0,1.0,150,32,3,110f81598d474b79887654b58bd6b705df3566edbfd3190610cfe0ba247246b6,ee092c09ab7d7dd725b0c9e38f615296f055ac40d8b01a3a75f9dd87ba0297d7,0.0,0.8451882004737854,0.8864704966545105,0.5364384055137634,0.46356162428855896,3.6615333557128906,3.917576789855957,0.7798798680305481,0.36116174740450724,0.7714313234885534,1.295032759507497,1.2977299731969834,0.3853065593789021,0.3622201852232982,0.5346458614026678
lewm-dmc:finger.spin.occ-hacssmv7-s4,dmc:finger.spin.occ,4,rho01,0.0,1.0,150,32,3,110f81598d474b79887654b58bd6b705df3566edbfd3190610cfe0ba247246b6,ee092c09ab7d7dd725b0c9e38f615296f055ac40d8b01a3a75f9dd87ba0297d7,0.0,0.8451882004737854,0.8864704966545105,0.5364384055137634,0.46356162428855896,3.6615333557128906,3.917576789855957,0.7798798680305481,0.36111386929949124,0.720434407889843,1.0881314218706555,1.1661230726043383,0.38056530666848026,0.36211820696026853,0.5030443086483698
lewm-dmc:finger.spin.occ-hacssmv7-s4,dmc:finger.spin.occ,4,rho10,1.0,0.0,150,32,3,110f81598d474b79887654b58bd6b705df3566edbfd3190610cfe0ba247246b6,ee092c09ab7d7dd725b0c9e38f615296f055ac40d8b01a3a75f9dd87ba0297d7,0.0,0.8451882004737854,0.8864704966545105,0.5364384055137634,0.46356162428855896,3.6615333557128906,3.917576789855957,0.7798798680305481,0.361150392670007,0.7559465591775046,1.1910934140284857,1.150911405980587,0.38138476183017095,0.36191551474042427,0.5168191479163609
lewm-dmc:reacher.hard.occ-hacssmv7-s0,dmc:reacher.hard.occ,0,learned,0.6364878416061401,0.5556245446205139,150,32,3,dcffd73c6911b81c758fc8ab7b388360a7fe64d0f01a11503e490c4f6cc7f522,55853430940c35b897a88f48b07e9f63e5dcd0fab9c9bfaf65903220502338cd,0.0,0.8370252251625061,0.8944051265716553,0.6173809170722961,0.38261911273002625,3.3345043659210205,3.2322499752044678,0.7846517562866211,0.2400112081709362,0.41850913445154825,0.8012359968158934,0.8355602624018987,0.2610404515763124,0.25893571443473684,0.34700411393810277
lewm-dmc:reacher.hard.occ-hacssmv7-s0,dmc:reacher.hard.occ,0,rho00,0.0,0.0,150,32,3,dcffd73c6911b81c758fc8ab7b388360a7fe64d0f01a11503e490c4f6cc7f522,55853430940c35b897a88f48b07e9f63e5dcd0fab9c9bfaf65903220502338cd,0.0,0.8370252251625061,0.8944051265716553,0.6173809170722961,0.38261911273002625,3.3345043659210205,3.2322499752044678,0.7846517562866211,0.2399787500536158,0.4066343943609132,0.7881905069284969,1.0046900325020154,0.2629401101420323,0.25902948670280285,0.3504234322126227
lewm-dmc:reacher.hard.occ-hacssmv7-s0,dmc:reacher.hard.occ,0,rho11,1.0,1.0,150,32,3,dcffd73c6911b81c758fc8ab7b388360a7fe64d0f01a11503e490c4f6cc7f522,55853430940c35b897a88f48b07e9f63e5dcd0fab9c9bfaf65903220502338cd,0.0,0.8370252251625061,0.8944051265716553,0.6173809170722961,0.38261911273002625,3.3345043659210205,3.2322499752044678,0.7846517562866211,0.24003536311998253,0.42724662171469796,0.8616243034932348,0.9073565761248271,0.2637419244647026,0.2592285195814493,0.3569541895543707
lewm-dmc:reacher.hard.occ-hacssmv7-s0,dmc:reacher.hard.occ,0,rho01,0.0,1.0,150,32,3,dcffd73c6911b81c758fc8ab7b388360a7fe64d0f01a11503e490c4f6cc7f522,55853430940c35b897a88f48b07e9f63e5dcd0fab9c9bfaf65903220502338cd,0.0,0.8370252251625061,0.8944051265716553,0.6173809170722961,0.38261911273002625,3.3345043659210205,3.2322499752044678,0.7846517562866211,0.23998806257333075,0.410497132341067,0.7764923166897562,0.8569899611671765,0.26155697129666805,0.2591236280592588,0.34446882253919525
lewm-dmc:reacher.hard.occ-hacssmv7-s0,dmc:reacher.hard.occ,0,rho10,1.0,0.0,150,32,3,dcffd73c6911b81c758fc8ab7b388360a7fe64d0f01a11503e490c4f6cc7f522,55853430940c35b897a88f48b07e9f63e5dcd0fab9c9bfaf65903220502338cd,0.0,0.8370252251625061,0.8944051265716553,0.6173809170722961,0.38261911273002625,3.3345043659210205,3.2322499752044678,0.7846517562866211,0.24002414140672912,0.42314317257867917,0.8356547149022421,0.8750036932031313,0.2622546099871397,0.2588753035817391,0.35246394869068576
lewm-dmc:reacher.hard.occ-hacssmv7-s1,dmc:reacher.hard.occ,1,learned,0.6347947120666504,0.5489640831947327,150,32,3,6178f1539db60c62c044d774a262e02324c11239b0518b3367083d75a299cfab,55853430940c35b897a88f48b07e9f63e5dcd0fab9c9bfaf65903220502338cd,0.0,0.8374942541122437,0.8956524133682251,0.624795138835907,0.37520480155944824,3.4482786655426025,3.391862154006958,0.7828574180603027,0.2387785824033476,0.42767656048138936,0.7717861392431788,0.8149780195951462,0.25663994570573173,0.25766305939700357,0.343024684798786
lewm-dmc:reacher.hard.occ-hacssmv7-s1,dmc:reacher.hard.occ,1,rho00,0.0,0.0,150,32,3,6178f1539db60c62c044d774a262e02324c11239b0518b3367083d75a299cfab,55853430940c35b897a88f48b07e9f63e5dcd0fab9c9bfaf65903220502338cd,0.0,0.8374942541122437,0.8956524133682251,0.624795138835907,0.37520480155944824,3.4482786655426025,3.391862154006958,0.7828574180603027,0.2387529628404549,0.41785830691456793,0.7878986405995158,0.9721978851159414,0.25727125773827236,0.2575391513433976,0.3490789982924859
lewm-dmc:reacher.hard.occ-hacssmv7-s1,dmc:reacher.hard.occ,1,rho11,1.0,1.0,150,32,3,6178f1539db60c62c044d774a262e02324c11239b0518b3367083d75a299cfab,55853430940c35b897a88f48b07e9f63e5dcd0fab9c9bfaf65903220502338cd,0.0,0.8374942541122437,0.8956524133682251,0.624795138835907,0.37520480155944824,3.4482786655426025,3.391862154006958,0.7828574180603027,0.23879678549865882,0.43447932892375524,0.8174056251181496,0.8665215259790421,0.2592006864895423,0.25809186831116676,0.35059826026274554
lewm-dmc:reacher.hard.occ-hacssmv7-s1,dmc:reacher.hard.occ,1,rho01,0.0,1.0,150,32,3,6178f1539db60c62c044d774a262e02324c11239b0518b3367083d75a299cfab,55853430940c35b897a88f48b07e9f63e5dcd0fab9c9bfaf65903220502338cd,0.0,0.8374942541122437,0.8956524133682251,0.624795138835907,0.37520480155944824,3.4482786655426025,3.391862154006958,0.7828574180603027,0.23875533067044757,0.420983468790849,0.7629893745647537,0.838596464196841,0.25671833582222464,0.25779168627392024,0.34229416904007565
lewm-dmc:reacher.hard.occ-hacssmv7-s1,dmc:reacher.hard.occ,1,rho10,1.0,0.0,150,32,3,6178f1539db60c62c044d774a262e02324c11239b0518b3367083d75a299cfab,55853430940c35b897a88f48b07e9f63e5dcd0fab9c9bfaf65903220502338cd,0.0,0.8374942541122437,0.8956524133682251,0.624795138835907,0.37520480155944824,3.4482786655426025,3.391862154006958,0.7828574180603027,0.23879292180140813,0.4314739741384983,0.7976343660222159,0.8432197186350823,0.257851753855745,0.257665727113684,0.3471535569626367
lewm-dmc:reacher.hard.occ-hacssmv7-s2,dmc:reacher.hard.occ,2,learned,0.6375492811203003,0.5547717809677124,150,32,3,c230017a93589b8922a8a76bc31c8f2d4fffaee14f3d254a6fe86a65253d143d,55853430940c35b897a88f48b07e9f63e5dcd0fab9c9bfaf65903220502338cd,0.0,0.8365044593811035,0.8942118883132935,0.6173559427261353,0.38264402747154236,3.3148884773254395,3.2000927925109863,0.7865815758705139,0.23960261531883761,0.4128957595345047,0.7894354341758623,0.8470968469977379,0.26034165469308695,0.2581353448178524,0.3450948802544468
lewm-dmc:reacher.hard.occ-hacssmv7-s2,dmc:reacher.hard.occ,2,rho00,0.0,0.0,150,32,3,c230017a93589b8922a8a76bc31c8f2d4fffaee14f3d254a6fe86a65253d143d,55853430940c35b897a88f48b07e9f63e5dcd0fab9c9bfaf65903220502338cd,0.0,0.8365044593811035,0.8942118883132935,0.6173559427261353,0.38264402747154236,3.3148884773254395,3.2000927925109863,0.7865815758705139,0.2395835292339325,0.40503755904734134,0.7968296047382885,1.016406630674998,0.26094593562185764,0.2580599044225155,0.35088839501399416
lewm-dmc:reacher.hard.occ-hacssmv7-s2,dmc:reacher.hard.occ,2,rho11,1.0,1.0,150,32,3,c230017a93589b8922a8a76bc31c8f2d4fffaee14f3d254a6fe86a65253d143d,55853430940c35b897a88f48b07e9f63e5dcd0fab9c9bfaf65903220502338cd,0.0,0.8365044593811035,0.8942118883132935,0.6173559427261353,0.38264402747154236,3.3148884773254395,3.2000927925109863,0.7865815758705139,0.23961743671269645,0.41918171684775085,0.8355343676275677,0.9018871072928111,0.2640200709799925,0.25856012290677965,0.35285100542950903
lewm-dmc:reacher.hard.occ-hacssmv7-s2,dmc:reacher.hard.occ,2,rho01,0.0,1.0,150,32,3,c230017a93589b8922a8a76bc31c8f2d4fffaee14f3d254a6fe86a65253d143d,55853430940c35b897a88f48b07e9f63e5dcd0fab9c9bfaf65903220502338cd,0.0,0.8365044593811035,0.8942118883132935,0.6173559427261353,0.38264402747154236,3.3148884773254395,3.2000927925109863,0.7865815758705139,0.23958556020898478,0.40764633272257117,0.7764090040657255,0.8732798087596894,0.2603712393095096,0.25830790882691357,0.3441824149640127
lewm-dmc:reacher.hard.occ-hacssmv7-s2,dmc:reacher.hard.occ,2,rho10,1.0,0.0,150,32,3,c230017a93589b8922a8a76bc31c8f2d4fffaee14f3d254a6fe86a65253d143d,55853430940c35b897a88f48b07e9f63e5dcd0fab9c9bfaf65903220502338cd,0.0,0.8365044593811035,0.8942118883132935,0.6173559427261353,0.38264402747154236,3.3148884773254395,3.2000927925109863,0.7865815758705139,0.23961368935803573,0.4161301093382968,0.8153786476453145,0.876558264096578,0.2619845017294089,0.25809660493945463,0.34922776649053067
lewm-dmc:reacher.hard.occ-hacssmv7-s3,dmc:reacher.hard.occ,3,learned,0.6415448784828186,0.5565185546875,150,32,3,b1cd773743fb9402652d2fa181d6a66e9f9cccb5ed76756b92303a8cf0b669b9,55853430940c35b897a88f48b07e9f63e5dcd0fab9c9bfaf65903220502338cd,0.0,0.8361536860466003,0.8940653800964355,0.6203194856643677,0.3796805441379547,3.388941764831543,3.3596677780151367,0.793072521686554,0.23841048892410027,0.41723993569612505,0.7796043725146188,0.8213234695792199,0.25944558935860795,0.2557414578130612,0.3422158602402471
lewm-dmc:reacher.hard.occ-hacssmv7-s3,dmc:reacher.hard.occ,3,rho00,0.0,0.0,150,32,3,b1cd773743fb9402652d2fa181d6a66e9f9cccb5ed76756b92303a8cf0b669b9,55853430940c35b897a88f48b07e9f63e5dcd0fab9c9bfaf65903220502338cd,0.0,0.8361536860466003,0.8940653800964355,0.6203194856643677,0.3796805441379547,3.388941764831543,3.3596677780151367,0.793072521686554,0.23837281102580685,0.4105805647207631,0.8141817248529858,1.0417140928904216,0.26230391236642997,0.2556973955016106,0.3528718829326246
lewm-dmc:reacher.hard.occ-hacssmv7-s3,dmc:reacher.hard.occ,3,rho11,1.0,1.0,150,32,3,b1cd773743fb9402652d2fa181d6a66e9f9cccb5ed76756b92303a8cf0b669b9,55853430940c35b897a88f48b07e9f63e5dcd0fab9c9bfaf65903220502338cd,0.0,0.8361536860466003,0.8940653800964355,0.6203194856643677,0.3796805441379547,3.388941764831543,3.3596677780151367,0.793072521686554,0.23843658911685148,0.42276932812399337,0.8161726100246112,0.8585596437255542,0.2616194622218609,0.2561319411240327,0.34818606003605085
lewm-dmc:reacher.hard.occ-hacssmv7-s3,dmc:reacher.hard.occ,3,rho01,0.0,1.0,150,32,3,b1cd773743fb9402652d2fa181d6a66e9f9cccb5ed76756b92303a8cf0b669b9,55853430940c35b897a88f48b07e9f63e5dcd0fab9c9bfaf65903220502338cd,0.0,0.8361536860466003,0.8940653800964355,0.6203194856643677,0.3796805441379547,3.388941764831543,3.3596677780151367,0.793072521686554,0.2383796391955444,0.41292591573463544,0.7808841152654754,0.8691065623362859,0.26034543732802073,0.25586644370204364,0.3436603024995875
lewm-dmc:reacher.hard.occ-hacssmv7-s3,dmc:reacher.hard.occ,3,rho10,1.0,0.0,150,32,3,b1cd773743fb9402652d2fa181d6a66e9f9cccb5ed76756b92303a8cf0b669b9,55853430940c35b897a88f48b07e9f63e5dcd0fab9c9bfaf65903220502338cd,0.0,0.8361536860466003,0.8940653800964355,0.6203194856643677,0.3796805441379547,3.388941764831543,3.3596677780151367,0.793072521686554,0.23842779482404391,0.41988394915229743,0.7980483447180854,0.836943685511748,0.26028872941931086,0.2557368271969832,0.3449962532169175
lewm-dmc:reacher.hard.occ-hacssmv7-s4,dmc:reacher.hard.occ,4,learned,0.6433011293411255,0.5589380860328674,150,32,3,6648bba548a9ed3e188ef594eeccc194e9e6d651b276ba7e3ca15e14048551ec,55853430940c35b897a88f48b07e9f63e5dcd0fab9c9bfaf65903220502338cd,0.0,0.8367004990577698,0.8958912491798401,0.6303520798683167,0.36964792013168335,3.274942398071289,3.37436842918396,0.7649146318435669,0.2404131226064194,0.4093877290106482,0.7502138862676091,0.8118966361880302,0.25876553664604823,0.2588024556961579,0.3398467702624099
lewm-dmc:reacher.hard.occ-hacssmv7-s4,dmc:reacher.hard.occ,4,rho00,0.0,0.0,150,32,3,6648bba548a9ed3e188ef594eeccc194e9e6d651b276ba7e3ca15e14048551ec,55853430940c35b897a88f48b07e9f63e5dcd0fab9c9bfaf65903220502338cd,0.0,0.8367004990577698,0.8958912491798401,0.6303520798683167,0.36964792013168335,3.274942398071289,3.37436842918396,0.7649146318435669,0.24037734446071443,0.4036453139533599,0.774333577685886,0.9614633028705915,0.2600273745507002,0.2588856833657393,0.34702103523687383
lewm-dmc:reacher.hard.occ-hacssmv7-s4,dmc:reacher.hard.occ,4,rho11,1.0,1.0,150,32,3,6648bba548a9ed3e188ef594eeccc194e9e6d651b276ba7e3ca15e14048551ec,55853430940c35b897a88f48b07e9f63e5dcd0fab9c9bfaf65903220502338cd,0.0,0.8367004990577698,0.8958912491798401,0.6303520798683167,0.36964792013168335,3.274942398071289,3.37436842918396,0.7649146318435669,0.2404373292802345,0.41391586566964783,0.7801826563146379,0.8420221215486526,0.26142213130990666,0.259117797571115,0.3447846421899124
lewm-dmc:reacher.hard.occ-hacssmv7-s4,dmc:reacher.hard.occ,4,rho01,0.0,1.0,150,32,3,6648bba548a9ed3e188ef594eeccc194e9e6d651b276ba7e3ca15e14048551ec,55853430940c35b897a88f48b07e9f63e5dcd0fab9c9bfaf65903220502338cd,0.0,0.8367004990577698,0.8958912491798401,0.6303520798683167,0.36964792013168335,3.274942398071289,3.37436842918396,0.7649146318435669,0.2403789647562163,0.4057959245228105,0.7519865172439152,0.8455629898111026,0.25887302237252396,0.2589587580259794,0.3408887230168129
lewm-dmc:reacher.hard.occ-hacssmv7-s4,dmc:reacher.hard.occ,4,rho10,1.0,0.0,150,32,3,6648bba548a9ed3e188ef594eeccc194e9e6d651b276ba7e3ca15e14048551ec,55853430940c35b897a88f48b07e9f63e5dcd0fab9c9bfaf65903220502338cd,0.0,0.8367004990577698,0.8958912491798401,0.6303520798683167,0.36964792013168335,3.274942398071289,3.37436842918396,0.7649146318435669,0.240433921909758,0.41156458370387555,0.764915551841259,0.8235898671547571,0.26020017467439177,0.2587739084412654,0.3420872029739207
lewm-ogbench:cube-single.occ-hacssmv7-s0,ogbench:cube-single.occ,0,learned,0.6181888580322266,0.5235942006111145,150,32,3,c710c84398aff5165a103dafb1bbfd4b5850c199d9099f364a3e08739a68bfa0,fec6cd4b7a133952e230e54491c785631553cce6e5bf8d324ab366acbb076497,0.0,0.8373484015464783,0.8896684050559998,0.5748752355575562,0.4251247048377991,4.187596321105957,3.614713668823242,0.7895894050598145,0.7339175814106351,0.9641761081086264,1.359559852745798,1.3670266771316528,0.7235288067658743,0.6791594748619275,0.8190271867691785
lewm-ogbench:cube-single.occ-hacssmv7-s0,ogbench:cube-single.occ,0,rho00,0.0,0.0,150,32,3,c710c84398aff5165a103dafb1bbfd4b5850c199d9099f364a3e08739a68bfa0,fec6cd4b7a133952e230e54491c785631553cce6e5bf8d324ab366acbb076497,0.0,0.8373484015464783,0.8896684050559998,0.5748752355575562,0.4251247048377991,4.187596321105957,3.614713668823242,0.7895894050598145,0.7339134961366653,0.9581580608420902,1.3604547547631793,1.6652206854025522,0.7253219724694888,0.6790518359572459,0.8288541868123515
lewm-ogbench:cube-single.occ-hacssmv7-s0,ogbench:cube-single.occ,0,rho11,1.0,1.0,150,32,3,c710c84398aff5165a103dafb1bbfd4b5850c199d9099f364a3e08739a68bfa0,fec6cd4b7a133952e230e54491c785631553cce6e5bf8d324ab366acbb076497,0.0,0.8373484015464783,0.8896684050559998,0.5748752355575562,0.4251247048377991,4.187596321105957,3.614713668823242,0.7895894050598145,0.7339245669330869,0.9693734661075804,1.4617040532827377,1.4899917256832123,0.7296679921944936,0.6796213989380079,0.8350038076885815
lewm-ogbench:cube-single.occ-hacssmv7-s0,ogbench:cube-single.occ,0,rho01,0.0,1.0,150,32,3,c710c84398aff5165a103dafb1bbfd4b5850c199d9099f364a3e08739a68bfa0,fec6cd4b7a133952e230e54491c785631553cce6e5bf8d324ab366acbb076497,0.0,0.8373484015464783,0.8896684050559998,0.5748752355575562,0.4251247048377991,4.187596321105957,3.614713668823242,0.7895894050598145,0.7339184451954706,0.9613694447278976,1.3487704144583808,1.4403254014253617,0.7233988517522811,0.6793269322086604,0.8202145488817116
lewm-ogbench:cube-single.occ-hacssmv7-s0,ogbench:cube-single.occ,0,rho10,1.0,0.0,150,32,3,c710c84398aff5165a103dafb1bbfd4b5850c199d9099f364a3e08739a68bfa0,fec6cd4b7a133952e230e54491c785631553cce6e5bf8d324ab366acbb076497,0.0,0.8373484015464783,0.8896684050559998,0.5748752355575562,0.4251247048377991,4.187596321105957,3.614713668823242,0.7895894050598145,0.7339173140412285,0.9660942508114709,1.4013412972953585,1.4017728130022684,0.7259453095992406,0.6790942806540391,0.8248833421831844
lewm-ogbench:cube-single.occ-hacssmv7-s1,ogbench:cube-single.occ,1,learned,0.6186119318008423,0.5228995680809021,150,32,3,e4741a0606c510d04291926125cc54c0b43fac90e3a5f027f256027431640d71,fec6cd4b7a133952e230e54491c785631553cce6e5bf8d324ab366acbb076497,0.0,0.8375009298324585,0.8907772302627563,0.5818276405334473,0.4181724190711975,4.203898906707764,3.6619350910186768,0.7788559794425964,0.731468062258902,0.9708843442466524,1.4059822190470166,1.3697870115439097,0.7249735293785731,0.6740718827874232,0.8218463680079614
lewm-ogbench:cube-single.occ-hacssmv7-s1,ogbench:cube-single.occ,1,rho00,0.0,0.0,150,32,3,e4741a0606c510d04291926125cc54c0b43fac90e3a5f027f256027431640d71,fec6cd4b7a133952e230e54491c785631553cce6e5bf8d324ab366acbb076497,0.0,0.8375009298324585,0.8907772302627563,0.5818276405334473,0.4181724190711975,4.203898906707764,3.6619350910186768,0.7788559794425964,0.7314361749944233,0.9461118208037482,1.3314931178092957,1.5773394266764322,0.7270351905624072,0.6739586993364187,0.8188186531025788
lewm-ogbench:cube-single.occ-hacssmv7-s1,ogbench:cube-single.occ,1,rho11,1.0,1.0,150,32,3,e4741a0606c510d04291926125cc54c0b43fac90e3a5f027f256027431640d71,fec6cd4b7a133952e230e54491c785631553cce6e5bf8d324ab366acbb076497,0.0,0.8375009298324585,0.8907772302627563,0.5818276405334473,0.4181724190711975,4.203898906707764,3.6619350910186768,0.7788559794425964,0.7314939781313851,0.9878260708517499,1.537638513578309,1.5595651745796204,0.7333188371857008,0.6745370274476516,0.8445529588269092
lewm-ogbench:cube-single.occ-hacssmv7-s1,ogbench:cube-single.occ,1,rho01,0.0,1.0,150,32,3,e4741a0606c510d04291926125cc54c0b43fac90e3a5f027f256027431640d71,fec6cd4b7a133952e230e54491c785631553cce6e5bf8d324ab366acbb076497,0.0,0.8375009298324585,0.8907772302627563,0.5818276405334473,0.4181724190711975,4.203898906707764,3.6619350910186768,0.7788559794425964,0.7314494335367566,0.956388386355506,1.3543254207902484,1.4017649157842,0.7246049138903617,0.6742438749166635,0.8161528473681418
lewm-ogbench:cube-single.occ-hacssmv7-s1,ogbench:cube-single.occ,1,rho10,1.0,0.0,150,32,3,e4741a0606c510d04291926125cc54c0b43fac90e3a5f027f256027431640d71,fec6cd4b7a133952e230e54491c785631553cce6e5bf8d324ab366acbb076497,0.0,0.8375009298324585,0.8907772302627563,0.5818276405334473,0.4181724190711975,4.203898906707764,3.6619350910186768,0.7788559794425964,0.7314783944402422,0.9792814666032791,1.4713349972168606,1.4535327223936716,0.7285835627714793,0.6740055768459271,0.8325851896370965
lewm-ogbench:cube-single.occ-hacssmv7-s2,ogbench:cube-single.occ,2,learned,0.6154287457466125,0.5196764469146729,150,32,3,43f342ccb6f7cc0e1097ea1a885008c68a2b3127eed0999496ed86ce34f44ac6,fec6cd4b7a133952e230e54491c785631553cce6e5bf8d324ab366acbb076497,0.0,0.8382485508918762,0.889434278011322,0.5725870132446289,0.4274129271507263,4.076598644256592,3.5757436752319336,0.7932119965553284,0.7295353523038682,0.9541778696245617,1.3485664816035166,1.3310922243197758,0.7237344082196554,0.6761886463409815,0.81324117113804
lewm-ogbench:cube-single.occ-hacssmv7-s2,ogbench:cube-single.occ,2,rho00,0.0,0.0,150,32,3,43f342ccb6f7cc0e1097ea1a885008c68a2b3127eed0999496ed86ce34f44ac6,fec6cd4b7a133952e230e54491c785631553cce6e5bf8d324ab366acbb076497,0.0,0.8382485508918762,0.889434278011322,0.5725870132446289,0.4274129271507263,4.076598644256592,3.5757436752319336,0.7932119965553284,0.7295289934816814,0.9386815206872092,1.356994670761956,1.6714386463165283,0.7226503765583039,0.6762061299880345,0.8241776075171328
lewm-ogbench:cube-single.occ-hacssmv7-s2,ogbench:cube-single.occ,2,rho11,1.0,1.0,150,32,3,43f342ccb6f7cc0e1097ea1a885008c68a2b3127eed0999496ed86ce34f44ac6,fec6cd4b7a133952e230e54491c785631553cce6e5bf8d324ab366acbb076497,0.0,0.8382485508918762,0.889434278011322,0.5725870132446289,0.4274129271507263,4.076598644256592,3.5757436752319336,0.7932119965553284,0.7295434689805621,0.9664937465058433,1.4534985976086723,1.4476688889662426,0.7313048852483431,0.676488768343742,0.8300487573496227
lewm-ogbench:cube-single.occ-hacssmv7-s2,ogbench:cube-single.occ,2,rho01,0.0,1.0,150,32,3,43f342ccb6f7cc0e1097ea1a885008c68a2b3127eed0999496ed86ce34f44ac6,fec6cd4b7a133952e230e54491c785631553cce6e5bf8d324ab366acbb076497,0.0,0.8382485508918762,0.889434278011322,0.5725870132446289,0.4274129271507263,4.076598644256592,3.5757436752319336,0.7932119965553284,0.7295337260337103,0.9460231852531433,1.3410842157734766,1.4158680248260498,0.723490195274353,0.6763194980147558,0.814588281892497
lewm-ogbench:cube-single.occ-hacssmv7-s2,ogbench:cube-single.occ,2,rho10,1.0,0.0,150,32,3,43f342ccb6f7cc0e1097ea1a885008c68a2b3127eed0999496ed86ce34f44ac6,fec6cd4b7a133952e230e54491c785631553cce6e5bf8d324ab366acbb076497,0.0,0.8382485508918762,0.889434278011322,0.5725870132446289,0.4274129271507263,4.076598644256592,3.5757436752319336,0.7932119965553284,0.729536640048027,0.9593851141134898,1.3895020707448325,1.35815178891023,0.7263142071167628,0.6761263020756917,0.8190979367254795
lewm-ogbench:cube-single.occ-hacssmv7-s3,ogbench:cube-single.occ,3,learned,0.6125333309173584,0.5198764204978943,150,32,3,81624787446ae4714c7a9b0d9b89bd9429d98bd998a7c937de8ba5521304d246,fec6cd4b7a133952e230e54491c785631553cce6e5bf8d324ab366acbb076497,0.0,0.8394590020179749,0.8892399668693542,0.5718109607696533,0.4281890392303467,4.13861083984375,3.6313464641571045,0.7682931423187256,0.7351178221759342,0.988366256819831,1.3607611433002684,1.3357982530196508,0.7222956355412801,0.6805152547665131,0.8213894755744386
lewm-ogbench:cube-single.occ-hacssmv7-s3,ogbench:cube-single.occ,3,rho00,0.0,0.0,150,32,3,81624787446ae4714c7a9b0d9b89bd9429d98bd998a7c937de8ba5521304d246,fec6cd4b7a133952e230e54491c785631553cce6e5bf8d324ab366acbb076497,0.0,0.8394590020179749,0.8892399668693542,0.5718109607696533,0.4281890392303467,4.13861083984375,3.6313464641571045,0.7682931423187256,0.7350798857495898,0.9717333136002223,1.3470657990376154,1.6875175007184346,0.7272242334485054,0.6805745107852496,0.8307376257235977
lewm-ogbench:cube-single.occ-hacssmv7-s3,ogbench:cube-single.occ,3,rho11,1.0,1.0,150,32,3,81624787446ae4714c7a9b0d9b89bd9429d98bd998a7c937de8ba5521304d246,fec6cd4b7a133952e230e54491c785631553cce6e5bf8d324ab366acbb076497,0.0,0.8394590020179749,0.8892399668693542,0.5718109607696533,0.4281890392303467,4.13861083984375,3.6313464641571045,0.7682931423187256,0.7351483240439778,1.0007588840855492,1.5056276314788395,1.5102162591616313,0.7299072267611821,0.6808873249170108,0.8443711638484878
lewm-ogbench:cube-single.occ-hacssmv7-s3,ogbench:cube-single.occ,3,rho01,0.0,1.0,150,32,3,81624787446ae4714c7a9b0d9b89bd9429d98bd998a7c937de8ba5521304d246,fec6cd4b7a133952e230e54491c785631553cce6e5bf8d324ab366acbb076497,0.0,0.8394590020179749,0.8892399668693542,0.5718109607696533,0.4281890392303467,4.13861083984375,3.6313464641571045,0.7682931423187256,0.7350976193802697,0.978887690835529,1.337761424779892,1.424789346853892,0.7226694415012995,0.6806441441713236,0.8211769926410982
lewm-ogbench:cube-single.occ-hacssmv7-s3,ogbench:cube-single.occ,3,rho10,1.0,0.0,150,32,3,81624787446ae4714c7a9b0d9b89bd9429d98bd998a7c937de8ba5521304d246,fec6cd4b7a133952e230e54491c785631553cce6e5bf8d324ab366acbb076497,0.0,0.8394590020179749,0.8892399668693542,0.5718109607696533,0.4281890392303467,4.13861083984375,3.6313464641571045,0.7682931423187256,0.7351284774428323,0.9942242222362094,1.4235643551084731,1.384334647456805,0.7251810882488886,0.680477872750698,0.8303508359947424
lewm-ogbench:cube-single.occ-hacssmv7-s4,ogbench:cube-single.occ,4,learned,0.6143231987953186,0.5204396843910217,150,32,3,b1d3003355f61e1315ac1c8836d63d2c75f2d2334a3a8f42dfa5b234e5ae761f,fec6cd4b7a133952e230e54491c785631553cce6e5bf8d324ab366acbb076497,0.0,0.8389497399330139,0.8893133401870728,0.5739905834197998,0.4260094165802002,4.19242525100708,3.7463600635528564,0.7888302803039551,0.7349191745122273,0.9731320326858096,1.3892777985334397,1.3580660625298817,0.7240303872028987,0.6789228308277252,0.8228892190668775
lewm-ogbench:cube-single.occ-hacssmv7-s4,ogbench:cube-single.occ,4,rho00,0.0,0.0,150,32,3,b1d3003355f61e1315ac1c8836d63d2c75f2d2334a3a8f42dfa5b234e5ae761f,fec6cd4b7a133952e230e54491c785631553cce6e5bf8d324ab366acbb076497,0.0,0.8389497399330139,0.8893133401870728,0.5739905834197998,0.4260094165802002,4.19242525100708,3.7463600635528564,0.7888302803039551,0.7349259937944866,0.9654919893211789,1.4033326856957542,1.7193927431106568,0.7274804824590683,0.6789324356959416,0.8362562535754565
lewm-ogbench:cube-single.occ-hacssmv7-s4,ogbench:cube-single.occ,4,rho11,1.0,1.0,150,32,3,b1d3003355f61e1315ac1c8836d63d2c75f2d2334a3a8f42dfa5b234e5ae761f,fec6cd4b7a133952e230e54491c785631553cce6e5bf8d324ab366acbb076497,0.0,0.8389497399330139,0.8893133401870728,0.5739905834197998,0.4260094165802002,4.19242525100708,3.7463600635528564,0.7888302803039551,0.7349178663605735,0.9794612030850517,1.4973516660266453,1.4976864429314931,0.729334168334802,0.6792393847306569,0.8400458776882325
lewm-ogbench:cube-single.occ-hacssmv7-s4,ogbench:cube-single.occ,4,rho01,0.0,1.0,150,32,3,b1d3003355f61e1315ac1c8836d63d2c75f2d2334a3a8f42dfa5b234e5ae761f,fec6cd4b7a133952e230e54491c785631553cce6e5bf8d324ab366acbb076497,0.0,0.8389497399330139,0.8893133401870728,0.5739905834197998,0.4260094165802002,4.19242525100708,3.7463600635528564,0.7888302803039551,0.7349236497424898,0.9691535400682025,1.381887664993604,1.4378126831849416,0.7248272479573885,0.6791331395048361,0.8246133502084634
lewm-ogbench:cube-single.occ-hacssmv7-s4,ogbench:cube-single.occ,4,rho10,1.0,0.0,150,32,3,b1d3003355f61e1315ac1c8836d63d2c75f2d2334a3a8f42dfa5b234e5ae761f,fec6cd4b7a133952e230e54491c785631553cce6e5bf8d324ab366acbb076497,0.0,0.8389497399330139,0.8893133401870728,0.5739905834197998,0.4260094165802002,4.19242525100708,3.7463600635528564,0.7888302803039551,0.7349181012028739,0.9758326937754949,1.4332116857502195,1.399274501800537,0.7254659203688304,0.678777408003807,0.8291680170201707
