env,design,n_seeds,trainable_parameters_mean,trainable_parameters_std,val_pred_loss_mean,val_pred_loss_std,clean_mse_pre_mean,clean_mse_pre_std,clean_mse_blackout_transition_mean,clean_mse_blackout_transition_std,clean_mse_deep_blackout_mean,clean_mse_deep_blackout_std,clean_mse_first_post_mean,clean_mse_first_post_std,clean_mse_recovery_mean,clean_mse_recovery_std,clean_mse_late_post_mean,clean_mse_late_post_std,clean_mse_all_mean,clean_mse_all_std,clean_mse_first_post_ablated_mean,clean_mse_first_post_ablated_std,clean_input_mse_first_post_mean,clean_input_mse_first_post_std,last_visible_mse_first_post_mean,last_visible_mse_first_post_std,constant_mse_first_post_mean,constant_mse_first_post_std,persistence_mse_first_post_mean,persistence_mse_first_post_std,val_hier_loss_mean,val_hier_loss_std,val_hier_loss_fast_mean,val_hier_loss_fast_std,val_hier_loss_medium_mean,val_hier_loss_medium_std,val_hier_loss_slow_mean,val_hier_loss_slow_std,val_hier_loss_h1_mean,val_hier_loss_h1_std,val_hier_loss_h2_mean,val_hier_loss_h2_std,val_hier_loss_h4_mean,val_hier_loss_h4_std,val_hier_loss_h8_mean,val_hier_loss_h8_std,val_hier_loss_h16_mean,val_hier_loss_h16_std,tau_fast_mean,tau_fast_std,tau_slow_mean,tau_slow_std,tau_fast_min_mean,tau_fast_min_std,tau_fast_max_mean,tau_fast_max_std,tau_medium_min_mean,tau_medium_min_std,tau_medium_max_mean,tau_medium_max_std,val_hier_loss_bridge_mean,val_hier_loss_bridge_std,val_hier_loss_recovery_mean,val_hier_loss_recovery_std,val_hier_overlap_mean,val_hier_overlap_std,rho_fast_mean,rho_fast_std,rho_medium_mean,rho_medium_std,action_head_shared_norm_mean,action_head_shared_norm_std,action_head_fast_norm_mean,action_head_fast_norm_std,action_head_medium_norm_mean,action_head_medium_norm_std,action_head_cosine_mean,action_head_cosine_std
dmc:ball_in_cup.catch.occ,hacssmv6,5,851076.0,0.0,0.8327256180445353,0.012248445373445249,0.6161998391151429,0.0045178675939921455,0.7839241623878479,0.01993745768018,1.0716913223266602,0.012846792376164725,0.9632748603820801,0.022956630818237678,0.7802914261817933,0.004702156542999858,0.7163692593574524,0.0031285215101316648,0.7488587021827697,0.0008088763726462349,1.8620501518249513,0.1152113013397343,0.7049139618873597,0.008214283471121558,2.2903213500976562,0.0,1.2641915082931519,0.0,16.771806716918945,0.0,0.14266554447015126,0.0013333438819466729,0.1181567365527153,0.0018766322035056265,0.16717434620857238,0.0013454067886106136,,,0.0784444090127945,0.001224830979759129,0.1578690630197525,0.0025288210693789385,0.11038591742515565,0.0007431933072720788,0.22396278178691864,0.002124438265263775,,,2.0,0.0,8.0,0.0,,,,,,,,,,,,,,,,,,,,,,,,,,
dmc:ball_in_cup.catch.occ,hacssmv6_static,5,851076.0,0.0,0.7913219443957011,0.00849894588846137,0.6023223757743835,0.0027905492036466653,0.7242907643318176,0.016227179120171797,1.0044779777526855,0.026943779319563158,0.8935149788856507,0.01593817958621443,0.7597821593284607,0.006755426873765913,0.7092791557312011,0.0035882679503847236,0.7253886222839355,0.0023267575641097243,1.8961069583892822,0.07972997758673366,0.7179460644721984,0.009828599138163755,2.2903213500976562,0.0,1.2641915082931519,0.0,16.771806716918945,0.0,0.14513170766830444,0.0014187581618868743,0.11285925344626109,0.0021061870514034646,0.1774041659037272,0.0010030880822059652,,,0.07531703555583953,0.0013016315369582864,0.15040147026379902,0.002912421493056018,0.11888893461227416,0.0006099047289269775,0.23591940144697826,0.0014318967778004362,,,2.0,0.0,8.0,0.0,,,,,,,,,,,,,,,,,,,,,,,,,,
dmc:ball_in_cup.catch.occ,hacssmv7_noaux,5,852614.0,0.0,0.8171285971005757,0.011003116256388862,0.6097388982772827,0.002106818040491042,0.759958016872406,0.024936805538455786,1.0519323348999023,0.01611983368090501,0.937244427204132,0.02112103352012243,0.772205913066864,0.008592353896069112,0.7139587759971618,0.004163036954963361,0.7402400255203248,0.0018044330789095317,1.9579903841018678,0.1369413087068058,0.7091898918151855,0.011776668844827318,2.2903213500976562,0.0,1.2641915082931519,0.0,16.771806716918945,0.0,0.1250252504547437,0.002410425185061739,0.0827583549618721,0.0012128080673024602,0.16729214445749918,0.0037031388971785154,,,0.05355415597558021,0.000601894673004097,0.11196255427598953,0.0018575688152222367,0.10468037686745325,0.0015056533845354916,0.22990391544500988,0.005909724919033569,,,2.0,0.0,8.0,0.0,,,,,,,,,0.15009100580215454,0.002685020520869386,0.09995949405431748,0.002151846038822766,0.0,0.0,0.6056706547737122,0.0048415729754934245,0.5480460882186889,0.003027001967758472,,,3.6697114944458007,0.06645277047767158,3.415667009353638,0.028823143840274176,0.7369461178779602,0.011247601813259752
dmc:ball_in_cup.catch.occ,hacssmv7_norecovery,5,852614.0,0.0,0.813624587059021,0.009877510951281743,0.6118220448493957,0.004068100875227481,0.7583029866218567,0.020918992236340785,1.0414467096328734,0.01334648479415988,0.9293771982192993,0.01670332767525033,0.7753255605697632,0.009794165741561726,0.71448255777359,0.0052838720803242605,0.7396657228469848,0.0019973385200535896,2.009694290161133,0.11153651948371718,0.705814778804779,0.01646643803631782,2.2903213500976562,0.0,1.2641915082931519,0.0,16.771806716918945,0.0,0.1489685708284378,0.002935754063065301,0.11438292487462362,0.0020316688239843807,0.1835542106628418,0.004044828718385154,,,0.07404189838965734,0.001079494146889273,0.15472394859790803,0.00302718440966787,0.11500871129830678,0.0016790991309682175,0.2520997151136398,0.0064155832413693836,,,2.0,0.0,8.0,0.0,,,,,,,,,0.1489685708284378,0.002935754063065301,0.0,0.0,0.0,0.0,0.6041104555130005,0.006622080786241497,0.5499446511268615,0.003791612323770366,,,3.7380674839019776,0.08984263033457605,3.398803472518921,0.05309007963708012,0.7260411977767944,0.016903275340671542
dmc:ball_in_cup.catch.occ,hacssmv7_sharedaction,5,852614.0,0.0,0.8067062218983968,0.00688669975366705,0.6128109097480774,0.0008372722706694253,0.7555330038070679,0.021384131669095176,1.0257512092590333,0.01556585728489687,0.9159428358078003,0.01249472607483061,0.7723501324653625,0.008333046101482926,0.7147293329238892,0.00395922862366818,0.737436306476593,0.0021689464277666734,1.8843286275863647,0.17569586745087265,0.709562611579895,0.01365287632734053,2.2903213500976562,0.0,1.2641915082931519,0.0,16.771806716918945,0.0,0.12394789677858353,0.001891322148999205,0.08158012159665426,0.0010497616144889276,0.16631567450364432,0.0028773018915496415,,,0.05260827821493149,0.0006097788320107086,0.11055196221669515,0.0015345639057743191,0.1042329172094663,0.001181574619417191,0.22839842903614044,0.004590367231560214,,,2.0,0.0,8.0,0.0,,,,,,,,,0.14825539346536,0.0020578118656912696,0.09964040029048919,0.0017529574939115146,0.0,0.0,0.6069201588630676,0.0076792938159838744,0.5491639375686646,0.00445394109911012,,,3.6948486328125,0.036130863103558675,3.6948486328125,0.036130863103558675,0.9999999165534973,4.76837158203125e-08
dmc:ball_in_cup.catch.occ,hacssmv8,5,851078.0,0.0,0.8146610150337219,0.010923306935421916,0.6122973680496215,0.0020229865101776528,0.7597918629646301,0.023670374070128956,1.0464005708694457,0.027515047825614508,0.9317137479782105,0.019078495795411272,0.7741442561149597,0.00710236384844362,0.7137619376182556,0.005123481816620373,0.7401230096817016,0.006502190707146817,1.9578742504119873,0.215771882561494,0.7054001212120056,0.01133647273444491,2.2903213500976562,0.0,1.2641915082931519,0.0,16.771806716918945,0.0,,,,,,,,,,,,,,,,,,,2.0,0.0,8.0,0.0,,,,,,,,,,,,,,,0.6089306712150574,0.006271060192184032,0.5480555891990662,0.003355476942991556,3.7662260055541994,0.09032800251058787,,,,,,
dmc:ball_in_cup.catch.occ,hacssmv8_dynamic,5,851078.0,0.0,0.8404758110046386,0.017922646552161893,0.6167471528053283,0.004157919814234993,0.7918418288230896,0.02734685896967997,1.0929990530014038,0.022926373344178564,0.977013909816742,0.03368000449949524,0.7818937778472901,0.004547982725203094,0.7178873896598816,0.003627366602746577,0.7532789468765259,0.0033715745600621043,1.8744024276733398,0.10698025385020161,0.7011639595031738,0.008834019203403995,2.2903213500976562,0.0,1.2641915082931519,0.0,16.771806716918945,0.0,,,,,,,,,,,,,,,,,,,2.0,0.0,8.0,0.0,,,,,,,,,,,,,,,1.0,0.0,1.0,0.0,3.7967820167541504,0.02299625652026888,,,,,,
dmc:ball_in_cup.catch.occ,hacssmv8_levelaction,5,852614.0,0.0,0.8171285971005757,0.011003116256388862,0.6097388982772827,0.002106818040491042,0.759958016872406,0.024936805538455786,1.0519323348999023,0.01611983368090501,0.937244427204132,0.02112103352012243,0.772205913066864,0.008592353896069112,0.7139587759971618,0.004163036954963361,0.7402400255203248,0.0018044330789095317,1.9579903841018678,0.1369413087068058,0.7091898918151855,0.011776668844827318,2.2903213500976562,0.0,1.2641915082931519,0.0,16.771806716918945,0.0,,,,,,,,,,,,,,,,,,,2.0,0.0,8.0,0.0,,,,,,,,,,,,,,,0.6056706547737122,0.0048415729754934245,0.5480460882186889,0.003027001967758472,,,3.6697114944458007,0.06645277047767158,3.415667009353638,0.028823143840274176,0.7369461178779602,0.011247601813259752
dmc:ball_in_cup.catch.occ,hacssmv8_noaction,5,851078.0,0.0,0.8863667494455973,0.016151283022080833,0.6126229882240295,0.00615541743437133,0.7806331992149353,0.04033516963521688,1.091965913772583,0.020228905474642393,1.0666991472244263,0.029202693395722568,0.7760414481163025,0.005632930189251943,0.7178189992904663,0.004905294680629766,0.7536754250526428,0.003461932258196539,1.891938614845276,0.04327769989089893,0.7202776551246644,0.014093378628738681,2.2903213500976562,0.0,1.2641915082931519,0.0,16.771806716918945,0.0,,,,,,,,,,,,,,,,,,,2.0,0.0,8.0,0.0,,,,,,,,,,,,,,,0.6016513586044312,0.0062976706260676404,0.5609929919242859,0.005021337933458407,0.0,0.0,,,,,,
dmc:ball_in_cup.catch.occ,hacssmv8_redundant,5,852614.0,0.0,0.8158362480799357,0.009521349361170578,0.6112519979476929,0.004369315101100406,0.7606861591339111,0.02015748138613516,1.0503951549530028,0.027292095628347352,0.9339908242225647,0.015022853447240966,0.776195478439331,0.007417094521190668,0.71396404504776,0.004796645004868773,0.7406869530677795,0.0023009339531883002,1.8997486352920532,0.13323789974866315,0.705756425857544,0.014723478080442342,2.2903213500976562,0.0,1.2641915082931519,0.0,16.771806716918945,0.0,,,,,,,,,,,,,,,,,,,2.0,0.0,8.0,0.0,,,,,,,,,,,,,,,0.6091895699501038,0.006896707916339763,0.5483236074447632,0.0037465326049396343,,,3.7613603591918947,0.03461073894248602,3.7613603591918947,0.03461073894248602,0.9999999880790711,2.384185791015625e-08
dmc:ball_in_cup.catch.occ,hacssmv8_single,5,851078.0,0.0,0.8423909923235575,0.006920052546690455,0.6136156320571899,0.006538757003273635,0.7801278710365296,0.017522856398007665,1.0895102500915528,0.041982437102818904,0.9820345520973206,0.012957017624813534,0.7905630350112915,0.011472902350193426,0.7157478213310242,0.007740174845464263,0.7507622361183166,0.005818740266558455,1.8764906644821167,0.10970607737064163,0.7402295231819153,0.009479179548705755,2.2903213500976562,0.0,1.2641915082931519,0.0,16.771806716918945,0.0,,,,,,,,,,,,,,,,,,,2.0,0.0,8.0,0.0,,,,,,,,,,,,,,,0.5,0.0,0.5467090964317322,0.007886843865150829,3.6334601402282716,0.04121908281139374,,,,,,
dmc:ball_in_cup.catch.occ,hacssmv8_static,5,851078.0,0.0,0.8039801581700643,0.021544491905137034,0.6047258377075195,0.002123670030527065,0.7282018065452576,0.01753905141342931,1.0344309091567994,0.016264919266886228,0.9160898208618165,0.04104205039482985,0.7652363538742065,0.01059577697009287,0.7102598309516907,0.004082449552450814,0.7310661792755127,0.00196967395242604,1.9047221899032594,0.0859758984960744,0.7174449801445008,0.01116460906414897,2.2903213500976562,0.0,1.2641915082931519,0.0,16.771806716918945,0.0,,,,,,,,,,,,,,,,,,,2.0,0.0,8.0,0.0,,,,,,,,,,,,,,,0.0,0.0,0.0,0.0,3.640568494796753,0.030789183926131558,,,,,,
dmc:ball_in_cup.catch.occ,ssm,5,849536.0,0.0,0.832782859325409,0.01651941115015525,0.6107786893844604,0.0060251947046517165,0.8595417857170105,0.03893143895051495,1.0455742835998536,0.03885610893376147,0.9644538998603821,0.030640834888195762,0.7658972859382629,0.017651179349042343,0.7195287466049194,0.0009130427547178598,0.7531352400779724,0.007301483501264789,1.6507654666900635,0.14513834747040802,0.6948091745376587,0.013600707396675113,2.2903213500976562,0.0,1.2641915082931519,0.0,16.771806716918945,0.0,,,,,,,,,,,,,,,,,,,,,,,,,,,,,,,,,,,,,,,,,,,,,,,,
dmc:cheetah.run.occ,hacssmv6,5,851076.0,0.0,0.37151240452130635,0.002821340063551896,0.14722376465797424,0.0007953465169710765,0.451040643453598,0.02082162081609105,0.6467327117919922,0.0297751135209084,0.5612707734107971,0.005048066338281035,0.18497876226902008,0.0031795863484906793,0.17065750062465668,0.0006227022705855972,0.25771247744560244,0.005494190489404855,1.259062647819519,0.15557621847597153,0.16043853461742402,0.0014067253305135308,1.0144654512405396,0.0,0.6891944408416748,0.0,13.852587699890137,0.0,0.1419861038128535,0.0016673532503733719,0.09508540387948354,0.0017267587278396164,0.18888680628935497,0.0016277993114098737,,,0.05470912759502729,0.0009657232796440282,0.13546167973677317,0.0024883535014233187,0.11686893484989802,0.001361022600065945,0.2609046788215637,0.0019036591548208007,,,2.0,0.0,8.0,0.0,,,,,,,,,,,,,,,,,,,,,,,,,,
dmc:cheetah.run.occ,hacssmv6_static,5,851076.0,0.0,0.3574760227203369,0.0082241689910099,0.15316276252269745,0.0007194485916128737,0.3655103087425232,0.00467265729346743,0.5430795073509216,0.014890473527042496,0.5297807931900025,0.015034993691346785,0.18403471112251282,0.001329189843265402,0.17607301771640776,0.0011145154020297408,0.2408520072698593,0.002598132555783503,0.8579986214637756,0.05088815902839701,0.16680716276168822,0.0014500739075477757,1.0144654512405396,0.0,0.6891944408416748,0.0,13.852587699890137,0.0,0.1477586141427358,0.0020296267038863542,0.09050392536322276,0.002047021720339657,0.20501330037911733,0.002347293781840316,,,0.05252027161916097,0.0012063348026770354,0.128487579425176,0.0028926225346916678,0.12675441853205363,0.0012992714053306116,0.28327217904726665,0.003412258747157529,,,2.0,0.0,8.0,0.0,,,,,,,,,,,,,,,,,,,,,,,,,,
dmc:cheetah.run.occ,hacssmv7_noaux,5,852614.0,0.0,0.3714687832991282,0.006401259560579446,0.14963937401771546,0.0004064927026458931,0.43069608211517335,0.01602824479514445,0.6077361583709717,0.0199927468875572,0.5601337790489197,0.012194107095771409,0.1821168154478073,0.002549847247007989,0.1717418223619461,0.0006569233868128565,0.2524063289165497,0.004051670272509246,1.0916049003601074,0.05688977798834615,0.16156894862651824,0.001801343488600315,1.0144654512405396,0.0,0.6891944408416748,0.0,13.852587699890137,0.0,0.13338033131758373,0.0019100119900605768,0.06865910840034485,0.0009669275463815367,0.19810155657927195,0.002981843334620238,,,0.0366798166235288,0.0005220373409790025,0.10063839848836263,0.001417060076487714,0.11180705193678538,0.001604107737594421,0.28439605824152625,0.004429970197691238,,,2.0,0.0,8.0,0.0,,,,,,,,,0.15948683830102284,0.002168319110841293,0.10727382369836172,0.0016578820469285926,0.0,0.0,0.6190356492996216,0.0032419152423673594,0.572128176689148,0.00548423530704076,,,4.420708179473877,0.031759587590304,3.9656145095825197,0.05948825103070864,0.6905598163604736,0.012762569024779976
dmc:cheetah.run.occ,hacssmv7_norecovery,5,852614.0,0.0,0.37161800678571066,0.007078030486020446,0.14978208243846894,0.0008563874728069977,0.43372111320495604,0.02642707821521738,0.6112593531608581,0.034722985713701686,0.5600851774215698,0.01306409602847909,0.1818321317434311,0.0026987684730457495,0.17232657074928284,0.0008211867791471577,0.2533590018749237,0.00681248840970917,1.139981985092163,0.10776610477129633,0.1619612991809845,0.0018659669382197445,1.0144654512405396,0.0,0.6891944408416748,0.0,13.852587699890137,0.0,0.1547911243836085,0.002801959968405838,0.09407379988829295,0.001859603213834294,0.215508448044459,0.004034653154374416,,,0.05044748959938685,0.0008864552493358623,0.13770011059443155,0.0028337498757312007,0.12260135984420777,0.00231768811501636,0.30841553664207455,0.005785263794441983,,,2.0,0.0,8.0,0.0,,,,,,,,,0.15479112819830576,0.002801957692126525,0.0,0.0,0.0,0.0,0.6078331947326661,0.004689381481506901,0.5698650598526,0.005375943386275686,,,4.615581703186035,0.06663373537237643,3.7973050594329836,0.07788210881265867,0.652864146232605,0.020098038615114205
dmc:cheetah.run.occ,hacssmv7_sharedaction,5,852614.0,0.0,0.3690027151107788,0.004363470918023205,0.14972810447216034,0.00043186517268436857,0.42893644571304324,0.02432790738218411,0.6108243823051452,0.03453966882556715,0.5548632621765137,0.008572011173932489,0.18253830671310425,0.003219646710845787,0.1726333439350128,0.0005790293382827689,0.2528121620416641,0.0062982688174730165,1.0837192773818969,0.07745027132650062,0.16157702803611756,0.0021380561742760473,1.0144654512405396,0.0,0.6891944408416748,0.0,13.852587699890137,0.0,0.13270619769891104,0.0020029707853857887,0.0676201534072558,0.0009883188511831658,0.19779224240779877,0.003172697307047995,,,0.035834701389074325,0.0004735394938569577,0.09940560521682104,0.0015053569161334202,0.10981281658013661,0.0016854387154204306,0.28577166676521304,0.004704750386121848,,,2.0,0.0,8.0,0.0,,,,,,,,,0.15729804734388989,0.002271649521385262,0.10811434912681579,0.0017398729160651681,0.0,0.0,0.6086405038833618,0.004912314605605364,0.568166983127594,0.005926498783044,,,4.4826665878295895,0.04365647632122787,4.4826665878295895,0.04365647632122787,0.9999999880790711,2.384185791015625e-08
dmc:cheetah.run.occ,hacssmv8,5,851078.0,0.0,0.3664873415629069,0.007246796005150758,0.1494564950466156,0.0005199768716182994,0.4283319652080536,0.016502119927946455,0.6068345785140992,0.0192237725164069,0.5503265023231506,0.013705708702811096,0.18345925211906433,0.0018894925704320035,0.17211291193962097,0.0004675138697073209,0.25194511115550994,0.003868835383707493,1.0671228528022767,0.06625913536237417,0.16191920936107634,0.0017940305515083425,1.0144654512405396,0.0,0.6891944408416748,0.0,13.852587699890137,0.0,,,,,,,,,,,,,,,,,,,2.0,0.0,8.0,0.0,,,,,,,,,,,,,,,0.619297730922699,0.0036646984748997607,0.5697867751121521,0.0047154147080894476,4.536717796325684,0.03485442211451844,,,,,,
dmc:cheetah.run.occ,hacssmv8_dynamic,5,851078.0,0.0,0.3734353001117706,0.002952048257759546,0.1472789853811264,0.0007483735382082184,0.43998531699180604,0.02838842080210283,0.6414192080497741,0.031595339165820684,0.5650304555892944,0.005316364762480832,0.18574386835098267,0.002568348917168474,0.17037322521209716,0.0007897231401134885,0.256087464094162,0.006577501099091483,1.2183297872543335,0.19152811506302173,0.16024770736694335,0.0013399277083909313,1.0144654512405396,0.0,0.6891944408416748,0.0,13.852587699890137,0.0,,,,,,,,,,,,,,,,,,,2.0,0.0,8.0,0.0,,,,,,,,,,,,,,,1.0,0.0,1.0,0.0,4.207202816009522,0.05374434004945469,,,,,,
dmc:cheetah.run.occ,hacssmv8_levelaction,5,852614.0,0.0,0.3714687832991282,0.006401259560579446,0.14963937401771546,0.0004064927026458931,0.43069608211517335,0.01602824479514445,0.6077361583709717,0.0199927468875572,0.5601337790489197,0.012194107095771409,0.1821168154478073,0.002549847247007989,0.1717418223619461,0.0006569233868128565,0.2524063289165497,0.004051670272509246,1.0916049003601074,0.05688977798834615,0.16156894862651824,0.001801343488600315,1.0144654512405396,0.0,0.6891944408416748,0.0,13.852587699890137,0.0,,,,,,,,,,,,,,,,,,,2.0,0.0,8.0,0.0,,,,,,,,,,,,,,,0.6190356492996216,0.0032419152423673594,0.572128176689148,0.00548423530704076,,,4.420708179473877,0.031759587590304,3.9656145095825197,0.05948825103070864,0.6905598163604736,0.012762569024779976
dmc:cheetah.run.occ,hacssmv8_noaction,5,851078.0,0.0,0.4952243865331014,0.008314653685410218,0.15357390344142913,0.0007787359477881276,0.4611088991165161,0.011565976916539357,0.7868530631065369,0.02268681844003171,0.7930065274238587,0.01599463602859748,0.1915043443441391,0.002740457016294796,0.17616457343101502,0.0006473426753959503,0.28569164872169495,0.0029128982140409422,0.8970294117927551,0.02830070836560794,0.16897878646850586,0.0029034305006263657,1.0144654512405396,0.0,0.6891944408416748,0.0,13.852587699890137,0.0,,,,,,,,,,,,,,,,,,,2.0,0.0,8.0,0.0,,,,,,,,,,,,,,,0.6344288349151611,0.0012806335285420033,0.5947708249092102,0.004064345430640693,0.0,0.0,,,,,,
dmc:cheetah.run.occ,hacssmv8_redundant,5,852614.0,0.0,0.37166051475207007,0.009263796974543461,0.14922797977924346,0.0005473890861760192,0.43320589065551757,0.020531933162525974,0.6084237694740295,0.034268674588402916,0.5603875875473022,0.01740534012334971,0.18328197300434113,0.0028010631972206937,0.17199400663375855,0.0006722222184277092,0.25283993482589723,0.006481301281560642,1.05968496799469,0.06425933810658402,0.16208060085773468,0.0020266476456374384,1.0144654512405396,0.0,0.6891944408416748,0.0,13.852587699890137,0.0,,,,,,,,,,,,,,,,,,,2.0,0.0,8.0,0.0,,,,,,,,,,,,,,,0.6196750521659851,0.004048388249010233,0.5704455137252807,0.005449659866428184,,,4.541892433166504,0.04323223128573251,4.541892433166504,0.04323223128573251,1.0000000476837159,5.840038639982171e-08
dmc:cheetah.run.occ,hacssmv8_single,5,851078.0,0.0,0.3895226043860118,0.004372318235909676,0.15273215472698212,0.00040972274922924896,0.4426249206066132,0.02995566771446382,0.6333999752998352,0.027393133856740737,0.5911865353584289,0.008132265758097295,0.18734212219715118,0.002033090258184167,0.17582722306251525,0.0004730967516812111,0.2603042900562286,0.0063633246668441164,0.9862733960151673,0.056759804923717634,0.16874612271785736,0.0008175895003670729,1.0144654512405396,0.0,0.6891944408416748,0.0,13.852587699890137,0.0,,,,,,,,,,,,,,,,,,,2.0,0.0,8.0,0.0,,,,,,,,,,,,,,,0.5,0.0,0.5718302965164185,0.006673664902577139,4.354407024383545,0.06259649389124472,,,,,,
dmc:cheetah.run.occ,hacssmv8_static,5,851078.0,0.0,0.3622792222499847,0.004195142283742641,0.1533558338880539,0.0008845559404905755,0.369966459274292,0.008239912076410255,0.5387580752372741,0.006608771647363522,0.5391395211219787,0.007804627286452227,0.18385299444198608,0.0017304439542532035,0.175715309381485,0.0004751846331063698,0.24106238186359405,0.0012597652692188772,0.8396907925605774,0.03750093131237429,0.16641652286052705,0.002201022924232052,1.0144654512405396,0.0,0.6891944408416748,0.0,13.852587699890137,0.0,,,,,,,,,,,,,,,,,,,2.0,0.0,8.0,0.0,,,,,,,,,,,,,,,0.0,0.0,0.0,0.0,4.695616722106934,0.075878878632505,,,,,,
dmc:cheetah.run.occ,ssm,5,849536.0,0.0,0.4185998951594035,0.0028575445222800548,0.14498772025108336,0.0008184964685337088,0.42877655625343325,0.014722906081087743,0.650025236606598,0.008726912865875774,0.6528962612152099,0.0051667980010529635,0.18383752405643464,0.002460277127380218,0.16949962675571442,0.0006983263897297873,0.2577719271183014,0.0018554110634923088,0.8125022649765015,0.05402050958282719,0.17468778192996978,0.0007033977564731515,1.0144654512405396,0.0,0.6891944408416748,0.0,13.852587699890137,0.0,,,,,,,,,,,,,,,,,,,,,,,,,,,,,,,,,,,,,,,,,,,,,,,,
dmc:finger.spin.occ,hacssmv6,5,851076.0,0.0,0.7565571899414062,0.008862992737636704,0.34736357927322387,0.00190871710380371,0.7151798725128173,0.024016689343478958,1.1472944736480712,0.020521672861833033,1.1288799047470093,0.017703915513483465,0.37085620760917665,0.002967086004421524,0.3488657593727112,0.0016245488873512565,0.49740742444992064,0.002073516793269026,4.020309019088745,0.3773538239202061,0.3425676941871643,0.001195328337187499,1.2537477016448975,0.0,1.7987955808639526,0.0,14.051904678344727,0.0,0.055014077991247176,0.00023055966009793811,0.04369664600491524,0.00016801051615217147,0.0663315095504125,0.00029686626598050483,,,0.02432449091474215,8.416166745440404e-05,0.06306880114475887,0.00025217115167041183,0.03895786770184835,0.00019657449658375456,0.09370515191555023,0.0004002567252051046,,,2.0,0.0,8.0,0.0,,,,,,,,,,,,,,,,,,,,,,,,,,
dmc:finger.spin.occ,hacssmv6_static,5,851076.0,0.0,0.8043734963734944,0.009703912968165822,0.3759343445301056,0.0008813274841349139,0.7153044819831849,0.018190266826307658,1.1548792600631714,0.024513098529101433,1.1956828117370606,0.018491718894412333,0.38990325331687925,0.003024112314073693,0.37641885280609133,0.0008296284632588146,0.521069860458374,0.003887159812819598,3.5103665828704833,0.19439432782540322,0.3669191479682922,0.000810478270821496,1.2537477016448975,0.0,1.7987955808639526,0.0,14.051904678344727,0.0,0.06390542926390966,0.00020949287193225134,0.05421361323197683,0.00012418564743327696,0.07359724785884221,0.0003817900792972518,,,0.032005998333295184,8.672671935782084e-05,0.0764212279121081,0.00017130085867502672,0.043767721911271415,0.00023809120873020465,0.10342677253484726,0.0005263416306907964,,,2.0,0.0,8.0,0.0,,,,,,,,,,,,,,,,,,,,,,,,,,
dmc:finger.spin.occ,hacssmv7_noaux,5,852614.0,0.0,0.7712646552721659,0.010797526586514457,0.35903955698013307,0.002191121614628307,0.7207774877548218,0.02492891827274727,1.1425726652145385,0.03150361947880023,1.146846866607666,0.021172697125232592,0.3779937386512756,0.0032779554066320934,0.3603527545928955,0.0017471910741008445,0.5065775156021118,0.0045830148025874035,3.752613353729248,0.2369650082106261,0.35256978273391726,0.0016810275400421714,1.2537477016448975,0.0,1.7987955808639526,0.0,14.051904678344727,0.0,0.056503985673189164,0.0012131911586827865,0.027576819350322086,0.00033629527325939197,0.08543115162849427,0.0021000806495854144,,,0.014698149176935354,0.00012045848118763048,0.04045548873146375,0.0005541739000374024,0.041522176285584765,0.0006288193477369471,0.12934012484550475,0.0035796990514732016,,,2.0,0.0,8.0,0.0,,,,,,,,,0.07162606877088547,0.0013938130121497782,0.04138190109531085,0.0010420331302418051,0.0,0.0,0.6067120909690857,0.00171530349896314,0.531065821647644,0.002014854727637644,,,3.682084798812866,0.053980709669447145,3.846351957321167,0.08727809502266336,0.7846465110778809,0.014229944596586473
dmc:finger.spin.occ,hacssmv7_norecovery,5,852614.0,0.0,0.7681157927513123,0.007618451815831422,0.3595489501953125,0.0016568790155081809,0.7153069376945496,0.021360844957362006,1.1390290260314941,0.022019549482267406,1.1403366565704345,0.014988608389628096,0.3784129500389099,0.0031681410906149905,0.36089069247245786,0.0012753325543354427,0.5058135271072388,0.0032326590378315236,3.75844783782959,0.25441459815292805,0.3530894100666046,0.0020974806160698966,1.2537477016448975,0.0,1.7987955808639526,0.0,14.051904678344727,0.0,0.07133185883363088,0.0013635568681154332,0.04180645924806595,0.0004954093719264952,0.10085725885629654,0.0022536605848823715,,,0.02206902453303337,0.00017962245174738575,0.06154389375448227,0.0008139952047980283,0.04881383108099302,0.0006707108599214825,0.15290068757534028,0.0038425567249083096,,,2.0,0.0,8.0,0.0,,,,,,,,,0.07133185905218124,0.0013635567534469144,0.0,0.0,0.0,0.0,0.6060560941696167,0.0015244800364592086,0.5320022940635681,0.0020177404985845574,,,3.7224024295806886,0.058078499088042634,3.799975776672363,0.07992259655884713,0.7855074167251587,0.013635561765761183
dmc:finger.spin.occ,hacssmv7_sharedaction,5,852614.0,0.0,0.7690419980684916,0.008448106922427178,0.3586237609386444,0.0019104030010601398,0.7119344592094421,0.01982337071222011,1.1299669742584229,0.024832356923325985,1.1428596019744872,0.01727851437035176,0.37799317240715025,0.0030967088736326056,0.3600729525089264,0.0013924474490160806,0.5039953172206879,0.003194364852449494,3.733181285858154,0.26452488149214676,0.35254702568054197,0.0017829868721504856,1.2537477016448975,0.0,1.7987955808639526,0.0,14.051904678344727,0.0,0.05442991368969281,0.0009140612422729379,0.028521767367919285,0.0003641686507662449,0.08033806081612906,0.0014650723765214128,,,0.015122400025526683,0.00013114284354186526,0.04192113486925761,0.0005982135064799934,0.039841067204872765,0.0004244081676391529,0.12083505304654439,0.002512630509424627,,,2.0,0.0,8.0,0.0,,,,,,,,,0.06925483377774556,0.0010971855074007866,0.039604993949333825,0.000748087024354286,0.0,0.0,0.6099783420562744,0.002047802609072984,0.5289963245391845,0.002010803571051995,,,3.7698362827301026,0.05245558137930349,3.7698362827301026,0.05245558137930349,1.0,0.0
dmc:finger.spin.occ,hacssmv8,5,851078.0,0.0,0.7660011123021444,0.01183641563105057,0.3586668610572815,0.0014624095987222276,0.7168739438056946,0.019374136031396087,1.133130145072937,0.02708031666676667,1.1369792461395263,0.02316595657143777,0.37768882513046265,0.002772127337096073,0.36019253730773926,0.0011477656113079299,0.5046737909317016,0.002657150453966529,3.754153299331665,0.3385934819061341,0.3522705018520355,0.0009435829924543667,1.2537477016448975,0.0,1.7987955808639526,0.0,14.051904678344727,0.0,,,,,,,,,,,,,,,,,,,2.0,0.0,8.0,0.0,,,,,,,,,,,,,,,0.6105104446411133,0.0013155877820125006,0.5286396145820618,0.0016898960942431831,3.7955015182495115,0.05402471739893267,,,,,,
dmc:finger.spin.occ,hacssmv8_dynamic,5,851078.0,0.0,0.7560908303260803,0.007627418923134413,0.3472744822502136,0.0019971752004323048,0.7188637256622314,0.027087488298737958,1.1485135555267334,0.019543780113397174,1.1279508352279664,0.015550151413050418,0.37114744782447817,0.002988980871169632,0.34893396496772766,0.0018291454500974163,0.4979117393493652,0.0026642002129253625,4.0275815486907955,0.35724191279525486,0.342647910118103,0.0015744566977215879,1.2537477016448975,0.0,1.7987955808639526,0.0,14.051904678344727,0.0,,,,,,,,,,,,,,,,,,,2.0,0.0,8.0,0.0,,,,,,,,,,,,,,,1.0,0.0,1.0,0.0,3.8681882858276366,0.051977890475085047,,,,,,
dmc:finger.spin.occ,hacssmv8_levelaction,5,852614.0,0.0,0.7712646552721659,0.010797526586514457,0.35903955698013307,0.002191121614628307,0.7207774877548218,0.02492891827274727,1.1425726652145385,0.03150361947880023,1.146846866607666,0.021172697125232592,0.3779937386512756,0.0032779554066320934,0.3603527545928955,0.0017471910741008445,0.5065775156021118,0.0045830148025874035,3.752613353729248,0.2369650082106261,0.35256978273391726,0.0016810275400421714,1.2537477016448975,0.0,1.7987955808639526,0.0,14.051904678344727,0.0,,,,,,,,,,,,,,,,,,,2.0,0.0,8.0,0.0,,,,,,,,,,,,,,,0.6067120909690857,0.00171530349896314,0.531065821647644,0.002014854727637644,,,3.682084798812866,0.053980709669447145,3.846351957321167,0.08727809502266336,0.7846465110778809,0.014229944596586473
dmc:finger.spin.occ,hacssmv8_noaction,5,851078.0,0.0,0.866475167274475,0.004713613803975213,0.3644837915897369,0.0016652435878626954,0.7845761060714722,0.02601505830202501,1.3015429735183717,0.022041997809788036,1.324066948890686,0.009941676818344765,0.3845071017742157,0.00466486388190604,0.36614218950271604,0.0010134394514035086,0.5400921940803528,0.002297995019181595,3.9116156101226807,0.17116620942041721,0.3564252912998199,0.0013830223444237183,1.2537477016448975,0.0,1.7987955808639526,0.0,14.051904678344727,0.0,,,,,,,,,,,,,,,,,,,2.0,0.0,8.0,0.0,,,,,,,,,,,,,,,0.6069426298141479,0.002102330828997694,0.5443512201309204,0.0017082857307011087,0.0,0.0,,,,,,
dmc:finger.spin.occ,hacssmv8_redundant,5,852614.0,0.0,0.7686177361806233,0.010822527872770651,0.3584843099117279,0.0014766957129952562,0.7112427473068237,0.02026325682577103,1.129486322402954,0.02836590220908941,1.1422143936157227,0.02141289176607238,0.37759589552879336,0.0027674825074003304,0.3598990499973297,0.0010515069359979259,0.5037128090858459,0.0032312372366337843,3.62937068939209,0.30096119154452183,0.3521528661251068,0.001975958581859966,1.2537477016448975,0.0,1.7987955808639526,0.0,14.051904678344727,0.0,,,,,,,,,,,,,,,,,,,2.0,0.0,8.0,0.0,,,,,,,,,,,,,,,0.6108409404754639,0.0017374075033065536,0.5284449458122253,0.0016856663017364953,,,3.789884853363037,0.05340954587025481,3.789884853363037,0.05340954587025481,1.0,7.539457464619587e-08
dmc:finger.spin.occ,hacssmv8_single,5,851078.0,0.0,0.8680672664642334,0.006841305168563602,0.3632256269454956,0.001926431657483074,0.7421720385551452,0.025159069665961493,1.3201634883880615,0.017994708984127455,1.3286248683929442,0.013663466749329653,0.3839830756187439,0.003922838024810893,0.3641193926334381,0.0017725880395310866,0.5365423679351806,0.0037721370310651865,3.951217460632324,0.320335263882801,0.3543722331523895,0.0018374722359520699,1.2537477016448975,0.0,1.7987955808639526,0.0,14.051904678344727,0.0,,,,,,,,,,,,,,,,,,,2.0,0.0,8.0,0.0,,,,,,,,,,,,,,,0.5,0.0,0.5430384397506713,0.0019957513110543342,3.8558048248291015,0.058455424079969336,,,,,,
dmc:finger.spin.occ,hacssmv8_static,5,851078.0,0.0,0.8008183213869731,0.017297256582527547,0.37583146095275877,0.0016845060681333894,0.7122677087783813,0.017590290486353452,1.1480720520019532,0.03923765308273081,1.1890000104904175,0.03315722267584523,0.38947213888168336,0.003685591716554885,0.3762982189655304,0.0015172755242488175,0.5197124242782593,0.0058443799236374125,3.5362754344940184,0.35393097749929814,0.3668500304222107,0.0012613160798037423,1.2537477016448975,0.0,1.7987955808639526,0.0,14.051904678344727,0.0,,,,,,,,,,,,,,,,,,,2.0,0.0,8.0,0.0,,,,,,,,,,,,,,,0.0,0.0,0.0,0.0,3.589071178436279,0.030848566806464,,,,,,
dmc:finger.spin.occ,ssm,5,849536.0,0.0,0.8142253354390462,0.010195616476773752,0.3767623543739319,0.0028825389911712623,0.7384622454643249,0.006719772006111179,1.0544053554534911,0.01721660366639514,1.2112032890319824,0.018874932763270694,0.3935206294059753,0.003210251104567528,0.38162378668785096,0.003405599524414747,0.5163894057273865,0.0042918820387073935,1.9786237478256226,0.017410287404827213,0.3822090744972229,0.004328992834178342,1.2537477016448975,0.0,1.7987955808639526,0.0,14.051904678344727,0.0,,,,,,,,,,,,,,,,,,,,,,,,,,,,,,,,,,,,,,,,,,,,,,,,
dmc:reacher.hard.occ,hacssmv6,5,851076.0,0.0,0.5535518368085225,0.007988789797837141,0.23836734890937805,0.0009042287482475459,0.41190059781074523,0.005990925892753484,0.777437686920166,0.02028616549527211,0.8306938886642456,0.015362829824150565,0.26026620864868166,0.0017223328230659971,0.2567405700683594,0.0010512735057041282,0.34225654006004336,0.002675721593170575,2.4458123683929442,0.1792182780845602,0.23543004989624022,0.0007955000116768799,0.7168161869049072,0.0,1.1618891954421997,0.0,14.402030944824219,0.0,0.04617432832717895,0.0004847986378436232,0.03294878296057383,0.0004047266802909748,0.0593998725215594,0.0005673232490750528,,,0.01794142910838127,0.0002261502064329806,0.047956137239933014,0.0005837844650383558,0.032971591860055924,0.0002896203392568377,0.08582815355062484,0.0008459488418953269,,,2.0,0.0,8.0,0.0,,,,,,,,,,,,,,,,,,,,,,,,,,
dmc:reacher.hard.occ,hacssmv6_static,5,851076.0,0.0,0.568214327176412,0.00946971339202772,0.24767564237117767,0.000748419704670538,0.42147780060768125,0.0040151475068889745,0.7888159155845642,0.015114704913761197,0.8503227710723877,0.018054014225898047,0.26263860464096067,0.0014199850459997575,0.267008101940155,0.0011936133791600086,0.3521143555641174,0.0020407291333714153,2.1740709066390993,0.15027862820534857,0.24686744511127473,0.0009700934357573662,0.7168161869049072,0.0,1.1618891954421997,0.0,14.402030944824219,0.0,0.05604806470870972,0.0003451582486036398,0.043359965711832045,0.000301910251131235,0.06873616296052933,0.0004067564070781806,,,0.02521453763047854,0.00017435258129607834,0.06150539282957713,0.0004301932888426616,0.03849019797643026,0.0002273533120576232,0.09898212730884552,0.0005878759051119832,,,2.0,0.0,8.0,0.0,,,,,,,,,,,,,,,,,,,,,,,,,,
dmc:reacher.hard.occ,hacssmv7_noaux,5,852614.0,0.0,0.5517008267243704,0.007318946608022927,0.23942806124687194,0.000795393426253842,0.4183970332145691,0.00751365848880958,0.7794137716293335,0.01652705818211111,0.8263182163238525,0.013806646275747958,0.25953335165977476,0.0014487531088409427,0.2578105330467224,0.0011182038685835288,0.34366726875305176,0.0023234252892609768,2.4112815380096437,0.16944688346888592,0.23693470060825347,0.0008701620168196614,0.7168161869049072,0.0,1.1618891954421997,0.0,14.402030944824219,0.0,0.05093902764717738,0.000972105465598854,0.02091946305334568,0.0002557138260816164,0.08095859350760778,0.0017109490285092182,,,0.011114681450029215,0.00010775229528326693,0.03072424510618051,0.00040519325042149933,0.0369589669406414,0.0005345577021521859,0.12495822125673295,0.0028920656455658036,,,2.0,0.0,8.0,0.0,,,,,,,,,0.06363575654228529,0.0011285156535166586,0.038242301513751346,0.0008326204736056971,0.0,0.0,0.6379331350326538,0.0027537151912423005,0.5518174767494202,0.002621815047096401,,,3.278898906707764,0.0662248532877443,3.337039661407471,0.08128784724372017,0.7830708980560303,0.012094017210872119
dmc:reacher.hard.occ,hacssmv7_norecovery,5,852614.0,0.0,0.5520497697989146,0.007027218101770635,0.23943376541137695,0.0007405036790087518,0.4179511904716492,0.006313752694777037,0.7808186411857605,0.0172225094694763,0.8270128250122071,0.013250077818223604,0.2593651652336121,0.00143544397265235,0.2577857613563538,0.0012313965868681308,0.3437691152095795,0.002416698093995071,2.403476905822754,0.15848827745686248,0.23691321909427643,0.0008768901453749889,0.7168161869049072,0.0,1.1618891954421997,0.0,14.402030944824219,0.0,0.063098755945762,0.001151535899372783,0.03083048284550508,0.0003787395336580547,0.09536703079938888,0.001955662552898544,,,0.016238800873359046,0.0001666365463803578,0.045422164340813954,0.0005931212438292698,0.04346741833289464,0.0006520696663111273,0.14726664412021637,0.0032651130765179396,,,2.0,0.0,8.0,0.0,,,,,,,,,0.0630987554192543,0.0011515360286878358,0.0,0.0,0.0,0.0,0.6382353782653809,0.003170346761916292,0.5550438523292541,0.003207333765949033,,,3.3852938175201417,0.06242849390785538,3.3102553844451905,0.08235181662889696,0.7836572647094726,0.01029328156931279
dmc:reacher.hard.occ,hacssmv7_sharedaction,5,852614.0,0.0,0.5534587672551473,0.006612323785786982,0.23930177390575408,0.0007896807411869883,0.4174740731716156,0.007183726317052018,0.782034969329834,0.017326793018653787,0.8297623991966248,0.012532804042217249,0.25966839790344237,0.0014565558294621155,0.2577197849750519,0.001138651660766462,0.3438998579978943,0.0023491785189625443,2.430052709579468,0.1757467037084977,0.23679569363594055,0.000727635732943744,0.7168161869049072,0.0,1.1618891954421997,0.0,14.402030944824219,0.0,0.047192129621903105,0.0006904109996445457,0.021535776043931643,0.00022985365442482227,0.07284848139683406,0.001162380218347182,,,0.011394179860750834,9.596880030436026e-05,0.031677371750275296,0.000366007329320044,0.03414399157961209,0.00038032364086263397,0.11155297313133876,0.0019493564015688391,,,2.0,0.0,8.0,0.0,,,,,,,,,0.059323791394631065,0.0008100355118047638,0.03506046774983406,0.000586307696450374,0.0,0.0,0.6424199938774109,0.002834050073483453,0.5460125923156738,0.0025923764804195813,,,3.3406694412231444,0.05673291423639944,3.3406694412231444,0.05673291423639944,1.0,0.0
dmc:reacher.hard.occ,hacssmv8,5,851078.0,0.0,0.5531215554873149,0.006999853052071613,0.23923063576221465,0.000773697255753463,0.41790353059768676,0.005825063987805464,0.7811516880989074,0.017075710647158904,0.8291808605194092,0.013225969145276533,0.2596184492111206,0.001357174521231751,0.25764604806900027,0.0011414529946971366,0.343779194355011,0.0022336576660637454,2.4250704765319826,0.17925069406463717,0.23682003915309907,0.000803202209784559,0.7168161869049072,0.0,1.1618891954421997,0.0,14.402030944824219,0.0,,,,,,,,,,,,,,,,,,,2.0,0.0,8.0,0.0,,,,,,,,,,,,,,,0.6412481784820556,0.00279084934540899,0.5435306191444397,0.0018799313786062517,3.3155179023742676,0.06202323138526752,,,,,,
dmc:reacher.hard.occ,hacssmv8_dynamic,5,851078.0,0.0,0.5538679982821146,0.008170360478257905,0.2383796453475952,0.0009076348833753602,0.4124699950218201,0.007026239036003678,0.7782180070877075,0.020924077952430314,0.8312952160835266,0.01573224443418025,0.2603164553642273,0.001587611573068285,0.25673477053642274,0.001040483335924049,0.3424207329750061,0.0027075740935658954,2.4620140552520753,0.1872854466055805,0.23540452420711516,0.0007347182371664775,0.7168161869049072,0.0,1.1618891954421997,0.0,14.402030944824219,0.0,,,,,,,,,,,,,,,,,,,2.0,0.0,8.0,0.0,,,,,,,,,,,,,,,1.0,0.0,1.0,0.0,3.1232574939727784,0.05893532288131001,,,,,,
dmc:reacher.hard.occ,hacssmv8_levelaction,5,852614.0,0.0,0.5517008267243704,0.007318946608022927,0.23942806124687194,0.000795393426253842,0.4183970332145691,0.00751365848880958,0.7794137716293335,0.01652705818211111,0.8263182163238525,0.013806646275747958,0.25953335165977476,0.0014487531088409427,0.2578105330467224,0.0011182038685835288,0.34366726875305176,0.0023234252892609768,2.4112815380096437,0.16944688346888592,0.23693470060825347,0.0008701620168196614,0.7168161869049072,0.0,1.1618891954421997,0.0,14.402030944824219,0.0,,,,,,,,,,,,,,,,,,,2.0,0.0,8.0,0.0,,,,,,,,,,,,,,,0.6379331350326538,0.0027537151912423005,0.5518174767494202,0.002621815047096401,,,3.278898906707764,0.0662248532877443,3.337039661407471,0.08128784724372017,0.7830708980560303,0.012094017210872119
dmc:reacher.hard.occ,hacssmv8_noaction,5,851078.0,0.0,0.5526360159715017,0.008144717337924311,0.24046854972839354,0.0007581543193319718,0.4263743758201599,0.007414185419566849,0.7983596086502075,0.018840955822572357,0.8271459579467774,0.015347387071539945,0.2596329987049103,0.002095729867072424,0.25901601910591127,0.0011655803537567078,0.3472793877124786,0.0029347552004980394,2.4086727142333983,0.20299986830623068,0.23868100941181183,0.0010813223423517648,0.7168161869049072,0.0,1.1618891954421997,0.0,14.402030944824219,0.0,,,,,,,,,,,,,,,,,,,2.0,0.0,8.0,0.0,,,,,,,,,,,,,,,0.6443933248519897,0.0030429948176690777,0.5739185214042664,0.0040064886328619945,0.0,0.0,,,,,,
dmc:reacher.hard.occ,hacssmv8_redundant,5,852614.0,0.0,0.5522619811693827,0.006063227398292026,0.23928399682044982,0.0007697941083295094,0.4177702307701111,0.005672530298588195,0.7796668529510498,0.016495883179013314,0.8275004744529724,0.011395800504576859,0.25958835482597353,0.0014586465673017428,0.25768265724182127,0.0011468296115001333,0.3435810565948486,0.002249407359579834,2.4238815307617188,0.17492151784577467,0.23679103553295136,0.0008451121960664626,0.7168161869049072,0.0,1.1618891954421997,0.0,14.402030944824219,0.0,,,,,,,,,,,,,,,,,,,2.0,0.0,8.0,0.0,,,,,,,,,,,,,,,0.6412397265434265,0.0030751241971157237,0.5436931490898133,0.0019320698875009547,,,3.315325403213501,0.06144543489033733,3.315325403213501,0.06144543489033733,0.9999999761581421,2.9200193199910855e-08
dmc:reacher.hard.occ,hacssmv8_single,5,851078.0,0.0,0.5842607458432516,0.006223632357452257,0.24375466704368592,0.0007903993874074694,0.4442963719367981,0.012523093213740453,0.8383707284927369,0.01396692816915695,0.8844242691993713,0.011588985513631318,0.2651360034942627,0.002048114663384553,0.2625581920146942,0.0010296275282502057,0.3580081582069397,0.0020665148189633977,2.3680842399597166,0.20776872326375717,0.24236173331737518,0.0009576792939565182,0.7168161869049072,0.0,1.1618891954421997,0.0,14.402030944824219,0.0,,,,,,,,,,,,,,,,,,,2.0,0.0,8.0,0.0,,,,,,,,,,,,,,,0.5,0.0,0.5938259482383728,0.006956808857212685,3.133732223510742,0.06596037687405687,,,,,,
dmc:reacher.hard.occ,hacssmv8_static,5,851078.0,0.0,0.5680830273628235,0.011216773753507771,0.24768007397651673,0.0008099791849864966,0.42290194034576417,0.0034863873990353816,0.7903309226036072,0.017703402536562707,0.8500867128372193,0.021304920641505916,0.26233450770378114,0.0013389513567098725,0.26702367663383486,0.0012563780795133248,0.3523973286151886,0.002441371989559856,2.1758267402648928,0.14861756254784386,0.24678786993026733,0.0010019567256258682,0.7168161869049072,0.0,1.1618891954421997,0.0,14.402030944824219,0.0,,,,,,,,,,,,,,,,,,,2.0,0.0,8.0,0.0,,,,,,,,,,,,,,,0.0,0.0,0.0,0.0,3.22329421043396,0.057967839423465235,,,,,,
dmc:reacher.hard.occ,ssm,5,849536.0,0.0,0.554733925263087,0.006559986171485945,0.2549184262752533,0.0011434306241070826,0.5591705441474915,0.015888258335650097,0.7315108060836792,0.008469512243051158,0.8172305583953857,0.012478523956483792,0.2665550708770752,0.0008080656249368709,0.27589906454086305,0.0009495907916045932,0.3652931571006775,0.002994751107647146,1.292020034790039,0.029664884426555307,0.26292204260826113,0.001316480797713323,0.7168161869049072,0.0,1.1618891954421997,0.0,14.402030944824219,0.0,,,,,,,,,,,,,,,,,,,,,,,,,,,,,,,,,,,,,,,,,,,,,,,,
ogbench:cube-single.occ,hacssmv6,5,851076.0,0.0,1.0427257277170816,0.011504527494765068,0.7214668035507202,0.0015278997160360042,0.9662904858589172,0.00993932110820828,1.3898138046264648,0.01613270370714293,1.3681094646453857,0.021748488581941557,0.7155681490898133,0.002018866488072701,0.6653346300125123,0.0018466136187407682,0.8126612663269043,0.002067005601548046,3.9896215915679933,0.22513946928377043,0.7009837865829468,0.00258000951634134,1.7784466743469238,0.0,2.1742355823516846,0.0,15.909912109375,0.0,0.06118728758891424,0.00039900882135115567,0.05551711203654607,0.00033894030492764377,0.0668574626048406,0.0004658293612905624,,,0.034794786363840105,0.00021090710051429508,0.07623943718274434,0.0004686572922213733,0.03962162106235822,0.000248588093381822,0.09409330266714096,0.0006841823611429285,,,2.0,0.0,8.0,0.0,,,,,,,,,,,,,,,,,,,,,,,,,,
ogbench:cube-single.occ,hacssmv6_static,5,851076.0,0.0,1.0570934228897095,0.007833571735636355,0.7549984931945801,0.0018798673748578062,0.9809810400009156,0.012178099196122324,1.3811507940292358,0.017696070532266073,1.3645100355148316,0.01467417424937223,0.7426011085510253,0.0011606774307180965,0.7006049036979676,0.001924684612400277,0.8389296650886535,0.003895055582473955,3.7960447788238527,0.24885179859941056,0.7343447208404541,0.0020379244105450814,1.7784466743469238,0.0,2.1742355823516846,0.0,15.909912109375,0.0,0.06934634389479954,0.0003431033477555585,0.06497956226269404,0.0003115020600831548,0.07371312298377354,0.00042876785560460695,,,0.04194607792297999,0.0002053853863279667,0.0880130466024081,0.0004194975509623914,0.04423117532332738,0.00023303421600531237,0.10319506988922755,0.0006247856498366513,,,2.0,0.0,8.0,0.0,,,,,,,,,,,,,,,,,,,,,,,,,,
ogbench:cube-single.occ,hacssmv7_noaux,5,852614.0,0.0,1.0397782735824586,0.007707931438169931,0.732605242729187,0.001662351442800842,0.9681949257850647,0.009856201311978778,1.3713674306869508,0.008755399327535258,1.3520869016647339,0.014933337716306106,0.7232247114181518,0.0014651414215755866,0.6773098587989808,0.001963332659493437,0.8189823150634765,0.001985809439930539,3.8201365947723387,0.16335043845269526,0.7129094481468201,0.0014656563904018912,1.7784466743469238,0.0,2.1742355823516846,0.0,15.909912109375,0.0,0.055448542217413584,0.0005235681668055087,0.03536348201831182,0.00027616354644041967,0.07553360178073247,0.0008071992168341811,,,0.02186947427690029,0.0001416015099702913,0.04885749013225237,0.0004118319911061983,0.03902023082971573,0.00027033221121143785,0.11204697219530742,0.0013500351419169186,,,2.0,0.0,8.0,0.0,,,,,,,,,0.07097626036405563,0.0006700724869883212,0.039920822570721305,0.0003932726263741738,0.0,0.0,0.616414475440979,0.00238718902217249,0.5206346631050109,0.0013098637230553362,,,4.165727043151856,0.0421186249343639,3.6941322803497316,0.05426562115437722,0.7871582865715027,0.008794186903518823
ogbench:cube-single.occ,hacssmv7_norecovery,5,852614.0,0.0,1.036453782081604,0.0067643635539038505,0.7331001996994019,0.0019917521477145726,0.9677260041236877,0.010151639377694267,1.366454577445984,0.0076536895899264774,1.3450101137161254,0.01308268429993036,0.72417711019516,0.002023714111305602,0.6781980991363525,0.002048229614628021,0.8187648892402649,0.002422961014185211,3.841246747970581,0.2963136970144978,0.7132924437522888,0.0016711260404618166,1.7784466743469238,0.0,2.1742355823516846,0.0,15.909912109375,0.0,0.0709362428188324,0.0006896840152780855,0.05163365235924721,0.0004738250715422751,0.09023883593082428,0.0009338510062033981,,,0.03151577638089657,0.00024055105369401617,0.07175152828296025,0.0007077987627424623,0.045918604662021,0.00034073923905825583,0.13455906826257705,0.0015303718520745377,,,2.0,0.0,8.0,0.0,,,,,,,,,0.07093624409039816,0.0006896850324270996,0.0,0.0,0.0,0.0,0.6156871914863586,0.0024469834434395713,0.5216334819793701,0.0015277106019909161,,,4.186063480377197,0.040627884574118284,3.6497592449188234,0.05716989423760326,0.7850046038627625,0.00944668720761428
ogbench:cube-single.occ,hacssmv7_sharedaction,5,852614.0,0.0,1.0380023803710938,0.006723675870880239,0.7321638703346253,0.001241027694013753,0.967133629322052,0.010233367380768292,1.369041657447815,0.003282305263281532,1.3487624406814576,0.013246133375340736,0.7241487979888916,0.0013536200369042317,0.6772589445114136,0.0017920098117953584,0.8184516668319702,0.001440630368701144,3.837912940979004,0.2231843065228111,0.7127548217773437,0.0016120246223639634,1.7784466743469238,0.0,2.1742355823516846,0.0,15.909912109375,0.0,0.05460062196850777,0.0007357202239293736,0.03594267425934474,0.000321045403046476,0.07325856967767079,0.0011662282144105378,,,0.022188263470927873,0.00015192448570644105,0.049697083721558254,0.0004903737671872328,0.03811622631549835,0.00040653036643002895,0.10840091292063396,0.0019276562796775331,,,2.0,0.0,8.0,0.0,,,,,,,,,0.0698423341313998,0.0009016748931482317,0.03935890853404999,0.000587416076643444,0.0,0.0,0.6199179887771606,0.002726402200051771,0.5193844437599182,0.001467327555170739,,,4.009447145462036,0.04274626290985364,4.009447145462036,0.04274626290985364,0.9999999880790711,7.90744969929552e-08
ogbench:cube-single.occ,hacssmv8,5,851078.0,0.0,1.04361874294281,0.012613955099529077,0.7319824576377869,0.002114176657894209,0.9696085810661316,0.010326628506635353,1.3875587940216065,0.012577993425028517,1.3597899198532104,0.023725491289040192,0.7235108017921448,0.00019225498638000263,0.6769695162773133,0.002240812370851711,0.8207860231399536,0.002936776734037724,3.82369179725647,0.21326806250242558,0.7122718572616578,0.0008485554551867832,1.7784466743469238,0.0,2.1742355823516846,0.0,15.909912109375,0.0,,,,,,,,,,,,,,,,,,,2.0,0.0,8.0,0.0,,,,,,,,,,,,,,,0.6194338202476501,0.002117918994712309,0.5188542485237122,0.0012329750911217838,4.043610286712647,0.0423363046935501,,,,,,
ogbench:cube-single.occ,hacssmv8_dynamic,5,851078.0,0.0,1.04461554145813,0.011938435161758208,0.7216308116912842,0.0014699470177233043,0.9663930296897888,0.012143071519434778,1.3927964210510253,0.01375393041246465,1.3717170715332032,0.022785192505060833,0.7155953049659729,0.00243984763176954,0.6652691483497619,0.001765956086719782,0.8131169557571412,0.001965240874420512,3.988376808166504,0.21095228629709267,0.7012591004371643,0.002439142098659027,1.7784466743469238,0.0,2.1742355823516846,0.0,15.909912109375,0.0,,,,,,,,,,,,,,,,,,,2.0,0.0,8.0,0.0,,,,,,,,,,,,,,,1.0,0.0,1.0,0.0,4.101821041107177,0.03923989067912898,,,,,,
ogbench:cube-single.occ,hacssmv8_levelaction,5,852614.0,0.0,1.0397782735824586,0.007707931438169931,0.732605242729187,0.001662351442800842,0.9681949257850647,0.009856201311978778,1.3713674306869508,0.008755399327535258,1.3520869016647339,0.014933337716306106,0.7232247114181518,0.0014651414215755866,0.6773098587989808,0.001963332659493437,0.8189823150634765,0.001985809439930539,3.8201365947723387,0.16335043845269526,0.7129094481468201,0.0014656563904018912,1.7784466743469238,0.0,2.1742355823516846,0.0,15.909912109375,0.0,,,,,,,,,,,,,,,,,,,2.0,0.0,8.0,0.0,,,,,,,,,,,,,,,0.616414475440979,0.00238718902217249,0.5206346631050109,0.0013098637230553362,,,4.165727043151856,0.0421186249343639,3.6941322803497316,0.05426562115437722,0.7871582865715027,0.008794186903518823
ogbench:cube-single.occ,hacssmv8_noaction,5,851078.0,0.0,1.197477368036906,0.012292630105119755,0.7421520948410034,0.002042814333955637,1.0122415542602539,0.014780542212292557,1.608251690864563,0.023066318822703397,1.6450232982635498,0.022857866004099926,0.7392592191696167,0.0011722493894715366,0.686909019947052,0.002110462807378245,0.8658587217330933,0.004753224147557612,4.046179151535034,0.19563566024065182,0.7230505347251892,0.002029081514846977,1.7784466743469238,0.0,2.1742355823516846,0.0,15.909912109375,0.0,,,,,,,,,,,,,,,,,,,2.0,0.0,8.0,0.0,,,,,,,,,,,,,,,0.6133469820022583,0.0031714150457907856,0.5398047804832459,0.0021219794738623963,0.0,0.0,,,,,,
ogbench:cube-single.occ,hacssmv8_redundant,5,852614.0,0.0,1.0376580870946248,0.012678839552272995,0.7321105241775513,0.0019105061590135516,0.9676541209220886,0.011152390559711615,1.3723658323287964,0.015523323992228989,1.3482882738113404,0.024048719822100197,0.7240170240402222,0.0015222649548147565,0.676965081691742,0.0018670563456686165,0.8186793565750122,0.00332098213647974,3.850906801223755,0.20152689975239563,0.7122858166694641,0.001737643520422909,1.7784466743469238,0.0,2.1742355823516846,0.0,15.909912109375,0.0,,,,,,,,,,,,,,,,,,,2.0,0.0,8.0,0.0,,,,,,,,,,,,,,,0.6190073370933533,0.0023205849494080315,0.5187431573867798,0.0011598212396119456,,,4.034178781509399,0.04349494995080037,4.034178781509399,0.04349494995080037,1.0000000238418578,8.920806376395086e-08
ogbench:cube-single.occ,hacssmv8_single,5,851078.0,0.0,1.1643590637842813,0.012366898809976759,0.7437290787696839,0.0019650663394262555,1.0097561836242677,0.007292887239141843,1.5741819143295288,0.018636174283239437,1.581665325164795,0.023279406673171025,0.7364439606666565,0.0028521875656997635,0.6862736821174622,0.0025412741115796527,0.8597941040992737,0.003913307963469708,3.8902636528015138,0.32397467065891816,0.7199971199035644,0.0014082238535436055,1.7784466743469238,0.0,2.1742355823516846,0.0,15.909912109375,0.0,,,,,,,,,,,,,,,,,,,2.0,0.0,8.0,0.0,,,,,,,,,,,,,,,0.5,0.0,0.5498059034347534,0.0030429815691595877,4.112149715423584,0.036942901621746856,,,,,,
ogbench:cube-single.occ,hacssmv8_static,5,851078.0,0.0,1.053722928682963,0.009423198283666058,0.7549631595611572,0.0016914965873394787,0.9785530924797058,0.015056305171182683,1.3703038692474365,0.020622275411778763,1.3580640792846679,0.017856713364661932,0.7426528453826904,0.001340534059955189,0.7005898475646972,0.0016334579508410717,0.837322449684143,0.004781922125586971,3.666521406173706,0.27124899959988114,0.7343958735466003,0.0012412324204002843,1.7784466743469238,0.0,2.1742355823516846,0.0,15.909912109375,0.0,,,,,,,,,,,,,,,,,,,2.0,0.0,8.0,0.0,,,,,,,,,,,,,,,0.0,0.0,0.0,0.0,3.855583906173706,0.03718946819727449,,,,,,
ogbench:cube-single.occ,ssm,5,849536.0,0.0,1.1146275316874186,0.009955342902474545,0.7609373569488526,0.002720838529657359,1.123131775856018,0.037769851816665485,1.4132798671722413,0.026251894606159325,1.4677053689956665,0.019983041370664607,0.7527808547019958,0.004338760208041424,0.7089087724685669,0.0022494268814302366,0.8663750767707825,0.007584596001660947,2.533733367919922,0.03948879667598261,0.751890242099762,0.0033664383058081148,1.7784466743469238,0.0,2.1742355823516846,0.0,15.909912109375,0.0,,,,,,,,,,,,,,,,,,,,,,,,,,,,,,,,,,,,,,,,,,,,,,,,
