env,design,n_seeds,val_pred_loss_mean,val_pred_loss_std,clean_mse_pre_mean,clean_mse_pre_std,clean_mse_blackout_transition_mean,clean_mse_blackout_transition_std,clean_mse_deep_blackout_mean,clean_mse_deep_blackout_std,clean_mse_first_post_mean,clean_mse_first_post_std,clean_mse_recovery_mean,clean_mse_recovery_std,clean_mse_late_post_mean,clean_mse_late_post_std,clean_mse_all_mean,clean_mse_all_std,clean_mse_first_post_ablated_mean,clean_mse_first_post_ablated_std,clean_input_mse_first_post_mean,clean_input_mse_first_post_std,last_visible_mse_first_post_mean,last_visible_mse_first_post_std,constant_mse_first_post_mean,constant_mse_first_post_std,persistence_mse_first_post_mean,persistence_mse_first_post_std,trainable_parameters_mean,trainable_parameters_std,val_hier_loss_mean,val_hier_loss_std,val_hier_loss_fast_mean,val_hier_loss_fast_std,val_hier_loss_medium_mean,val_hier_loss_medium_std,val_hier_loss_slow_mean,val_hier_loss_slow_std,val_hier_loss_h1_mean,val_hier_loss_h1_std,val_hier_loss_h2_mean,val_hier_loss_h2_std,val_hier_loss_h4_mean,val_hier_loss_h4_std,val_hier_loss_h8_mean,val_hier_loss_h8_std,val_hier_loss_h16_mean,val_hier_loss_h16_std
dmc:ball_in_cup.catch.occ,hacsmv4,3,0.8722900655534532,0.006347709723409136,0.6229991515477499,0.0038111952513070254,0.7890203595161438,0.027149936959886094,1.1556978623072307,0.021857819524552367,1.02847421169281,0.013625502421403233,0.8050288756688436,0.004655541820650968,0.7285314798355103,0.0006944583247814386,0.7691238323847452,0.00597545592483472,1.657561977704366,0.07146311662549719,0.730085571606954,0.011063646694181964,2.2903213500976562,0.0,1.2641915082931519,0.0,16.771806716918945,0.0,851078.0,0.0,1.2947119251887003,0.001941371356334943,1.094251275062561,0.00037445544332832885,1.2697407807244194,0.0012831919630127806,1.5201436683866714,0.004657848321651051,1.0558791658613416,0.00048144296116776826,1.1326233953899807,0.0002692880669502367,1.217360724873013,0.0008399931648474905,1.3221208254496257,0.002234475926876153,1.5201436683866714,0.004657848321651051
dmc:ball_in_cup.catch.occ,hacsmv4_noaction,3,0.9187890577316284,0.012353928637274334,0.6159710089365641,0.005607800597949411,0.8427274823188782,0.028970224090687648,1.1556054751078289,0.021034826998505004,1.1196941137313843,0.022308983434181022,0.8026323517163595,0.0074741982395105915,0.7288136680920919,0.0013296454942168412,0.7760804295539856,0.00530194873381842,1.7033976316452026,0.054144883266837994,0.7276301582654318,0.018366725245713915,2.2903213500976562,0.0,1.2641915082931519,0.0,16.771806716918945,0.0,851078.0,0.0,1.3334841383828058,0.003946422497427716,1.086028798951043,0.001091957538227934,1.3387438689337836,0.0028971965957520548,1.5756796338823107,0.01005172950679905,1.0482723763253954,0.0012582367548375469,1.1237852583991157,0.0009351718375606189,1.254006846745809,0.0013383926066988154,1.4234808683395386,0.004580306763900502,1.5756796338823107,0.01005172950679905
dmc:ball_in_cup.catch.occ,hacsmv4_noaux,3,0.8817714256710476,0.004502012361978927,0.6247893770535787,0.0028422527275657325,0.785620371500651,0.014039403532974873,1.1432093381881714,0.012137664415242328,1.0494932730992634,0.01073751178341527,0.7967420617739359,0.01669847520240838,0.7235873738924662,0.002065568769045409,0.7658492724100748,0.0040092860609586565,1.816080133120219,0.05533553985175815,0.7184421221415201,0.01259195830330385,2.2903213500976562,0.0,1.2641915082931519,0.0,16.771806716918945,0.0,851078.0,0.0,1.6703936269548205,0.008739987829428291,1.2130378739039103,0.007162888622451267,1.5663855181799995,0.006875054446509321,2.2317573240068223,0.012683578604847702,1.167926131884257,0.008145044609727198,1.2581496047973633,0.006200937995817197,1.4512741284900241,0.004660771799272335,1.6814968797895644,0.009495341302459872,2.2317573240068223,0.012683578604847702
dmc:ball_in_cup.catch.occ,hacsmv4_single,3,0.8452026504940456,0.0027167448879332,0.6132937073707581,0.0032144772718342247,0.7862335244814554,0.03181182505618098,1.1238031387329102,0.005024346415203132,0.9835660457611084,0.0035151965575458168,0.7988564570744833,0.00567045572074177,0.7217666904131571,0.0012918225364068649,0.7581865986188253,0.004464351272966874,1.646459698677063,0.06022819276402965,0.7329909404118856,0.019368563502621283,2.2903213500976562,0.0,1.2641915082931519,0.0,16.771806716918945,0.0,851078.0,0.0,1.3046119525697497,0.0010999417173522448,1.094704442024231,0.0007394848780133161,1.2750849633746677,0.000662484919835316,1.5440462594562108,0.0034323969933586964,1.0574816444185045,0.0008319191671493038,1.1319272168477377,0.0006749462456162536,1.2134088134765626,0.0009728785591644102,1.3367610963185628,0.001166128473684986,1.5440462594562108,0.0034323969933586964
dmc:ball_in_cup.catch.occ,hacsmv4_static,3,0.8425497791502211,0.006555333206335414,0.6072437564531962,0.0007035968067136573,0.7578384677569071,0.014136387139262817,1.1209011872609456,0.023902843066912496,0.9804307421048483,0.01299089374575972,0.7895262241363525,0.003138901251154316,0.7228610316912333,0.0020939175970606486,0.7532276709874471,0.002126238314007002,1.593731125195821,0.042829565970309465,0.7296244700749716,0.006804172788659103,2.2903213500976562,0.0,1.2641915082931519,0.0,16.771806716918945,0.0,851078.0,0.0,1.3218224377102321,0.00046622782401495614,1.097371818224589,0.00048432960271640346,1.275657942559984,0.0007141166122986336,1.5924373881022136,0.0003690996708626266,1.0577339522043865,0.00039736726781584706,1.1370096672905816,0.0005795806033603453,1.2049277496337891,0.0007817045326273283,1.3463881921768188,0.0006853449212437278,1.5924373881022136,0.0003690996708626266
dmc:ball_in_cup.catch.occ,multi,3,0.9626983131302728,0.009685591457744211,0.6076495250066122,0.006739961636610023,0.8371691306432089,0.033645546984876123,1.1557187636693318,0.03228862660434388,1.2127199172973633,0.022630206514083408,0.7476460536321005,0.0038611863813548834,0.7253850301106771,0.008606945776517539,0.7713871200879415,0.006502213422202442,1.2744645675023396,0.01576485735794588,0.7307878335316976,0.014777206128090522,2.2903213500976562,0.0,1.2641915082931519,0.0,16.771806716918945,0.0,914816.0,0.0,,,,,,,,,,,,,,,,,,
dmc:ball_in_cup.catch.occ,none,3,0.9357983260684543,0.0013040901942048251,0.6089529196421305,0.005716020248095209,1.0407244364420574,0.004637394198484438,1.2538195848464966,0.004694262396490183,1.157728950182597,0.0018590515664101749,0.7902464469273885,0.0041110548448905,0.7244665821393331,0.003120044672927246,0.8035375873247782,0.001161070395462803,1.157728950182597,0.0018590515664101749,0.7334638833999634,0.003395031394659897,2.2903213500976562,0.0,1.2641915082931519,0.0,16.771806716918945,0.0,849280.0,0.0,,,,,,,,,,,,,,,,,,
dmc:ball_in_cup.catch.occ,smtv3,3,0.9486771747801039,0.015266423347034125,0.6243281364440918,0.0036095823016954157,0.8782022595405579,0.034995620278569846,1.3431915839513142,0.01657459760136527,1.171223521232605,0.028190132761282093,0.8052490949630737,0.004173637016999446,0.7345376213391622,0.0034199059140993327,0.805696169535319,0.004281374176087429,2.4131035804748535,0.14516759837616172,0.7330853541692098,0.0085143425748796,2.2903213500976562,0.0,1.2641915082931519,0.0,16.771806716918945,0.0,833159.0,0.0,,,,,,,,,,,,,,,,,,
dmc:ball_in_cup.catch.occ,ssm,3,0.8393449152840509,0.017437580300610243,0.6120660503705343,0.007507300277906151,0.8427457610766093,0.04038127818529168,1.0330297152201335,0.0429103270819193,0.9775559902191162,0.031017420525534755,0.7575882077217102,0.01587486024011239,0.7191449403762817,0.0009354376282943803,0.7501174410184225,0.008124610942988702,1.7281190156936646,0.13794849844192977,0.688610831896464,0.005565107653716406,2.2903213500976562,0.0,1.2641915082931519,0.0,16.771806716918945,0.0,849536.0,0.0,,,,,,,,,,,,,,,,,,
dmc:cheetah.run.occ,hacsmv4,3,0.3969141724374559,0.0053593801161882755,0.15154442687829336,0.0013103487543237625,0.3935575683911641,0.01511205422787775,0.6067047317822775,0.0033139915775169905,0.6065690914789835,0.011066472727543344,0.1944034198919932,0.0008463875334899225,0.17313664158185324,0.0009887342850277646,0.2519913911819458,0.001521378202031214,1.1102080742518108,0.03816394118695401,0.1634234438339869,0.0010405088699110454,1.0144654512405396,0.0,0.6891944408416748,0.0,13.852587699890137,0.0,851078.0,0.0,0.6793599398930867,0.0008045384159302028,0.5578806395000881,0.00035656664692752116,0.683158417807685,0.0004391704033966286,0.7970406860775417,0.0016866993790932159,0.528538822862837,0.00032231927648144364,0.5872224617004395,0.00041244604691544534,0.6611714930004544,0.000341658556944825,0.7051453227467007,0.0005368240346525377,0.7970406860775417,0.0016866993790932159
dmc:cheetah.run.occ,hacsmv4_noaction,3,0.49769055260552303,0.005953000604194376,0.15878871083259583,0.0009003630672111066,0.4455447793006897,0.003380444886392633,0.78616863489151,0.009484356581983502,0.7938139239947001,0.011440042454878025,0.20190582672754923,0.0033895467984741824,0.17899216214815775,0.00027915988186724743,0.28728221853574115,0.0010357598452737132,0.9109441439310709,0.03640222892834525,0.1728119750817617,0.002644111544138462,1.0144654512405396,0.0,0.6891944408416748,0.0,13.852587699890137,0.0,851078.0,0.0,0.7124317730797661,0.0022463305301927963,0.538241044415368,0.0005307038756668601,0.7393442800309923,0.0015604893521699648,0.8597099015447829,0.005700462255746519,0.5064304860432943,0.000544453993595563,0.5700515887472365,0.0005289205230374461,0.6982321985562643,0.0009161719063262888,0.7804563670688205,0.002205749074768868,0.8597099015447829,0.005700462255746519
dmc:cheetah.run.occ,hacsmv4_noaux,3,0.3864224265681373,0.00642191205783311,0.14999804894129434,0.0005868118218138043,0.46813621123631793,0.019453213859286497,0.6599712371826172,0.02584600485011588,0.5875890453656515,0.012400604490269798,0.1896263062953949,0.0004860831799010849,0.17261953155199686,7.566889014517996e-05,0.26362772782643634,0.0046207899333957385,1.2462896505991619,0.16976812318610893,0.16248028973738352,0.0007843485327936025,1.0144654512405396,0.0,0.6891944408416748,0.0,13.852587699890137,0.0,851078.0,0.0,0.8416373695267572,0.003904214155447793,0.6203140624364217,0.0021611865039055794,0.7897849914762709,0.004193961492961175,1.1148130374484593,0.007838480061774181,0.587369544506073,0.0020462804130391404,0.6532585718896654,0.0022971489656094177,0.746499310069614,0.002681835138162271,0.833070678446028,0.005767671257653713,1.1148130374484593,0.007838480061774181
dmc:cheetah.run.occ,hacsmv4_single,3,0.39960573858684967,0.005895340750785503,0.15422111749649048,0.00117873436332925,0.4093659619490306,0.004904540818934115,0.5993475317955017,0.013691092963651343,0.6094909310340881,0.011538302517882267,0.19406761725743613,0.002901865128792405,0.17587688068548837,0.0003518353292831955,0.25481770435969037,0.0010673181251585784,0.9825272162755331,0.09199243333541451,0.1671892007191976,0.00208782761287892,1.0144654512405396,0.0,0.6891944408416748,0.0,13.852587699890137,0.0,851078.0,0.0,0.6813560401068793,0.0008953136292967135,0.5438371419906617,0.0006970657361871748,0.6846340253618028,0.0005404604719614273,0.8155968872706095,0.002838183080519212,0.514895707236396,0.0008390678550046918,0.5727785907851325,0.0005571162827803037,0.6600002002716064,0.0003870274734002008,0.7092678531010945,0.0007059048364075302,0.8155968872706095,0.002838183080519212
dmc:cheetah.run.occ,hacsmv4_static,3,0.3977345305018955,0.013675711337281805,0.1562331219514211,0.0010919499381815156,0.36131025354067486,0.005170573648017623,0.5877278844515482,0.011468239288742889,0.6046813726425171,0.025720074603218342,0.1915306051572164,0.0028003047293674007,0.17744181056817374,0.0006160226076463181,0.24949076771736145,0.0024151247564813947,0.8703497052192688,0.05511924727353326,0.17074508468310037,0.0011898831257697148,1.0144654512405396,0.0,0.6891944408416748,0.0,13.852587699890137,0.0,851078.0,0.0,0.7122811513476901,0.0008021630758077612,0.5407023443116082,0.0005186197674105207,0.7005526113510132,0.00038439287521090473,0.8955884387758043,0.002317828949778275,0.5082903165287441,0.0004945181824981737,0.5731143776575724,0.000546556639412869,0.6633677093187967,8.537924844962764e-05,0.7377374990781148,0.0006858460205016314,0.8955884387758043,0.002317828949778275
dmc:cheetah.run.occ,multi,3,0.49138152652316625,0.0070681901782111934,0.1602127899726232,0.0010217241720480682,0.466617872317632,0.01574841504880751,0.7279743750890096,0.008791956684574935,0.7822946707407633,0.012868133890916133,0.18698169787724814,0.002846890166503504,0.17946336170037588,0.0004599835535388499,0.28257061044375104,0.0015561884089576091,0.7417775392532349,0.031215047710317533,0.18558840453624725,0.002128803270623066,1.0144654512405396,0.0,0.6891944408416748,0.0,13.852587699890137,0.0,914816.0,0.0,,,,,,,,,,,,,,,,,,
dmc:cheetah.run.occ,none,3,0.40788978232277767,0.0027635828492603163,0.14254105587800345,0.0005744189912266713,0.45418813824653625,0.004099202452874439,0.6328274210294088,0.0015607933753099808,0.6352881193161011,0.004984759141884454,0.18658974270025888,0.0015130035149072821,0.16500372191270193,0.00027922333376260934,0.2555982867876689,0.00020739429701966902,0.6352881193161011,0.004984759141884454,0.1552785982688268,0.0025614967501651313,1.0144654512405396,0.0,0.6891944408416748,0.0,13.852587699890137,0.0,849280.0,0.0,,,,,,,,,,,,,,,,,,
dmc:cheetah.run.occ,smtv3,3,0.518767516348097,0.009906560195166695,0.155228391289711,0.00044471221742000663,0.47202279170354206,0.014819677444985654,0.81660129626592,0.004491412524393623,0.8354556361834208,0.019042907118206866,0.19656164944171906,0.0027536207956133014,0.17943458259105682,0.0005967873613788701,0.29357584317525226,0.0012683937314993813,1.0013870398203533,0.07942595171894304,0.1687037249406179,0.0023911736789864807,1.0144654512405396,0.0,0.6891944408416748,0.0,13.852587699890137,0.0,833159.0,0.0,,,,,,,,,,,,,,,,,,
dmc:cheetah.run.occ,ssm,3,0.4203690147399902,0.002358566771947154,0.14522223671277365,0.0007145212551411449,0.4384755889574687,0.010936208875831315,0.6531782150268555,0.0063802014637070305,0.6563953757286072,0.0036894031989925216,0.18283574283123016,0.0025036582665628688,0.16932751735051474,0.0008444852372230349,0.2591324746608734,0.0007496417656169119,0.8449504375457764,0.04404914507159849,0.1747051328420639,0.0009076379507885494,1.0144654512405396,0.0,0.6891944408416748,0.0,13.852587699890137,0.0,849536.0,0.0,,,,,,,,,,,,,,,,,,
dmc:finger.spin.occ,hacsmv4,3,0.8394433495733473,0.008705899479590792,0.3534480035305023,0.0014913922938710675,0.7157671451568604,0.007155872536492792,1.2441952625910442,0.013888965405275818,1.2819419304529827,0.01791173724456,0.37810659408569336,0.005561659785187229,0.35518749554951984,0.00152168055227342,0.5175729592641195,0.0007851435256358372,3.5660009384155273,0.12624832317489013,0.3454507489999135,0.0007473857489874564,1.2537477016448975,0.0,1.7987955808639526,0.0,14.051904678344727,0.0,851078.0,0.0,1.1022312010659112,0.0020270291101830928,0.8037669679853651,0.003647792420839036,1.0296604792277018,0.00038848001698933216,1.4732659832636514,0.002783509835574037,0.7748405567804972,0.004237051111875,0.8326933677991232,0.003062268458066766,0.9767227360937331,0.00025479369152752324,1.0825981855392457,0.0006208550168935712,1.4732659832636514,0.002783509835574037
dmc:finger.spin.occ,hacsmv4_noaction,3,0.9306296242607964,0.006606686883906422,0.3586241503556569,0.001680956498304587,0.756369431813558,0.0031543802759618515,1.3830198049545288,0.015366284533274627,1.4521535634994507,0.013820581175330667,0.38153016567230225,0.0053712679091280306,0.3602958718935649,0.0012897080398969055,0.5457792480786642,0.0007431815522590671,3.9122118949890137,0.4012454038639467,0.34999439120292664,0.000959622223411067,1.2537477016448975,0.0,1.7987955808639526,0.0,14.051904678344727,0.0,851078.0,0.0,1.1159490373399523,0.0021648401492579124,0.8041978459888035,0.002512893382495089,1.0473060607910156,0.0007957304047300041,1.496343018213908,0.003516811374176737,0.7754441062609355,0.0027975379868143625,0.8329515743255616,0.0022284119584106516,0.9891753313276502,0.00043402844954735213,1.1054367420408462,0.0011814003171882184,1.496343018213908,0.003516811374176737
dmc:finger.spin.occ,hacsmv4_noaux,3,0.8417176328765021,0.00835820421816967,0.3514077961444855,0.0012917269607438232,0.7555870016415914,0.02180880466470073,1.2981957991917927,0.013294930194925598,1.2875487804412842,0.016934507367497565,0.3758620818456014,0.004179993560266455,0.3543278177579244,0.0013708309072511782,0.5264392097791036,0.001695844927863874,3.9598085085550943,0.13419689368368634,0.3446858823299408,0.0007511286360732298,1.2537477016448975,0.0,1.7987955808639526,0.0,14.051904678344727,0.0,851078.0,0.0,1.3375623575846354,0.0008985223849328725,1.0162559821870591,0.002026294657207104,1.215954968134562,0.0023560372217753646,1.780475984149509,0.0010916233390995836,0.9813851218753391,0.002731868991668715,1.0511268424987792,0.0016478097881014037,1.1387275822957357,0.002281391148440337,1.2931823592715794,0.0024313286615780345,1.780475984149509,0.0010916233390995836
dmc:finger.spin.occ,hacsmv4_single,3,0.8579594707489013,0.011383019199195406,0.35776108503341675,0.00028934505039789955,0.7274611989657084,0.012652516424048594,1.2803191343943279,0.030368554005221492,1.3142364422480266,0.02210765658619264,0.38029401501019794,0.005144396734337716,0.35842641194661456,0.0009321504938477724,0.5262771248817444,0.004767598036765994,3.907319704691569,0.11567139056234686,0.3481654226779938,0.0014983781704497076,1.2537477016448975,0.0,1.7987955808639526,0.0,14.051904678344727,0.0,851078.0,0.0,1.1149801757600573,0.0023273425187155393,0.823949015405443,0.005870761905307078,1.0332973782221475,0.00033007583226908393,1.4876940202713012,0.0015261390477600155,0.795560962094201,0.0064976418471873135,0.852337040371365,0.005249980371493942,0.9790862851672703,0.0002863750146607323,1.0875084993574355,0.00041485892179056444,1.4876940202713012,0.0015261390477600155
dmc:finger.spin.occ,hacsmv4_static,3,0.9222571796841091,0.02092556793364317,0.3738687535127004,0.0009509024786941344,0.7341436147689819,0.012763425466825906,1.3418302536010742,0.034175837120902004,1.4235196908315022,0.04041416482378652,0.3914643923441569,0.004874713749819156,0.3737959663073222,0.0013204283989240125,0.5486482580502828,0.006046856858534678,3.2084995905558267,0.061976192354997496,0.36318307121594745,0.0006548201949157736,1.2537477016448975,0.0,1.7987955808639526,0.0,14.051904678344727,0.0,851078.0,0.0,1.2314998234642878,0.0008991195641668696,1.1024960290061103,0.0012271375818011022,1.0539411650763617,0.0005234960520819401,1.5380620718002318,0.0014466060275391606,1.0804076984193591,0.0011218451614272095,1.1245843426386515,0.0013329416445324877,0.9976301789283752,0.0006139198309987308,1.1102521483103434,0.0005453638684824277,1.5380620718002318,0.0014466060275391606
dmc:finger.spin.occ,multi,3,0.9474304048220317,0.00040733516803903363,0.37384820977846783,0.001133695734948342,0.754116972287496,0.023755851412069266,1.2690478960673015,0.007812415611370939,1.4753787914911907,0.0008849406648583864,0.390109121799469,0.00026243119388442656,0.36735010147094727,0.001641907563078135,0.541985551516215,0.0034718377753522396,2.0071467558542886,0.06290315864903441,0.36565667390823364,0.001242614860861118,1.2537477016448975,0.0,1.7987955808639526,0.0,14.051904678344727,0.0,914816.0,0.0,,,,,,,,,,,,,,,,,,
dmc:finger.spin.occ,none,3,1.0863593477673,0.0007253204577341149,0.29128873348236084,0.0018498286143139768,1.0725387732187908,0.010662099544129134,1.7965020338694255,0.0009335378048367226,1.8149598836898804,0.0009239756669562702,0.3259231448173523,0.005354730608948358,0.28635574380556744,0.002442601492613193,0.5805370410283407,0.0027487321379346674,1.8149598836898804,0.0009239756669562702,0.29446085294087726,0.0009005680356884702,1.2537477016448975,0.0,1.7987955808639526,0.0,14.051904678344727,0.0,849280.0,0.0,,,,,,,,,,,,,,,,,,
dmc:finger.spin.occ,smtv3,3,0.9185421257548861,0.011915348840205576,0.35795501867930096,0.001405338801836111,0.7100696961085001,0.002762444054363948,1.3320588270823162,0.019330197425670437,1.4286326169967651,0.024096564152655254,0.3813706636428833,0.0037379806971641516,0.36133281389872235,0.001787665386491105,0.5351990262667338,0.0016112574503049889,2.974633773167928,0.12924511140217365,0.35153548916180927,0.0004988608601057208,1.2537477016448975,0.0,1.7987955808639526,0.0,14.051904678344727,0.0,833159.0,0.0,,,,,,,,,,,,,,,,,,
dmc:finger.spin.occ,ssm,3,0.8087217558754815,0.0066268713872215486,0.375325342019399,0.0029265404369202405,0.7360749840736389,0.005494259075741209,1.0422403812408447,0.011115400483027558,1.2022446393966675,0.01510144907659939,0.39198728402455646,0.0012413804455472866,0.3796982566515605,0.002783512123423213,0.5132592916488647,0.0013835170560132426,1.9824254910151164,0.004795030741488365,0.3798800011475881,0.00385857098915381,1.2537477016448975,0.0,1.7987955808639526,0.0,14.051904678344727,0.0,849536.0,0.0,,,,,,,,,,,,,,,,,,
dmc:reacher.hard.occ,hacsmv4,3,0.5771356990602282,0.004773385754584776,0.2423268755276998,0.0008153675781652261,0.4335198998451233,0.008226171700175287,0.8087892929712931,0.005781285004910333,0.8716370264689127,0.008456241335703248,0.26406151056289673,0.002934199768591684,0.2618877788384755,0.0007188814230237525,0.3526729643344879,0.001003877213401098,1.9995418389638264,0.09599752663190102,0.2406902809937795,0.0005658220049605796,0.7168161869049072,0.0,1.1618891954421997,0.0,14.402030944824219,0.0,851078.0,0.0,0.6782317590713501,0.0005210623720540366,0.47243630859586927,0.0008957322018663279,0.650718596511417,0.00034443544928191536,0.9115403297212389,0.00037613194100322953,0.4530905803044637,0.000878345506346443,0.49178202695316736,0.0009137847998326301,0.605888450410631,0.0003151142830996865,0.6955487540033128,0.000376472303969284,0.9115403297212389,0.00037613194100322953
dmc:reacher.hard.occ,hacsmv4_noaction,3,0.5751922051111857,0.0040398650519978966,0.2431744933128357,0.0009209459758969258,0.4360800584157308,0.005959952779021497,0.8140528400739034,0.004072331798184735,0.8672902385393778,0.007151441491080243,0.2640669147173564,0.0032451756694102047,0.2625783880551656,0.0007841027672983754,0.3538469771544139,0.0010501379178304336,2.0954161485036216,0.06223524207705482,0.241502712170283,0.0006221107031807168,0.7168161869049072,0.0,1.1618891954421997,0.0,14.402030944824219,0.0,851078.0,0.0,0.6799144572681851,0.00019798850406282275,0.46621741122669647,0.0002157088732242492,0.6552916998333401,8.701582173486123e-05,0.9182342296176487,0.00033087867714123295,0.44746422118610807,0.00023586347132834606,0.4849705913331773,0.0001966480021526394,0.6087439348962572,9.530112107481935e-05,0.7018394788106282,0.00011911215343366767,0.9182342296176487,0.00033087867714123295
dmc:reacher.hard.occ,hacsmv4_noaux,3,0.5757842344707913,0.004946267501679294,0.24168476462364197,0.0006974524917324236,0.4350400964419047,0.012253277346963062,0.8120086789131165,0.007993324410069006,0.8695527911186218,0.008926013066231928,0.26377145449320477,0.0022451246754714846,0.2613439659277598,0.0005736690998211555,0.3526726762453715,0.0004047014122773763,2.4365181922912598,0.0410888116484493,0.2401532232761383,0.0006851394698215506,0.7168161869049072,0.0,1.1618891954421997,0.0,14.402030944824219,0.0,851078.0,0.0,0.7830635431077745,0.0008592103434026033,0.5811813444561429,0.002533995557132771,0.736505802737342,0.0003223761885758326,1.0315034113989936,0.0007156885985029136,0.5564140182071262,0.002949773191664876,0.6059486932224698,0.002133461735000875,0.6806689172320896,0.00043026807506156106,0.7923426938056946,0.0003578123514554599,1.0315034113989936,0.0007156885985029136
dmc:reacher.hard.occ,hacsmv4_single,3,0.588158829609553,0.0037563700977253874,0.2439039945602417,0.0008442468907104901,0.4471031228701274,0.007216461907532477,0.8346239924430847,0.005664734116632882,0.8914193908373514,0.006485508456607,0.2658220628897349,0.003443877348917776,0.2632514039675395,0.000743936486993764,0.35854625701904297,0.0015754571899590031,2.0956803957621255,0.05376465140083981,0.2421370098988215,0.0007315378010189584,0.7168161869049072,0.0,1.1618891954421997,0.0,14.402030944824219,0.0,851078.0,0.0,0.6825962037510342,0.0006511041759760303,0.4807059384716882,0.0013639284680153775,0.6515544117821587,0.00029531807086770974,0.9155281546380785,0.0003517653521459304,0.4609664283858405,0.0013667584059187067,0.5004454400804308,0.0013612432426334984,0.6066200052367317,0.00029837236309393527,0.696488815413581,0.00029298551937519574,0.9155281546380785,0.0003517653521459304
dmc:reacher.hard.occ,hacsmv4_static,3,0.5929596071773106,0.00977447497114862,0.24710144102573395,0.0006415315577523238,0.44538893302281696,0.005052920297591285,0.8364584843317667,0.014282870430877599,0.8978517850240072,0.018432853776887307,0.2654694418112437,0.0027467764619213196,0.2666960855325063,0.000584456516824339,0.3610721329847972,0.0025582148492856232,1.853919227917989,0.08734176850933274,0.24704924722512564,0.000471369751152629,0.7168161869049072,0.0,1.1618891954421997,0.0,14.402030944824219,0.0,851078.0,0.0,0.755541644361284,0.0007066384417471892,0.6673096426328023,0.0011273730707471136,0.6588571593496535,0.00033020846453370216,0.9404581024911669,0.0008146763878507896,0.6579071834352281,0.0009647291915135737,0.6767121018303766,0.0012928301428630068,0.6105562000804478,0.0003859801404042326,0.7071580902735393,0.0002898292223086027,0.9404581024911669,0.0008146763878507896
dmc:reacher.hard.occ,multi,3,0.5705667029486762,0.004469790672655757,0.260268102089564,0.0005949385764573027,0.4493776559829712,0.002730192506203889,0.766798734664917,0.00888776427584932,0.8478936155637106,0.008130450497120575,0.27163267135620117,0.001570842314697632,0.27165231108665466,0.001359001208685873,0.3583808441956838,0.0020708902883774085,1.298828125,0.02987262750372427,0.2595753272374471,0.001247660101296819,0.7168161869049072,0.0,1.1618891954421997,0.0,14.402030944824219,0.0,914816.0,0.0,,,,,,,,,,,,,,,,,,
dmc:reacher.hard.occ,none,3,0.7276276718245612,0.0007317929483506806,0.2282423327366511,0.0018765176922061696,0.744650642077128,0.024204801255602478,1.1866665681203206,0.0007697640495047336,1.17677636941274,0.0009309822819283859,0.2495760271946589,0.004388859211985949,0.24087625245253244,0.0008229169896517477,0.4206540882587433,0.0023870276694976976,1.17677636941274,0.0009309822819283859,0.22038832306861877,0.0019582355069032863,0.7168161869049072,0.0,1.1618891954421997,0.0,14.402030944824219,0.0,849280.0,0.0,,,,,,,,,,,,,,,,,,
dmc:reacher.hard.occ,smtv3,3,0.5769974327087403,0.005759979942400749,0.24265512824058533,0.0007762294765605978,0.4385124444961548,0.00713687031062915,0.813089927037557,0.00956097990899898,0.8711605469385783,0.009927536224290219,0.26252596577008563,0.004448495267982726,0.2623378435770671,0.0009884663512158384,0.35379300514856976,0.0026829786898757996,1.8139030536015828,0.10503292752867692,0.2406684309244156,0.0008951375723763802,0.7168161869049072,0.0,1.1618891954421997,0.0,14.402030944824219,0.0,833159.0,0.0,,,,,,,,,,,,,,,,,,
dmc:reacher.hard.occ,ssm,3,0.5556772674454583,0.007523046251068798,0.2547307809193929,0.0005112721041064841,0.5627322196960449,0.006107219692823122,0.731784462928772,0.008910889578103515,0.8189797004063925,0.01474765299751341,0.26633113622665405,0.00028267612389613607,0.2761433521906535,0.0005744281196534143,0.3657989998658498,0.0010248851574095233,1.2859151363372803,0.024399491924151473,0.2638513644536336,0.0008140642795831272,0.7168161869049072,0.0,1.1618891954421997,0.0,14.402030944824219,0.0,849536.0,0.0,,,,,,,,,,,,,,,,,,
ogbench:cube-single.occ,hacsmv4,3,1.1574383152855767,0.009929802863943465,0.733596404393514,0.0014941396119990946,0.9768475890159607,0.0016368880279626233,1.55971093972524,0.006290282136037726,1.577357292175293,0.017537351798685864,0.7305371761322021,0.005274917636733666,0.6761028369267782,0.002339785361014971,0.8473316629727682,0.0023404790868354415,3.5870164235432944,0.26030665347630877,0.7079117894172668,0.0038849185552669928,1.7784466743469238,0.0,2.1742355823516846,0.0,15.909912109375,0.0,851078.0,0.0,1.4400235149595473,0.00040838209371557295,1.070600946744283,0.00028014763821410246,1.3207838222715589,0.0003015662112360122,1.9286855326758492,0.0008467545651485917,1.0422867080900404,0.0002169945592182942,1.0989151626163058,0.0003460589789677606,1.2701655673980712,0.00028502382027911213,1.371402054362827,0.0003269359548486569,1.9286855326758492,0.0008467545651485917
ogbench:cube-single.occ,hacsmv4_noaction,3,1.2923459805382622,0.010228065923838372,0.7403026024500529,0.0018138091955553447,1.0081029534339905,0.008569120363401713,1.765771508216858,0.01774580043402493,1.8291719357172649,0.018501287341407182,0.7417984406153361,0.0023893290799702847,0.683236281077067,0.002357540352233942,0.8861580093701681,0.0033389201362607,3.5869253476460776,0.4013083633652682,0.7147956291834513,0.0044211628795101515,1.7784466743469238,0.0,2.1742355823516846,0.0,15.909912109375,0.0,851078.0,0.0,1.469003176159329,0.0010315822885665167,1.082821438047621,0.0010311982505074768,1.353491973876953,0.0003727820962322774,1.9706959629058838,0.0017002798879238985,1.0536936871210734,0.0012259788116622567,1.1119492059283786,0.0008369863348002316,1.293394554456075,0.00023435303259583182,1.4135894213782416,0.0005289091755895787,1.9706959629058838,0.0017002798879238985
ogbench:cube-single.occ,hacsmv4_noaux,3,1.1384469636281331,0.009369077341036806,0.7300330996513367,0.0018847966028062667,1.0106767813364665,0.014425371623727257,1.574196736017863,0.016092121879267052,1.5435388088226318,0.016573251013316997,0.7293465932210287,0.0029973988005265653,0.6734387079874674,0.002479866297461774,0.849027156829834,0.0025059246744087178,4.483388900756836,0.13660920880777064,0.7073097229003906,0.004156076336764365,1.7784466743469238,0.0,2.1742355823516846,0.0,15.909912109375,0.0,851078.0,0.0,1.7355756346384685,0.0017327901657012141,1.2997823413213094,0.006449256059982745,1.5452241436640421,0.002245378940002316,2.3617203119066024,0.0025679513550990957,1.2664839050504897,0.006758664680471776,1.3330807887183296,0.006211141509109634,1.464171249601576,0.0028709734887353957,1.626277060508728,0.0016736769057563538,2.3617203119066024,0.0025679513550990957
ogbench:cube-single.occ,hacsmv4_single,3,1.18503794087304,0.008499441776545446,0.7386207381884257,0.0012712186091756639,0.9904665152231852,0.001675328044216554,1.5973892609278362,0.012251863485446098,1.627027153968811,0.015029067169979444,0.7323629061381022,0.00476694958696519,0.6790785988171896,0.002063771435602333,0.8570237358411154,0.0023393470940388265,3.460756858189901,0.46347775738565383,0.7112339536348978,0.0026240642533560538,1.7784466743469238,0.0,2.1742355823516846,0.0,15.909912109375,0.0,851078.0,0.0,1.4473107687632243,0.0009776808496991043,1.0770240285661485,0.0007557233706269714,1.3238284752104017,0.0006026063190116697,1.9410797797309027,0.002025435662573342,1.0478339751561483,0.000817458109408791,1.1062140819761488,0.0006940294572487561,1.2719231282340155,0.0004977441504351463,1.3757338507970174,0.0007142998081813421,1.9410797797309027,0.002025435662573342
ogbench:cube-single.occ,hacsmv4_static,3,1.227808887163798,0.007750809566510163,0.7568065524101257,0.002504826755558662,0.9972908695538839,0.010567460729739376,1.6555910507837932,0.004069225916287517,1.6908224026362102,0.014812946879309648,0.7509759664535522,0.0040059030745939975,0.6999900738398234,0.0025981106533583286,0.8809977769851685,0.0018904459705591354,3.748835325241089,0.20413988958029897,0.7315057317415873,0.003537607418677232,1.7784466743469238,0.0,2.1742355823516846,0.0,15.909912109375,0.0,851078.0,0.0,1.5900251875983344,0.00025795745901378223,1.4071826113594903,0.00046289254789417904,1.342625027762519,0.0002239216257799238,2.0202677705552845,0.0003887804363666951,1.393903063668145,0.0004757503895929516,1.4204622099134656,0.0004549959683138724,1.2817215628094143,0.00011216701942360647,1.403528503841824,0.00035012131459598235,2.0202677705552845,0.0003887804363666951
ogbench:cube-single.occ,multi,3,1.327406038708157,0.008365003932993107,0.7560329039891561,0.002251923554832579,1.1228071053822835,0.004811864235901614,1.6893821557362874,0.023800395624188165,1.8887643814086914,0.01510807566900203,0.7480422258377075,0.0036976074337251325,0.6878475149472555,0.0025487350977249777,0.8984711567560831,0.004504111784098064,2.379206816355387,0.035101397711063534,0.7282823920249939,0.0007141225152512991,1.7784466743469238,0.0,2.1742355823516846,0.0,15.909912109375,0.0,914816.0,0.0,,,,,,,,,,,,,,,,,,
ogbench:cube-single.occ,none,3,1.467581656773885,0.003918322082835336,0.674531102180481,0.0005721006096135535,1.4391028881072998,0.017786263978785487,2.2537502447764077,0.00448934792665808,2.224398136138916,0.00847014900251379,0.6825040777524313,0.007688810573886364,0.6181902090708414,0.0023231626345396952,0.9457294940948486,0.001825198591106477,2.224398136138916,0.00847014900251379,0.6590233643849691,0.00449490811019974,1.7784466743469238,0.0,2.1742355823516846,0.0,15.909912109375,0.0,849280.0,0.0,,,,,,,,,,,,,,,,,,
ogbench:cube-single.occ,smtv3,3,1.282227446768019,0.008899443272535945,0.7411372264226278,0.0028833377335655405,1.0369386672973633,0.027000350081386217,1.7199500799179077,0.014812407715515284,1.8074623346328735,0.018521286581569842,0.7406159241994222,0.00036436410626348195,0.6872440377871195,0.002898669857104059,0.8855687777201334,0.0024169378984929555,3.243610223134359,0.21043398760463125,0.7180220087369283,0.001477790613668422,1.7784466743469238,0.0,2.1742355823516846,0.0,15.909912109375,0.0,833159.0,0.0,,,,,,,,,,,,,,,,,,
ogbench:cube-single.occ,ssm,3,1.1223065980275473,0.004022956731411593,0.7599765459696451,0.0030488740362322312,1.1108990112940471,0.03188335964116358,1.4120242993036907,0.02389553908670353,1.48313041528066,0.007686330455573506,0.7513005137443542,0.005059854243594477,0.7083489298820496,0.002437875363689785,0.8649266362190247,0.007011336270978684,2.514890750249227,0.018989955106417076,0.7496554454167684,0.002263432005601615,1.7784466743469238,0.0,2.1742355823516846,0.0,15.909912109375,0.0,849536.0,0.0,,,,,,,,,,,,,,,,,,
