env,design,seed,level,tau,causal_gate_mean,visible_mean,black_mean,visible_minus_black,visible_auroc,temporal_std,input_std,original_first_post_mse,mean_gate_first_post_mse,mean_gate_relative_change
dmc:reacher.hard.occ,hacsmv4_static,0,0,2,0.8468581438064575,0.8468580842018127,0.846858024597168,5.960464477539063e-08,0.5,5.960464477539063e-08,1.2516975402832031e-06,0.8999018669128418,0.8999018669128418,0.0
dmc:reacher.hard.occ,hacsmv4_static,0,1,8,0.9047560691833496,0.9047562479972839,0.9047562479972839,0.0,0.5,1.7881393432617188e-07,1.0132789611816406e-06,0.8999018669128418,0.8999018669128418,0.0
dmc:reacher.hard.occ,hacsmv4_static,0,2,32,0.9124492406845093,0.912449300289154,0.9124491214752197,1.7881393432617188e-07,0.5,1.7881393432617188e-07,1.1324882507324219e-06,0.8999018669128418,0.8999018669128418,0.0
dmc:reacher.hard.occ,hacsmv4_static,1,0,2,0.8465806245803833,0.8465805649757385,0.8465805649757385,0.0,0.5,0.0,1.1920928955078125e-07,0.8725389838218689,0.8725388646125793,-1.3662345565990108e-07
dmc:reacher.hard.occ,hacsmv4_static,1,1,8,0.9041945338249207,0.9041945934295654,0.9041945934295654,0.0,0.5,1.1920928955078125e-07,1.0132789611816406e-06,0.8725389838218689,0.8725388646125793,-1.3662345565990108e-07
dmc:reacher.hard.occ,hacsmv4_static,1,2,32,0.9118140339851379,0.9118140339851379,0.9118139743804932,5.960464477539063e-08,0.5,0.0,3.5762786865234375e-07,0.8725389838218689,0.8725388646125793,-1.3662345565990108e-07
dmc:reacher.hard.occ,hacsmv4_static,2,0,2,0.8468731641769409,0.8468731641769409,0.8468732237815857,-5.960464477539063e-08,0.5,1.1920928955078125e-07,1.0728836059570312e-06,0.9182857275009155,0.9182856678962708,-6.490860471330961e-08
dmc:reacher.hard.occ,hacsmv4_static,2,1,8,0.9033556580543518,0.9033557772636414,0.9033557176589966,5.960464477539063e-08,0.5,0.0,8.344650268554688e-07,0.9182857275009155,0.9182856678962708,-6.490860471330961e-08
dmc:reacher.hard.occ,hacsmv4_static,2,2,32,0.9112843871116638,0.9112843871116638,0.9112843871116638,0.0,0.5,1.7881393432617188e-07,5.960464477539062e-07,0.9182857275009155,0.9182856678962708,-6.490860471330961e-08
dmc:reacher.hard.occ,hacsmv4_noaction,0,0,2,0.5432477593421936,0.8406882882118225,0.097087062895298,0.7436012029647827,1.0,0.36429259181022644,0.03317975625395775,0.8675361275672913,1.1326805353164673,0.30562925338745117
dmc:reacher.hard.occ,hacsmv4_noaction,0,1,8,0.6072081327438354,0.9048108458518982,0.1608038693666458,0.7440069913864136,1.0,0.36448934674263,0.02649480290710926,0.8675361275672913,1.1326805353164673,0.30562925338745117
dmc:reacher.hard.occ,hacsmv4_noaction,0,2,32,0.6215931177139282,0.9145321249961853,0.18218475580215454,0.7323473691940308,1.0,0.35877686738967896,0.02626810409128666,0.8675361275672913,1.1326805353164673,0.30562925338745117
dmc:reacher.hard.occ,hacsmv4_noaction,1,0,2,0.5437172055244446,0.8409351706504822,0.09789030998945236,0.7430448532104492,1.0,0.3640209436416626,0.032334621995687485,0.8578991889953613,1.122307538986206,0.30820444226264954
dmc:reacher.hard.occ,hacsmv4_noaction,1,1,8,0.6081444025039673,0.9052099585533142,0.16254626214504242,0.7426636815071106,1.0,0.3638312816619873,0.02565937116742134,0.8578991889953613,1.122307538986206,0.30820444226264954
dmc:reacher.hard.occ,hacsmv4_noaction,1,2,32,0.6220129132270813,0.9144657850265503,0.18333369493484497,0.7311320900917053,1.0,0.35818159580230713,0.025510642677545547,0.8578991889953613,1.122307538986206,0.30820444226264954
dmc:reacher.hard.occ,hacsmv4_noaction,2,0,2,0.5426577925682068,0.8411298990249634,0.09494943916797638,0.7461804747581482,1.0,0.3655567765235901,0.03367037698626518,0.875688910484314,1.0346319675445557,0.18150630593299866
dmc:reacher.hard.occ,hacsmv4_noaction,2,1,8,0.6076128482818604,0.906344473361969,0.15951529145240784,0.7468291521072388,1.0,0.3658718466758728,0.026895729824900627,0.875688910484314,1.0346319675445557,0.18150630593299866
dmc:reacher.hard.occ,hacsmv4_noaction,2,2,32,0.6192657351493835,0.9139238595962524,0.1772785633802414,0.7366452813148499,1.0,0.36088234186172485,0.026833180338144302,0.875688910484314,1.0346319675445557,0.18150630593299866
dmc:reacher.hard.occ,hacsmv4_noaux,0,0,2,0.542001485824585,0.844990074634552,0.08751843869686127,0.7574716210365295,1.0,0.37108805775642395,0.03009757027029991,0.8719156384468079,1.4144980907440186,0.6222878098487854
dmc:reacher.hard.occ,hacsmv4_noaux,0,1,8,0.5853468775749207,0.8929072618484497,0.12400653213262558,0.7689007520675659,1.0,0.37668466567993164,0.024169182404875755,0.8719156384468079,1.4144980907440186,0.6222878098487854
dmc:reacher.hard.occ,hacsmv4_noaux,0,2,32,0.5969350934028625,0.9021140933036804,0.1391667127609253,0.7629473805427551,1.0,0.37376806139945984,0.024043738842010498,0.8719156384468079,1.4144980907440186,0.6222878098487854
dmc:reacher.hard.occ,hacsmv4_noaux,1,0,2,0.5458003282546997,0.8466002345085144,0.0946006253361702,0.7519996166229248,1.0,0.36840566992759705,0.027541615068912506,0.8574007153511047,1.3939151763916016,0.6257452964782715
dmc:reacher.hard.occ,hacsmv4_noaux,1,1,8,0.5887159109115601,0.892972469329834,0.13233119249343872,0.7606412768363953,1.0,0.3726379871368408,0.022252511233091354,0.8574007153511047,1.3939151763916016,0.6257452964782715
dmc:reacher.hard.occ,hacsmv4_noaux,1,2,32,0.6010087728500366,0.9026746153831482,0.14851027727127075,0.7541643381118774,1.0,0.36946508288383484,0.021994832903146744,0.8574007153511047,1.3939151763916016,0.6257452964782715
dmc:reacher.hard.occ,hacsmv4_noaux,2,0,2,0.5461269617080688,0.8457767367362976,0.0966523215174675,0.7491244077682495,1.0,0.3669978976249695,0.02898344025015831,0.8786295056343079,1.4468536376953125,0.6467164158821106
dmc:reacher.hard.occ,hacsmv4_noaux,2,1,8,0.5892619490623474,0.8922061324119568,0.134845569729805,0.757360577583313,1.0,0.37103065848350525,0.02405266836285591,0.8786295056343079,1.4468536376953125,0.6467164158821106
dmc:reacher.hard.occ,hacsmv4_noaux,2,2,32,0.600965142250061,0.9011988043785095,0.1506146788597107,0.7505841255187988,1.0,0.36771082878112793,0.024101166054606438,0.8786295056343079,1.4468536376953125,0.6467164158821106
dmc:reacher.hard.occ,hacsmv4_single,0,0,2,0.5336935520172119,0.8317960500717163,0.08653971552848816,0.7452563047409058,1.0,0.36510464549064636,0.031900737434625626,0.8941507339477539,1.00118887424469,0.11970928311347961
dmc:reacher.hard.occ,hacsmv4_single,0,1,8,0.6012880802154541,0.9023871421813965,0.14963938295841217,0.7527477741241455,1.0,0.3687712550163269,0.024926818907260895,0.8941507339477539,1.00118887424469,0.11970928311347961
dmc:reacher.hard.occ,hacsmv4_single,0,2,32,0.6370302438735962,0.9271913170814514,0.20178891718387604,0.7254024147987366,1.0,0.35537415742874146,0.023444166406989098,0.8941507339477539,1.00118887424469,0.11970928311347961
dmc:reacher.hard.occ,hacsmv4_single,1,0,2,0.5336017608642578,0.8309686779975891,0.08755138516426086,0.7434172630310059,1.0,0.36420413851737976,0.031186185777187347,0.8829328417778015,1.0115231275558472,0.14563994109630585
dmc:reacher.hard.occ,hacsmv4_single,1,1,8,0.6023859977722168,0.9025130271911621,0.15219555795192719,0.7503174543380737,1.0,0.36758074164390564,0.02423926629126072,0.8829328417778015,1.0115231275558472,0.14563994109630585
dmc:reacher.hard.occ,hacsmv4_single,1,2,32,0.6377202868461609,0.9268571138381958,0.20401489734649658,0.7228422164916992,1.0,0.35412001609802246,0.02277699112892151,0.8829328417778015,1.0115231275558472,0.14563994109630585
dmc:reacher.hard.occ,hacsmv4_single,2,0,2,0.5337377190589905,0.8327558040618896,0.0852106586098671,0.7475451231002808,1.0,0.36622604727745056,0.03206919878721237,0.8975134491920471,0.9824533462524414,0.0946391373872757
dmc:reacher.hard.occ,hacsmv4_single,2,1,8,0.6006982922554016,0.9029582738876343,0.14730827510356903,0.755649983882904,1.0,0.3701929748058319,0.025064026936888695,0.8975134491920471,0.9824533462524414,0.0946391373872757
dmc:reacher.hard.occ,hacsmv4_single,2,2,32,0.6355662941932678,0.9272617101669312,0.19802311062812805,0.7292386293411255,1.0,0.35725343227386475,0.023574938997626305,0.8975134491920471,0.9824533462524414,0.0946391373872757
dmc:reacher.hard.occ,hacsmv4,0,0,2,0.5312469601631165,0.8321632742881775,0.07987258583307266,0.752290666103363,1.0,0.3685484528541565,0.032083623111248016,0.874364972114563,1.2115076780319214,0.3855857849121094
dmc:reacher.hard.occ,hacsmv4,0,1,8,0.5980506539344788,0.9043706655502319,0.13857075572013855,0.765799880027771,1.0,0.3751647174358368,0.02474883943796158,0.874364972114563,1.2115076780319214,0.3855857849121094
dmc:reacher.hard.occ,hacsmv4,0,2,32,0.6122365593910217,0.9147002696990967,0.15854115784168243,0.7561591267585754,1.0,0.37044191360473633,0.024537639692425728,0.874364972114563,1.2115076780319214,0.3855857849121094
dmc:reacher.hard.occ,hacsmv4,1,0,2,0.5318005681037903,0.8318158388137817,0.08177734911441803,0.7500385046005249,1.0,0.36744552850723267,0.031240107491612434,0.8606797456741333,1.189508080482483,0.3820565640926361
dmc:reacher.hard.occ,hacsmv4,1,1,8,0.5992223024368286,0.9042468070983887,0.14168567955493927,0.7625611424446106,1.0,0.3735780417919159,0.023938190191984177,0.8606797456741333,1.189508080482483,0.3820565640926361
dmc:reacher.hard.occ,hacsmv4,1,2,32,0.6132383942604065,0.9143949151039124,0.1615035980939865,0.7528913021087646,1.0,0.36884087324142456,0.023731904104351997,0.8606797456741333,1.189508080482483,0.3820565640926361
dmc:reacher.hard.occ,hacsmv4,2,0,2,0.5314047336578369,0.8321474194526672,0.08029071241617203,0.7518566846847534,1.0,0.3683364689350128,0.03230570629239082,0.8807066082954407,1.1214663982391357,0.273371160030365
dmc:reacher.hard.occ,hacsmv4,2,1,8,0.5995949506759644,0.9054961204528809,0.1407431662082672,0.764752984046936,1.0,0.3746517300605774,0.024919888004660606,0.8807066082954407,1.1214663982391357,0.273371160030365
dmc:reacher.hard.occ,hacsmv4,2,2,32,0.6117091774940491,0.9140904545783997,0.15813739597797394,0.7559530735015869,1.0,0.3703407347202301,0.024807725101709366,0.8807066082954407,1.1214663982391357,0.273371160030365
dmc:ball_in_cup.catch.occ,hacsmv4_static,0,0,2,0.8658975958824158,0.865897536277771,0.8658974766731262,5.960464477539063e-08,0.5,5.960464477539063e-08,3.5762786865234375e-07,0.9702358245849609,0.9702359437942505,1.2286629669233662e-07
dmc:ball_in_cup.catch.occ,hacsmv4_static,0,1,8,0.8723030686378479,0.8723030686378479,0.8723030686378479,0.0,0.5,5.960464477539063e-08,1.7285346984863281e-06,0.9702358245849609,0.9702359437942505,1.2286629669233662e-07
dmc:ball_in_cup.catch.occ,hacsmv4_static,0,2,32,0.8894606828689575,0.8894606232643127,0.889460563659668,5.960464477539063e-08,0.5,5.960464477539063e-08,8.940696716308594e-07,0.9702358245849609,0.9702359437942505,1.2286629669233662e-07
dmc:ball_in_cup.catch.occ,hacsmv4_static,1,0,2,0.8666042685508728,0.8666042685508728,0.8666041493415833,1.1920928955078125e-07,0.5,0.0,1.6093254089355469e-06,0.9993216395378113,0.9993215203285217,-1.192902061575296e-07
dmc:ball_in_cup.catch.occ,hacsmv4_static,1,1,8,0.8747763633728027,0.8747764825820923,0.8747766017913818,-1.1920928955078125e-07,0.5,1.1920928955078125e-07,6.556510925292969e-07,0.9993216395378113,0.9993215203285217,-1.192902061575296e-07
dmc:ball_in_cup.catch.occ,hacsmv4_static,1,2,32,0.8902927041053772,0.890292763710022,0.8902928233146667,-5.960464477539063e-08,0.5,0.0,1.4901161193847656e-06,0.9993216395378113,0.9993215203285217,-1.192902061575296e-07
dmc:ball_in_cup.catch.occ,hacsmv4_static,2,0,2,0.8655410408973694,0.8655411005020142,0.8655411601066589,-5.960464477539063e-08,0.5,1.7881393432617188e-07,1.0132789611816406e-06,0.9704797863960266,0.9704797863960266,0.0
dmc:ball_in_cup.catch.occ,hacsmv4_static,2,1,8,0.8734264969825745,0.8734265565872192,0.8734264969825745,5.960464477539063e-08,0.5,1.7881393432617188e-07,1.2516975402832031e-06,0.9704797863960266,0.9704797863960266,0.0
dmc:ball_in_cup.catch.occ,hacsmv4_static,2,2,32,0.8895710706710815,0.8895710110664368,0.8895711302757263,-1.1920928955078125e-07,0.5,1.7881393432617188e-07,5.960464477539062e-07,0.9704797863960266,0.9704797863960266,0.0
dmc:ball_in_cup.catch.occ,hacsmv4_noaction,0,0,2,0.7412756085395813,0.8738230466842651,0.5424543619155884,0.33136868476867676,1.0,0.1624206304550171,0.018263299018144608,1.0988129377365112,1.2107120752334595,0.10183638334274292
dmc:ball_in_cup.catch.occ,hacsmv4_noaction,0,1,8,0.7697077989578247,0.8948314785957336,0.5820224285125732,0.3128090500831604,1.0,0.1532694697380066,0.017298517748713493,1.0988129377365112,1.2107120752334595,0.10183638334274292
dmc:ball_in_cup.catch.occ,hacsmv4_noaction,0,2,32,0.7856189012527466,0.903332531452179,0.6090483665466309,0.2942841649055481,1.0,0.14417687058448792,0.018135173246264458,1.0988129377365112,1.2107120752334595,0.10183638334274292
dmc:ball_in_cup.catch.occ,hacsmv4_noaction,1,0,2,0.7299665212631226,0.8728265762329102,0.5156762003898621,0.3571503758430481,1.0,0.17505978047847748,0.01897636614739895,1.1518332958221436,1.355634331703186,0.17693622410297394
dmc:ball_in_cup.catch.occ,hacsmv4_noaction,1,1,8,0.7595594525337219,0.8950009942054749,0.556397020816803,0.3386039733886719,1.0,0.1659098118543625,0.017967941239476204,1.1518332958221436,1.355634331703186,0.17693622410297394
dmc:ball_in_cup.catch.occ,hacsmv4_noaction,1,2,32,0.7762693762779236,0.9040359258651733,0.584619402885437,0.31941652297973633,1.0,0.15649066865444183,0.019122086465358734,1.1518332958221436,1.355634331703186,0.17693622410297394
dmc:ball_in_cup.catch.occ,hacsmv4_noaction,2,0,2,0.7412295937538147,0.8738772869110107,0.5422579050064087,0.33161938190460205,1.0,0.16254696249961853,0.018489377573132515,1.112835168838501,1.3292573690414429,0.19447821378707886
dmc:ball_in_cup.catch.occ,hacsmv4_noaction,2,1,8,0.7699145078659058,0.8952172994613647,0.5819603204727173,0.31325697898864746,1.0,0.15349265933036804,0.017479117959737778,1.112835168838501,1.3292573690414429,0.19447821378707886
dmc:ball_in_cup.catch.occ,hacsmv4_noaction,2,2,32,0.7858043909072876,0.9038978219032288,0.6086642146110535,0.2952336072921753,1.0,0.14464417099952698,0.018552938476204872,1.112835168838501,1.3292573690414429,0.19447821378707886
dmc:ball_in_cup.catch.occ,hacsmv4_noaux,0,0,2,0.5769681930541992,0.824589192867279,0.20553666353225708,0.619052529335022,1.0,0.30331656336784363,0.02222277596592903,1.0381057262420654,1.787144422531128,0.7215437293052673
dmc:ball_in_cup.catch.occ,hacsmv4_noaux,0,1,8,0.6030372977256775,0.8437173366546631,0.2420172244310379,0.6017001271247864,1.0,0.2947816252708435,0.02149539813399315,1.0381057262420654,1.787144422531128,0.7215437293052673
dmc:ball_in_cup.catch.occ,hacsmv4_noaux,0,2,32,0.6156532168388367,0.8500152826309204,0.2641100585460663,0.5859051942825317,1.0,0.2870495319366455,0.02355414815247059,1.0381057262420654,1.787144422531128,0.7215437293052673
dmc:ball_in_cup.catch.occ,hacsmv4_noaux,1,0,2,0.5820784568786621,0.8269415497779846,0.21478380262851715,0.6121577620506287,1.0,0.2999236285686493,0.02201274409890175,1.0470308065414429,2.036849021911621,0.9453573226928711
dmc:ball_in_cup.catch.occ,hacsmv4_noaux,1,1,8,0.6090443730354309,0.8467341065406799,0.25250986218452454,0.594224214553833,1.0,0.2911219596862793,0.02064167708158493,1.0470308065414429,2.036849021911621,0.9453573226928711
dmc:ball_in_cup.catch.occ,hacsmv4_noaux,1,2,32,0.6215482950210571,0.8528501391410828,0.2745955288410187,0.5782545804977417,1.0,0.2833089530467987,0.022274648770689964,1.0470308065414429,2.036849021911621,0.9453573226928711
dmc:ball_in_cup.catch.occ,hacsmv4_noaux,2,0,2,0.5911029577255249,0.8271558284759521,0.23702366650104523,0.5901321768760681,1.0,0.2891311049461365,0.021307237446308136,1.0638128519058228,1.8194533586502075,0.7103133797645569
dmc:ball_in_cup.catch.occ,hacsmv4_noaux,2,1,8,0.6164056062698364,0.8448036313056946,0.27380865812301636,0.5709949731826782,1.0,0.27974584698677063,0.02019965648651123,1.0638128519058228,1.8194533586502075,0.7103133797645569
dmc:ball_in_cup.catch.occ,hacsmv4_noaux,2,2,32,0.6288352012634277,0.8506485223770142,0.2961151599884033,0.5545333623886108,1.0,0.2716944217681885,0.022067001089453697,1.0638128519058228,1.8194533586502075,0.7103133797645569
dmc:ball_in_cup.catch.occ,hacsmv4_single,0,0,2,0.760094940662384,0.8862671852111816,0.5708365440368652,0.3154306411743164,1.0,0.15460602939128876,0.014881789684295654,0.9848746061325073,1.1711426973342896,0.18912874162197113
dmc:ball_in_cup.catch.occ,hacsmv4_single,0,1,8,0.7456002831459045,0.8784013390541077,0.5463985800743103,0.33200275897979736,1.0,0.1626812368631363,0.016764739528298378,0.9848746061325073,1.1711426973342896,0.18912874162197113
dmc:ball_in_cup.catch.occ,hacsmv4_single,0,2,32,0.813293993473053,0.9176172018051147,0.6568092107772827,0.26080799102783203,1.0,0.12777887284755707,0.015165797434747219,0.9848746061325073,1.1711426973342896,0.18912874162197113
dmc:ball_in_cup.catch.occ,hacsmv4_single,1,0,2,0.7726199626922607,0.886965811252594,0.6011012196540833,0.28586459159851074,1.0,0.14011217653751373,0.013391945511102676,0.9890490770339966,1.0865483283996582,0.09857878088951111
dmc:ball_in_cup.catch.occ,hacsmv4_single,1,1,8,0.7612023949623108,0.8806336522102356,0.5820554494857788,0.2985782027244568,1.0,0.14629808068275452,0.01536423061043024,0.9890490770339966,1.0865483283996582,0.09857878088951111
dmc:ball_in_cup.catch.occ,hacsmv4_single,1,2,32,0.8224694132804871,0.9165495038032532,0.6813492774963379,0.23520022630691528,1.0,0.1152307465672493,0.013983963057398796,0.9890490770339966,1.0865483283996582,0.09857878088951111
dmc:ball_in_cup.catch.occ,hacsmv4_single,2,0,2,0.7704024910926819,0.8867701888084412,0.595850944519043,0.2909192442893982,1.0,0.14259563386440277,0.014239165000617504,0.9802651405334473,1.0628832578659058,0.08428139984607697
dmc:ball_in_cup.catch.occ,hacsmv4_single,2,1,8,0.7588353157043457,0.8805743455886841,0.5762266516685486,0.3043476939201355,1.0,0.14913217723369598,0.016052912920713425,0.9802651405334473,1.0628832578659058,0.08428139984607697
dmc:ball_in_cup.catch.occ,hacsmv4_single,2,2,32,0.8208975195884705,0.9168623685836792,0.6769502758979797,0.23991209268569946,1.0,0.11754243075847626,0.014504869468510151,0.9802651405334473,1.0628832578659058,0.08428139984607697
dmc:ball_in_cup.catch.occ,hacsmv4,0,0,2,0.6474971771240234,0.8684706687927246,0.31603679060935974,0.5524338483810425,1.0,0.2707488536834717,0.021368445828557014,1.0096567869186401,1.3094871044158936,0.2969626188278198
dmc:ball_in_cup.catch.occ,hacsmv4,0,1,8,0.6796921491622925,0.8924698233604431,0.3605257272720337,0.5319440960884094,1.0,0.26062896847724915,0.021327588707208633,1.0096567869186401,1.3094871044158936,0.2969626188278198
dmc:ball_in_cup.catch.occ,hacsmv4,0,2,32,0.7077524662017822,0.9070397615432739,0.40882134437561035,0.4982184171676636,1.0,0.244084432721138,0.02374882623553276,1.0096567869186401,1.3094871044158936,0.2969626188278198
dmc:ball_in_cup.catch.occ,hacsmv4,1,0,2,0.6674328446388245,0.8696907758712769,0.3640459477901459,0.5056447982788086,1.0,0.2478388100862503,0.021586673334240913,1.0399348735809326,1.4138381481170654,0.35954490303993225
dmc:ball_in_cup.catch.occ,hacsmv4,1,1,8,0.6998534202575684,0.8927400708198547,0.41052326560020447,0.48221680521965027,1.0,0.2362707257270813,0.021612513810396194,1.0399348735809326,1.4138381481170654,0.35954490303993225
dmc:ball_in_cup.catch.occ,hacsmv4,1,2,32,0.7283689379692078,0.9069480895996094,0.4605002701282501,0.44644781947135925,1.0,0.21872302889823914,0.023833518847823143,1.0399348735809326,1.4138381481170654,0.35954490303993225
dmc:ball_in_cup.catch.occ,hacsmv4,2,0,2,0.6549134254455566,0.868387758731842,0.33470186591148376,0.5336859226226807,1.0,0.2615751326084137,0.022306667640805244,1.0374609231948853,1.4369138479232788,0.3850293755531311
dmc:ball_in_cup.catch.occ,hacsmv4,2,1,8,0.6877819895744324,0.8925551772117615,0.38062232732772827,0.5119328498840332,1.0,0.25083127617836,0.021828817203640938,1.0374609231948853,1.4369138479232788,0.3850293755531311
dmc:ball_in_cup.catch.occ,hacsmv4,2,2,32,0.7151762247085571,0.9065153002738953,0.4281677305698395,0.4783475697040558,1.0,0.2343519926071167,0.024284761399030685,1.0374609231948853,1.4369138479232788,0.3850293755531311
dmc:finger.spin.occ,hacsmv4_static,0,0,2,0.8523579835891724,0.8523579239845276,0.8523579239845276,0.0,0.5,1.7881393432617188e-07,5.960464477539062e-07,1.3652671575546265,1.3652671575546265,0.0
dmc:finger.spin.occ,hacsmv4_static,0,1,8,0.8932939767837524,0.8932939767837524,0.8932941555976868,-1.7881393432617188e-07,0.5,1.7881393432617188e-07,8.344650268554688e-07,1.3652671575546265,1.3652671575546265,0.0
dmc:finger.spin.occ,hacsmv4_static,0,2,32,0.9040433168411255,0.9040433168411255,0.9040432572364807,5.960464477539063e-08,0.5,0.0,7.748603820800781e-07,1.3652671575546265,1.3652671575546265,0.0
dmc:finger.spin.occ,hacsmv4_static,1,0,2,0.8517884016036987,0.8517884612083435,0.8517884612083435,0.0,0.5,5.960464477539063e-08,1.1920928955078125e-06,1.4495198726654053,1.4495198726654053,0.0
dmc:finger.spin.occ,hacsmv4_static,1,1,8,0.8935847282409668,0.8935849070549011,0.8935849070549011,0.0,0.5,5.960464477539063e-08,2.384185791015625e-07,1.4495198726654053,1.4495198726654053,0.0
dmc:finger.spin.occ,hacsmv4_static,1,2,32,0.9038993120193481,0.9038991928100586,0.9038992524147034,-5.960464477539063e-08,0.5,5.960464477539063e-08,5.960464477539062e-07,1.4495198726654053,1.4495198726654053,0.0
dmc:finger.spin.occ,hacsmv4_static,2,0,2,0.8507779836654663,0.8507779836654663,0.8507778644561768,1.1920928955078125e-07,0.5,1.7881393432617188e-07,8.940696716308594e-07,1.4551552534103394,1.4551552534103394,0.0
dmc:finger.spin.occ,hacsmv4_static,2,1,8,0.8942874073982239,0.8942874073982239,0.8942872881889343,1.1920928955078125e-07,0.5,5.960464477539063e-08,1.7881393432617188e-07,1.4551552534103394,1.4551552534103394,0.0
dmc:finger.spin.occ,hacsmv4_static,2,2,32,0.9047918915748596,0.9047918319702148,0.9047919511795044,-1.1920928955078125e-07,0.5,1.7881393432617188e-07,3.5762786865234375e-07,1.4551552534103394,1.4551552534103394,0.0
dmc:finger.spin.occ,hacsmv4_noaction,0,0,2,0.5686859488487244,0.8422223925590515,0.15838128328323364,0.6838411092758179,1.0,0.33501502871513367,0.028287719935178757,1.4429457187652588,2.3788769245147705,0.648625373840332
dmc:finger.spin.occ,hacsmv4_noaction,0,1,8,0.6223141551017761,0.8906741738319397,0.2197740375995636,0.6709001064300537,1.0,0.3286741375923157,0.024709828197956085,1.4429457187652588,2.3788769245147705,0.648625373840332
dmc:finger.spin.occ,hacsmv4_noaction,0,2,32,0.639761745929718,0.9015254378318787,0.2471163272857666,0.6544091105461121,1.0,0.32059502601623535,0.024509122595191002,1.4429457187652588,2.3788769245147705,0.648625373840332
dmc:finger.spin.occ,hacsmv4_noaction,1,0,2,0.5660302639007568,0.8411930203437805,0.15328606963157654,0.6879069805145264,1.0,0.33700716495513916,0.028345884755253792,1.4418944120407104,2.190160036087036,0.5189461708068848
dmc:finger.spin.occ,hacsmv4_noaction,1,1,8,0.6198868155479431,0.8904446959495544,0.21404992043972015,0.6763947606086731,1.0,0.3313661813735962,0.024590224027633667,1.4418944120407104,2.190160036087036,0.5189461708068848
dmc:finger.spin.occ,hacsmv4_noaction,1,2,32,0.6361991167068481,0.9006786346435547,0.2394798994064331,0.6611987352371216,1.0,0.3239213526248932,0.024455193430185318,1.4418944120407104,2.190160036087036,0.5189461708068848
dmc:finger.spin.occ,hacsmv4_noaction,2,0,2,0.5617430806159973,0.8413509130477905,0.14233143627643585,0.6990194916725159,1.0,0.3424510657787323,0.028787139803171158,1.470683217048645,2.4540364742279053,0.6686370372772217
dmc:finger.spin.occ,hacsmv4_noaction,2,1,8,0.6146793961524963,0.8908309936523438,0.20045210421085358,0.6903789043426514,1.0,0.3382168710231781,0.02488165721297264,1.470683217048645,2.4540364742279053,0.6686370372772217
dmc:finger.spin.occ,hacsmv4_noaction,2,2,32,0.6315401196479797,0.9017218947410583,0.22626733779907227,0.6754545569419861,1.0,0.33090537786483765,0.024716345593333244,1.470683217048645,2.4540364742279053,0.6686370372772217
dmc:finger.spin.occ,hacsmv4_noaux,0,0,2,0.5886005163192749,0.8467368483543396,0.20139603316783905,0.6453408002853394,1.0,0.3161579370498657,0.02549075148999691,1.2755032777786255,2.137523651123047,0.6758276224136353
dmc:finger.spin.occ,hacsmv4_noaux,0,1,8,0.6290247440338135,0.8815377354621887,0.25025519728660583,0.6312825679779053,1.0,0.3092685341835022,0.0232269037514925,1.2755032777786255,2.137523651123047,0.6758276224136353
dmc:finger.spin.occ,hacsmv4_noaux,0,2,32,0.6481415033340454,0.8926956653594971,0.2813103199005127,0.6113853454589844,1.0,0.29951930046081543,0.023645030334591866,1.2755032777786255,2.137523651123047,0.6758276224136353
dmc:finger.spin.occ,hacsmv4_noaux,1,0,2,0.5871985554695129,0.8472641110420227,0.1971002072095871,0.6501638889312744,1.0,0.3185214400291443,0.02554151974618435,1.2754182815551758,2.0720553398132324,0.6246084570884705
dmc:finger.spin.occ,hacsmv4_noaux,1,1,8,0.6261477470397949,0.8811888694763184,0.24358604848384857,0.6376028060913086,1.0,0.3123650550842285,0.023317910730838776,1.2754182815551758,2.0720553398132324,0.6246084570884705
dmc:finger.spin.occ,hacsmv4_noaux,1,2,32,0.6449014544487,0.892245888710022,0.2738848924636841,0.6183609962463379,1.0,0.30293673276901245,0.023627283051609993,1.2754182815551758,2.0720553398132324,0.6246084570884705
dmc:finger.spin.occ,hacsmv4_noaux,2,0,2,0.5834557414054871,0.8458746671676636,0.1898273527622223,0.6560473442077637,1.0,0.3214055895805359,0.02635538950562477,1.3118599653244019,2.342862129211426,0.7859086990356445
dmc:finger.spin.occ,hacsmv4_noaux,2,1,8,0.6236712336540222,0.8812651038169861,0.23728030920028687,0.6439847946166992,1.0,0.3154924809932709,0.024116020649671555,1.3118599653244019,2.342862129211426,0.7859086990356445
dmc:finger.spin.occ,hacsmv4_noaux,2,2,32,0.6427545547485352,0.892646312713623,0.2679169476032257,0.6247293949127197,1.0,0.30605706572532654,0.024231081828475,1.3118599653244019,2.342862129211426,0.7859086990356445
dmc:finger.spin.occ,hacsmv4_single,0,0,2,0.5639212131500244,0.8210709691047668,0.17819669842720032,0.6428742408752441,1.0,0.3149510622024536,0.02852528542280197,1.2843348979949951,1.6910663843154907,0.3166864812374115
dmc:finger.spin.occ,hacsmv4_single,0,1,8,0.6427501440048218,0.889424741268158,0.27273836731910706,0.6166863441467285,1.0,0.3021158277988434,0.023457132279872894,1.2843348979949951,1.6910663843154907,0.3166864812374115
dmc:finger.spin.occ,hacsmv4_single,0,2,32,0.7010799646377563,0.9230888485908508,0.3680665194988251,0.5550223588943481,1.0,0.2719051241874695,0.021021943539381027,1.2843348979949951,1.6910663843154907,0.3166864812374115
dmc:finger.spin.occ,hacsmv4_single,1,0,2,0.5527641773223877,0.8213460445404053,0.14989125728607178,0.6714547872543335,1.0,0.32895198464393616,0.028206272050738335,1.319430947303772,1.629428744316101,0.23494809865951538
dmc:finger.spin.occ,hacsmv4_single,1,1,8,0.6259782910346985,0.8886265754699707,0.23200584948062897,0.6566207408905029,1.0,0.32167956233024597,0.023273181170225143,1.319430947303772,1.629428744316101,0.23494809865951538
dmc:finger.spin.occ,hacsmv4_single,1,2,32,0.6826503276824951,0.9230929613113403,0.32198622822761536,0.6011067628860474,1.0,0.2944817543029785,0.021164435893297195,1.319430947303772,1.629428744316101,0.23494809865951538
dmc:finger.spin.occ,hacsmv4_single,2,0,2,0.5577710270881653,0.8208027482032776,0.16322346031665802,0.6575793027877808,1.0,0.32215434312820435,0.028730176389217377,1.339223027229309,1.661448359489441,0.2406061738729477
dmc:finger.spin.occ,hacsmv4_single,2,1,8,0.63398277759552,0.888839602470398,0.2516975998878479,0.63714200258255,1.0,0.3121371865272522,0.023831289261579514,1.339223027229309,1.661448359489441,0.2406061738729477
dmc:finger.spin.occ,hacsmv4_single,2,2,32,0.6912996768951416,0.9228433966636658,0.3439840078353882,0.5788593888282776,1.0,0.2835829555988312,0.021592464298009872,1.339223027229309,1.661448359489441,0.2406061738729477
dmc:finger.spin.occ,hacsmv4,0,0,2,0.5585469603538513,0.8361107707023621,0.14220140874385834,0.6939093470573425,1.0,0.3399553596973419,0.02810071036219597,1.2662477493286133,2.2612366676330566,0.7857774496078491
dmc:finger.spin.occ,hacsmv4,0,1,8,0.613189697265625,0.8883510828018188,0.20044764876365662,0.6879034042358398,1.0,0.33700641989707947,0.023900331929326057,1.2662477493286133,2.2612366676330566,0.7857774496078491
dmc:finger.spin.occ,hacsmv4,0,2,32,0.6341522336006165,0.9021811485290527,0.23210902512073517,0.6700721383094788,1.0,0.328268826007843,0.023468460887670517,1.2662477493286133,2.2612366676330566,0.7857774496078491
dmc:finger.spin.occ,hacsmv4,1,0,2,0.5510902404785156,0.8348323702812195,0.12547707557678223,0.7093552947044373,1.0,0.3475228250026703,0.028312474489212036,1.2721214294433594,2.055734395980835,0.6159891486167908
dmc:finger.spin.occ,hacsmv4,1,1,8,0.6046662330627441,0.8880628943443298,0.17957143485546112,0.7084914445877075,1.0,0.3470926284790039,0.023923860862851143,1.2721214294433594,2.055734395980835,0.6159891486167908
dmc:finger.spin.occ,hacsmv4,1,2,32,0.6243793964385986,0.9015792012214661,0.2085796445608139,0.692999541759491,1.0,0.33950120210647583,0.02353585697710514,1.2721214294433594,2.055734395980835,0.6159891486167908
dmc:finger.spin.occ,hacsmv4,2,0,2,0.5493009686470032,0.8348267674446106,0.12101254612207413,0.7138141989707947,1.0,0.3497057557106018,0.028316481038928032,1.3072892427444458,2.2896337509155273,0.7514362335205078
dmc:finger.spin.occ,hacsmv4,2,1,8,0.6032476425170898,0.8888593912124634,0.17483000457286835,0.7140293717384338,1.0,0.3498053252696991,0.023903032764792442,1.3072892427444458,2.2896337509155273,0.7514362335205078
dmc:finger.spin.occ,hacsmv4,2,2,32,0.6232194304466248,0.9027491807937622,0.20392483472824097,0.6988243460655212,1.0,0.34235459566116333,0.023493347689509392,1.3072892427444458,2.2896337509155273,0.7514362335205078
dmc:cheetah.run.occ,hacsmv4_static,0,0,2,0.8614639639854431,0.8614639639854431,0.8614638447761536,1.1920928955078125e-07,0.5,1.7881393432617188e-07,1.0132789611816406e-06,0.616036057472229,0.616036057472229,0.0
dmc:cheetah.run.occ,hacsmv4_static,0,1,8,0.8576168417930603,0.8576168417930603,0.8576167225837708,1.1920928955078125e-07,0.5,0.0,1.5497207641601562e-06,0.616036057472229,0.616036057472229,0.0
dmc:cheetah.run.occ,hacsmv4_static,0,2,32,0.890138566493988,0.8901385068893433,0.890138566493988,-5.960464477539063e-08,0.5,1.7881393432617188e-07,1.1324882507324219e-06,0.616036057472229,0.616036057472229,0.0
dmc:cheetah.run.occ,hacsmv4_static,1,0,2,0.8609086275100708,0.860908567905426,0.8609086275100708,-5.960464477539063e-08,0.5,5.960464477539063e-08,5.960464477539063e-08,0.6291446089744568,0.6291446089744568,0.0
dmc:cheetah.run.occ,hacsmv4_static,1,1,8,0.8590292930603027,0.8590294122695923,0.8590295314788818,-1.1920928955078125e-07,0.5,1.1920928955078125e-07,8.940696716308594e-07,0.6291446089744568,0.6291446089744568,0.0
dmc:cheetah.run.occ,hacsmv4_static,1,2,32,0.8902596831321716,0.8902596831321716,0.8902596831321716,0.0,0.5,5.960464477539063e-08,5.960464477539062e-07,0.6291446089744568,0.6291446089744568,0.0
dmc:cheetah.run.occ,hacsmv4_static,2,0,2,0.8606919646263123,0.860692024230957,0.860692024230957,0.0,0.5,0.0,1.1920928955078125e-06,0.5698558688163757,0.5698558688163757,0.0
dmc:cheetah.run.occ,hacsmv4_static,2,1,8,0.8592838644981384,0.8592838644981384,0.8592837452888489,1.1920928955078125e-07,0.5,5.960464477539063e-08,2.384185791015625e-07,0.5698558688163757,0.5698558688163757,0.0
dmc:cheetah.run.occ,hacsmv4_static,2,2,32,0.8904083967208862,0.8904085159301758,0.890408456325531,5.960464477539063e-08,0.5,5.960464477539063e-08,1.3113021850585938e-06,0.5698558688163757,0.5698558688163757,0.0
dmc:cheetah.run.occ,hacsmv4_noaction,0,0,2,0.6163343191146851,0.8620744943618774,0.2477240264415741,0.614350438117981,1.0,0.30104225873947144,0.026357708498835564,0.7786421775817871,0.92685467004776,0.19034737348556519
dmc:cheetah.run.occ,hacsmv4_noaction,0,1,8,0.6385058760643005,0.8836747407913208,0.27075254917144775,0.612922191619873,1.0,0.30031949281692505,0.020988518372178078,0.7786421775817871,0.92685467004776,0.19034737348556519
dmc:cheetah.run.occ,hacsmv4_noaction,0,2,32,0.6561084389686584,0.8956571817398071,0.29678526520729065,0.5988719463348389,1.0,0.2934242784976959,0.019804900512099266,0.7786421775817871,0.92685467004776,0.19034737348556519
dmc:cheetah.run.occ,hacsmv4_noaction,1,0,2,0.6221877932548523,0.862167239189148,0.2622184157371521,0.5999488234519958,1.0,0.29399165511131287,0.025602273643016815,0.7958307266235352,0.984714150428772,0.23734121024608612
dmc:cheetah.run.occ,hacsmv4_noaction,1,1,8,0.6448460817337036,0.8837572336196899,0.28647932410240173,0.5972778797149658,1.0,0.29265934228897095,0.020043347030878067,0.7958307266235352,0.984714150428772,0.23734121024608612
dmc:cheetah.run.occ,hacsmv4_noaction,1,2,32,0.6628457307815552,0.8954571485519409,0.31392842531204224,0.5815287232398987,1.0,0.2849316895008087,0.018952716141939163,0.7958307266235352,0.984714150428772,0.23734121024608612
dmc:cheetah.run.occ,hacsmv4_noaction,2,0,2,0.6192492246627808,0.8627076148986816,0.25406163930892944,0.6086459755897522,1.0,0.29825031757354736,0.026647338643670082,0.8066038489341736,0.9298971891403198,0.15285488963127136
dmc:cheetah.run.occ,hacsmv4_noaction,2,1,8,0.6404524445533752,0.883455216884613,0.2759482264518738,0.6075069904327393,1.0,0.2976706027984619,0.0211730245500803,0.8066038489341736,0.9298971891403198,0.15285488963127136
dmc:cheetah.run.occ,hacsmv4_noaction,2,2,32,0.6578008532524109,0.8950991034507751,0.30185335874557495,0.5932457447052002,1.0,0.2906724214553833,0.02001628279685974,0.8066038489341736,0.9298971891403198,0.15285488963127136
dmc:cheetah.run.occ,hacsmv4_noaux,0,0,2,0.5457916855812073,0.8225783705711365,0.1306116282939911,0.6919667720794678,1.0,0.33912429213523865,0.02683616802096367,0.5849073529243469,1.0403105020523071,0.778590202331543
dmc:cheetah.run.occ,hacsmv4_noaux,0,1,8,0.5742639899253845,0.8530911803245544,0.15602315962314606,0.6970680356025696,1.0,0.3416440784931183,0.01891275867819786,0.5849073529243469,1.0403105020523071,0.778590202331543
dmc:cheetah.run.occ,hacsmv4_noaux,0,2,32,0.5916630029678345,0.8662469983100891,0.1797870248556137,0.6864599585533142,1.0,0.3364197015762329,0.017455678433179855,0.5849073529243469,1.0403105020523071,0.778590202331543
dmc:cheetah.run.occ,hacsmv4_noaux,1,0,2,0.5386130809783936,0.8188366889953613,0.11827769875526428,0.7005590200424194,1.0,0.3433576822280884,0.028963172808289528,0.573665976524353,0.9564213156700134,0.6672093868255615
dmc:cheetah.run.occ,hacsmv4_noaux,1,1,8,0.5687485933303833,0.8511751294136047,0.14510877430438995,0.706066370010376,1.0,0.3460870683193207,0.021523868665099144,0.573665976524353,0.9564213156700134,0.6672093868255615
dmc:cheetah.run.occ,hacsmv4_noaux,1,2,32,0.5870160460472107,0.8656144142150879,0.16911855340003967,0.6964958906173706,1.0,0.3413633108139038,0.01950189657509327,0.573665976524353,0.9564213156700134,0.6672093868255615
dmc:cheetah.run.occ,hacsmv4_noaux,2,0,2,0.5553795099258423,0.8254864811897278,0.15021900832653046,0.6752674579620361,1.0,0.33096957206726074,0.02859044447541237,0.603327214717865,1.144978404045105,0.8977735042572021
dmc:cheetah.run.occ,hacsmv4_noaux,2,1,8,0.5871235728263855,0.8583636283874512,0.18026332557201385,0.6781002879142761,1.0,0.3323747217655182,0.01850978285074234,0.603327214717865,1.144978404045105,0.8977735042572021
dmc:cheetah.run.occ,hacsmv4_noaux,2,2,32,0.6048566699028015,0.8706241846084595,0.20620547235012054,0.6644186973571777,1.0,0.3256400525569916,0.016738561913371086,0.603327214717865,1.144978404045105,0.8977735042572021
dmc:cheetah.run.occ,hacsmv4_single,0,0,2,0.6751885414123535,0.8854137063026428,0.35985058546066284,0.52556312084198,1.0,0.25751540064811707,0.02175982855260372,0.6196985840797424,0.7809000015258789,0.2601287364959717
dmc:cheetah.run.occ,hacsmv4_single,0,1,8,0.6239518523216248,0.8519070744514465,0.28201884031295776,0.5698882341384888,1.0,0.279244065284729,0.022260166704654694,0.6196985840797424,0.7809000015258789,0.2601287364959717
dmc:cheetah.run.occ,hacsmv4_single,0,2,32,0.7232142686843872,0.9148495197296143,0.4357612431049347,0.47908827662467957,1.0,0.2347264289855957,0.017508503049612045,0.6196985840797424,0.7809000015258789,0.2601287364959717
dmc:cheetah.run.occ,hacsmv4_single,1,0,2,0.6806257963180542,0.8861095905303955,0.37240010499954224,0.5137094855308533,1.0,0.2517070174217224,0.020341873168945312,0.5932816863059998,0.7339396476745605,0.23708461225032806
dmc:cheetah.run.occ,hacsmv4_single,1,1,8,0.6277514696121216,0.8515268564224243,0.29208824038505554,0.5594385862350464,1.0,0.2741222679615021,0.021085670217871666,0.5932816863059998,0.7339396476745605,0.23708461225032806
dmc:cheetah.run.occ,hacsmv4_single,1,2,32,0.7285202145576477,0.9147274494171143,0.44920945167541504,0.4655179977416992,1.0,0.2280777096748352,0.01715436764061451,0.5932816863059998,0.7339396476745605,0.23708461225032806
dmc:cheetah.run.occ,hacsmv4_single,2,0,2,0.6819809079170227,0.8863567113876343,0.37541717290878296,0.5109395384788513,1.0,0.2503528892993927,0.020878784358501434,0.6148580312728882,0.7220316529273987,0.17430628836154938
dmc:cheetah.run.occ,hacsmv4_single,2,1,8,0.6301302313804626,0.8528906106948853,0.2959895431995392,0.5569010972976685,1.0,0.27288323640823364,0.021375158801674843,0.6148580312728882,0.7220316529273987,0.17430628836154938
dmc:cheetah.run.occ,hacsmv4_single,2,2,32,0.7287351489067078,0.914508581161499,0.4500750005245209,0.46443358063697815,1.0,0.2275482416152954,0.01694430224597454,0.6148580312728882,0.7220316529273987,0.17430628836154938
dmc:cheetah.run.occ,hacsmv4,0,0,2,0.5707054138183594,0.8556494116783142,0.1432892084121704,0.7123602032661438,1.0,0.34909242391586304,0.02413710206747055,0.6149805784225464,0.8170275092124939,0.32854196429252625
dmc:cheetah.run.occ,hacsmv4,0,1,8,0.5819715857505798,0.8693177700042725,0.15095217525959015,0.7183656096458435,1.0,0.35200679302215576,0.021680958569049835,0.6149805784225464,0.8170275092124939,0.32854196429252625
dmc:cheetah.run.occ,hacsmv4,0,2,32,0.6112473011016846,0.8930433392524719,0.18855319917201996,0.7044901251792908,1.0,0.34517520666122437,0.02007863111793995,0.6149805784225464,0.8170275092124939,0.32854196429252625
dmc:cheetah.run.occ,hacsmv4,1,0,2,0.570790708065033,0.8567129373550415,0.14190742373466492,0.7148054838180542,1.0,0.35029709339141846,0.023222753778100014,0.5906484127044678,0.8489404320716858,0.43730250000953674
dmc:cheetah.run.occ,hacsmv4,1,1,8,0.5821038484573364,0.8702273964881897,0.1499183475971222,0.7203090190887451,1.0,0.35296398401260376,0.02110346406698227,0.5906484127044678,0.8489404320716858,0.43730250000953674
dmc:cheetah.run.occ,hacsmv4,1,2,32,0.6121120452880859,0.8943691849708557,0.18872614204883575,0.7056430578231812,1.0,0.3457428514957428,0.01978432387113571,0.5906484127044678,0.8489404320716858,0.43730250000953674
dmc:cheetah.run.occ,hacsmv4,2,0,2,0.5711186528205872,0.8556358218193054,0.14434278011322021,0.7112930417060852,1.0,0.34857994318008423,0.024636169895529747,0.6137811541557312,0.7577787637710571,0.23460741341114044
dmc:cheetah.run.occ,hacsmv4,2,1,8,0.5838546752929688,0.8706345558166504,0.15368489921092987,0.7169496417045593,1.0,0.35131803154945374,0.02181263081729412,0.6137811541557312,0.7577787637710571,0.23460741341114044
dmc:cheetah.run.occ,hacsmv4,2,2,32,0.6126881241798401,0.8935674428939819,0.19136933982372284,0.7021980881690979,1.0,0.34405577182769775,0.020138494670391083,0.6137811541557312,0.7577787637710571,0.23460741341114044
ogbench:cube-single.occ,hacsmv4_static,0,0,2,0.8470238447189331,0.8470239043235779,0.8470239043235779,0.0,0.5,5.960464477539063e-08,6.556510925292969e-07,1.6747791767120361,1.6747790575027466,-7.117910882925571e-08
ogbench:cube-single.occ,hacsmv4_static,0,1,8,0.8983297944068909,0.8983297944068909,0.8983297944068909,0.0,0.5,5.960464477539063e-08,7.748603820800781e-07,1.6747791767120361,1.6747790575027466,-7.117910882925571e-08
ogbench:cube-single.occ,hacsmv4_static,0,2,32,0.9071358442306519,0.9071359634399414,0.9071359038352966,5.960464477539063e-08,0.5,5.960464477539063e-08,5.960464477539062e-07,1.6747791767120361,1.6747790575027466,-7.117910882925571e-08
ogbench:cube-single.occ,hacsmv4_static,1,0,2,0.8473347425460815,0.8473346829414368,0.8473348021507263,-1.1920928955078125e-07,0.5,1.1920928955078125e-07,7.748603820800781e-07,1.711961269378662,1.711961269378662,0.0
ogbench:cube-single.occ,hacsmv4_static,1,1,8,0.8975173234939575,0.8975172638893127,0.897517204284668,5.960464477539063e-08,0.5,1.1920928955078125e-07,9.5367431640625e-07,1.711961269378662,1.711961269378662,0.0
ogbench:cube-single.occ,hacsmv4_static,1,2,32,0.9064081907272339,0.9064082503318787,0.9064083099365234,-5.960464477539063e-08,0.5,0.0,1.1920928955078125e-07,1.711961269378662,1.711961269378662,0.0
ogbench:cube-single.occ,hacsmv4_static,2,0,2,0.8475180268287659,0.8475179672241211,0.8475180268287659,-5.960464477539063e-08,0.5,5.960464477539063e-08,7.152557373046875e-07,1.6873127222061157,1.6873127222061157,0.0
ogbench:cube-single.occ,hacsmv4_static,2,1,8,0.8973569869995117,0.8973570466041565,0.8973569869995117,5.960464477539063e-08,0.5,5.960464477539063e-08,1.1324882507324219e-06,1.6873127222061157,1.6873127222061157,0.0
ogbench:cube-single.occ,hacsmv4_static,2,2,32,0.9064231514930725,0.9064232707023621,0.9064233303070068,-5.960464477539063e-08,0.5,0.0,4.172325134277344e-07,1.6873127222061157,1.6873127222061157,0.0
ogbench:cube-single.occ,hacsmv4_noaction,0,0,2,0.5531651377677917,0.8341424465179443,0.1316993087530136,0.7024431228637695,1.0,0.34413468837738037,0.03212163969874382,1.8322067260742188,2.067929744720459,0.12865525484085083
ogbench:cube-single.occ,hacsmv4_noaction,0,1,8,0.6180259585380554,0.8957930207252502,0.20137526094913483,0.6944177746772766,1.0,0.340198814868927,0.026025110855698586,1.8322067260742188,2.067929744720459,0.12865525484085083
ogbench:cube-single.occ,hacsmv4_noaction,0,2,32,0.6329410672187805,0.9047683477401733,0.22520020604133606,0.6795681715011597,1.0,0.3329234719276428,0.024866115301847458,1.8322067260742188,2.067929744720459,0.12865525484085083
ogbench:cube-single.occ,hacsmv4_noaction,1,0,2,0.5507605671882629,0.8334588408470154,0.12671324610710144,0.7067456245422363,1.0,0.3462429642677307,0.03195871040225029,1.849125623703003,2.101458787918091,0.1364607959985733
ogbench:cube-single.occ,hacsmv4_noaction,1,1,8,0.6162002086639404,0.8963471055030823,0.19597966969013214,0.7003674507141113,1.0,0.34311380982398987,0.025676388293504715,1.849125623703003,2.101458787918091,0.1364607959985733
ogbench:cube-single.occ,hacsmv4_noaction,1,2,32,0.629830539226532,0.9045147895812988,0.2178041636943817,0.6867105960845947,1.0,0.3364226818084717,0.02473658137023449,1.849125623703003,2.101458787918091,0.1364607959985733
ogbench:cube-single.occ,hacsmv4_noaction,2,0,2,0.5533348321914673,0.833662211894989,0.13284389674663544,0.7008183002471924,1.0,0.34333762526512146,0.03206058591604233,1.8047568798065186,2.145124673843384,0.18859481811523438
ogbench:cube-single.occ,hacsmv4_noaction,2,1,8,0.6173473596572876,0.8946004509925842,0.2014678418636322,0.6931326389312744,1.0,0.3395688533782959,0.026025017723441124,1.8047568798065186,2.145124673843384,0.18859481811523438
ogbench:cube-single.occ,hacsmv4_noaction,2,2,32,0.6317125558853149,0.9032295942306519,0.22443711757659912,0.6787924766540527,1.0,0.33254313468933105,0.02497418411076069,1.8047568798065186,2.145124673843384,0.18859481811523438
ogbench:cube-single.occ,hacsmv4_noaux,0,0,2,0.568122386932373,0.8402054309844971,0.15999776124954224,0.6802076697349548,1.0,0.3332427740097046,0.02606600895524025,1.557835340499878,2.151642084121704,0.3811742663383484
ogbench:cube-single.occ,hacsmv4_noaux,0,1,8,0.6125456094741821,0.8811348080635071,0.2096618264913559,0.67147296667099,1.0,0.32896363735198975,0.0219587292522192,1.557835340499878,2.151642084121704,0.3811742663383484
ogbench:cube-single.occ,hacsmv4_noaux,0,2,32,0.630962073802948,0.8918392062187195,0.23964639008045197,0.6521928310394287,1.0,0.31951671838760376,0.020954174920916557,1.557835340499878,2.151642084121704,0.3811742663383484
ogbench:cube-single.occ,hacsmv4_noaux,1,0,2,0.5762054324150085,0.8419775366783142,0.1775473654270172,0.6644301414489746,1.0,0.3255111277103424,0.024254200980067253,1.5518735647201538,2.0451481342315674,0.31785744428634644
ogbench:cube-single.occ,hacsmv4_noaux,1,1,8,0.6215223670005798,0.8823158144950867,0.23033228516578674,0.6519834995269775,1.0,0.3194144666194916,0.020589901134371758,1.5518735647201538,2.0451481342315674,0.31785744428634644
ogbench:cube-single.occ,hacsmv4_noaux,1,2,32,0.6403725743293762,0.8928953409194946,0.26158830523490906,0.6313070058822632,1.0,0.30928415060043335,0.01967749372124672,1.5518735647201538,2.0451481342315674,0.31785744428634644
ogbench:cube-single.occ,hacsmv4_noaux,2,0,2,0.5744882822036743,0.840914249420166,0.17484933137893677,0.6660649180412292,1.0,0.32631367444992065,0.026392193511128426,1.5202035903930664,2.158477544784546,0.41986083984375
ogbench:cube-single.occ,hacsmv4_noaux,2,1,8,0.6192318201065063,0.8809957504272461,0.22658610343933105,0.654409646987915,1.0,0.3206036686897278,0.022395072504878044,1.5202035903930664,2.158477544784546,0.41986083984375
ogbench:cube-single.occ,hacsmv4_noaux,2,2,32,0.637618362903595,0.8913403153419495,0.2570355534553528,0.6343047618865967,1.0,0.3107529878616333,0.021478883922100067,1.5202035903930664,2.158477544784546,0.41986083984375
ogbench:cube-single.occ,hacsmv4_single,0,0,2,0.5409930348396301,0.8262245059013367,0.11314596235752106,0.7130785584449768,1.0,0.34935134649276733,0.031795818358659744,1.6470829248428345,1.8158608675003052,0.10247082263231277
ogbench:cube-single.occ,hacsmv4_single,0,1,8,0.6103789210319519,0.8951559066772461,0.18321338295936584,0.7119425535202026,1.0,0.34878456592559814,0.024912571534514427,1.6470829248428345,1.8158608675003052,0.10247082263231277
ogbench:cube-single.occ,hacsmv4_single,0,2,32,0.6516726613044739,0.9215400815010071,0.24687156081199646,0.674668550491333,1.0,0.3305211663246155,0.021872418001294136,1.6470829248428345,1.8158608675003052,0.10247082263231277
ogbench:cube-single.occ,hacsmv4_single,1,0,2,0.5395301580429077,0.8263779282569885,0.10925869643688202,0.7171192169189453,1.0,0.351330429315567,0.032255761325359344,1.6235475540161133,1.7773700952529907,0.0947447121143341
ogbench:cube-single.occ,hacsmv4_single,1,1,8,0.6073607802391052,0.8946229219436646,0.17646749317646027,0.7181554436683655,1.0,0.35182830691337585,0.025296460837125778,1.6235475540161133,1.7773700952529907,0.0947447121143341
ogbench:cube-single.occ,hacsmv4_single,1,2,32,0.6489302515983582,0.9216554760932922,0.23984254896640778,0.6818129420280457,1.0,0.3340213894844055,0.022243794053792953,1.6235475540161133,1.7773700952529907,0.0947447121143341
ogbench:cube-single.occ,hacsmv4_single,2,0,2,0.5402658581733704,0.8262248635292053,0.11132727563381195,0.7148975729942322,1.0,0.35024145245552063,0.03221473470330238,1.60989511013031,1.825973391532898,0.13421885669231415
ogbench:cube-single.occ,hacsmv4_single,2,1,8,0.6085988879203796,0.8946238160133362,0.17956149578094482,0.7150623202323914,1.0,0.3503127098083496,0.025396030396223068,1.60989511013031,1.825973391532898,0.13421885669231415
ogbench:cube-single.occ,hacsmv4_single,2,2,32,0.6494081616401672,0.9209676384925842,0.24206896126270294,0.6788986921310425,1.0,0.33259353041648865,0.022423727437853813,1.60989511013031,1.825973391532898,0.13421885669231415
ogbench:cube-single.occ,hacsmv4,0,0,2,0.539560079574585,0.8309285640716553,0.1025073230266571,0.7284212112426758,1.0,0.3568645715713501,0.03216145187616348,1.5874029397964478,2.0537304878234863,0.2937676012516022
ogbench:cube-single.occ,hacsmv4,0,1,8,0.6004435420036316,0.894169270992279,0.15985499322414398,0.7343142628669739,1.0,0.35974374413490295,0.025328466668725014,1.5874029397964478,2.0537304878234863,0.2937676012516022
ogbench:cube-single.occ,hacsmv4,0,2,32,0.6197209358215332,0.9068281650543213,0.18906007707118988,0.7177680730819702,1.0,0.3516359329223633,0.023553675040602684,1.5874029397964478,2.0537304878234863,0.2937676012516022
ogbench:cube-single.occ,hacsmv4,1,0,2,0.5397260189056396,0.8307872414588928,0.10313437879085541,0.7276528477668762,1.0,0.35648900270462036,0.03260727599263191,1.5906147956848145,2.061762809753418,0.29620498418807983
ogbench:cube-single.occ,hacsmv4,1,1,8,0.6001772880554199,0.8936008214950562,0.16004197299480438,0.7335588335990906,1.0,0.35937386751174927,0.025699499994516373,1.5906147956848145,2.061762809753418,0.29620498418807983
ogbench:cube-single.occ,hacsmv4,1,2,32,0.6194103956222534,0.9062365889549255,0.18917106091976166,0.7170655131340027,1.0,0.35129180550575256,0.024000179022550583,1.5906147956848145,2.061762809753418,0.29620498418807983
ogbench:cube-single.occ,hacsmv4,2,0,2,0.5396122932434082,0.8303348422050476,0.10352859646081924,0.7268062233924866,1.0,0.3560733497142792,0.03243409842252731,1.5511701107025146,2.1155097484588623,0.36381542682647705
ogbench:cube-single.occ,hacsmv4,2,1,8,0.5999091863632202,0.8929877281188965,0.16029143333435059,0.7326962947845459,1.0,0.3589510917663574,0.025567958131432533,1.5511701107025146,2.1155097484588623,0.36381542682647705
ogbench:cube-single.occ,hacsmv4,2,2,32,0.618941068649292,0.9054985642433167,0.18910476565361023,0.7163938283920288,1.0,0.3509626090526581,0.023890605196356773,1.5511701107025146,2.1155097484588623,0.36381542682647705
