run,env,design,seed,val_pred_loss,clean_mse_pre,clean_mse_blackout_transition,clean_mse_deep_blackout,clean_mse_first_post,clean_mse_recovery,clean_mse_late_post,clean_mse_all,clean_mse_first_post_ablated,clean_input_mse_first_post,last_visible_mse_first_post,constant_mse_first_post,persistence_mse_first_post,trainable_parameters,val_hier_loss,val_hier_loss_fast,val_hier_loss_medium,val_hier_loss_slow,val_hier_loss_h1,val_hier_loss_h2,val_hier_loss_h4,val_hier_loss_h8,val_hier_loss_h16
lewm-dmc:ball_in_cup.catch.occ-hacsmv4-s0,dmc:ball_in_cup.catch.occ,hacsmv4,0,0.8634400081634521,0.62803715467453,0.8177416920661926,1.184591293334961,1.0093116760253906,0.811214029788971,0.7289284467697144,0.7762437462806702,1.749711275100708,0.740932822227478,2.2903213500976562,1.2641915082931519,16.771806716918945,851078,1.2936933946609497,1.093762084643046,1.269807144800822,1.5175108528137207,1.0552648480733235,1.132259422938029,1.2183881282806397,1.321226110458374,1.5175108528137207
lewm-dmc:ball_in_cup.catch.occ-hacsmv4-s1,dmc:ball_in_cup.catch.occ,hacsmv4,1,0.8780179723103841,0.6221389770507812,0.7967275977134705,1.1507655382156372,1.039810299873352,0.7999820709228516,0.7291109561920166,0.7695058584213257,1.6474295854568481,0.7344271540641785,2.2903213500976562,1.2641915082931519,16.771806716918945,851078,1.2974292055765788,1.0943202431996664,1.2712781302134195,1.5266892766952516,1.0559320783615112,1.1327083396911621,1.2173634672164917,1.3251928615570068,1.5266892766952516
lewm-dmc:ball_in_cup.catch.occ-hacsmv4-s2,dmc:ball_in_cup.catch.occ,hacsmv4,2,0.8754122161865234,0.6188213229179382,0.7525917887687683,1.1317367553710938,1.0363006591796875,0.8038905262947083,0.7275550365447998,0.76162189245224,1.575545072555542,0.7148967385292053,2.2903213500976562,1.2641915082931519,16.771806716918945,851078,1.2930131753285725,1.0946714973449707,1.2681370671590169,1.5162308756510416,1.0564405711491902,1.1329024235407512,1.2163305791219075,1.3199435043334962,1.5162308756510416
lewm-dmc:ball_in_cup.catch.occ-hacsmv4_noaction-s0,dmc:ball_in_cup.catch.occ,hacsmv4_noaction,0,0.9070586125055949,0.615455687046051,0.8836891055107117,1.1733945608139038,1.097359538078308,0.811531662940979,0.7274472117424011,0.7812647223472595,1.6968101263046265,0.7525768280029297,2.2903213500976562,1.2641915082931519,16.771806716918945,851078,1.3373589992523194,1.0849499448140463,1.3418638229370117,1.585262975692749,1.0469310983022053,1.1229688596725464,1.255802173614502,1.4279254547754923,1.585262975692749
lewm-dmc:ball_in_cup.catch.occ-hacsmv4_noaction-s1,dmc:ball_in_cup.catch.occ,hacsmv4_noaction,1,0.9358670775095622,0.6230822801589966,0.8229677081108093,1.1673593521118164,1.1501593589782715,0.7932433485984802,0.7306156158447266,0.7781795859336853,1.772759199142456,0.721422016620636,2.2903213500976562,1.2641915082931519,16.771806716918945,851078,1.328068135579427,1.087525102297465,1.3348838837941488,1.561795352300008,1.049955670038859,1.125094534556071,1.2525900077819825,1.417177759806315,1.561795352300008
lewm-dmc:ball_in_cup.catch.occ-hacsmv4_noaction-s2,dmc:ball_in_cup.catch.occ,hacsmv4_noaction,2,0.9134414831797282,0.6093750596046448,0.8215256333351135,1.1260625123977661,1.1115634441375732,0.8031220436096191,0.728378176689148,0.768796980381012,1.6406235694885254,0.7088916301727295,2.2903213500976562,1.2641915082931519,16.771806716918945,851078,1.3350252803166707,1.0856113497416178,1.3394839000701904,1.5799805736541748,1.0479303606351216,1.1232923809687296,1.2536283588409425,1.4253393904368084,1.5799805736541748
lewm-dmc:ball_in_cup.catch.occ-hacsmv4_noaux-s0,dmc:ball_in_cup.catch.occ,hacsmv4_noaux,0,0.8771766177813212,0.6272358298301697,0.8022732734680176,1.1513572931289673,1.0388480424880981,0.8203201293945312,0.7220370173454285,0.7695693969726562,1.8764729499816895,0.7361976504325867,2.2903213500976562,1.2641915082931519,16.771806716918945,851078,1.6681688563028971,1.208289623260498,1.5666194089253744,2.2295971457163493,1.1620615990956624,1.2545175457000732,1.453651032447815,1.6795877520243327,2.2295971457163493
lewm-dmc:ball_in_cup.catch.occ-hacsmv4_noaux-s1,dmc:ball_in_cup.catch.occ,hacsmv4_noaux,1,0.8802520275115967,0.62632817029953,0.7866570353507996,1.1522194147109985,1.0454376935958862,0.7860996127128601,0.7265066504478455,0.767694890499115,1.828983187675476,0.7107442021369934,2.2903213500976562,1.2641915082931519,16.771806716918945,851078,1.6609765831629435,1.207662738164266,1.5578508218129477,2.2174163246154786,1.1622724755605063,1.253053069114685,1.4447614924112955,1.6709402020772297,2.2174163246154786
lewm-dmc:ball_in_cup.catch.occ-hacsmv4_noaux-s2,dmc:ball_in_cup.catch.occ,hacsmv4_noaux,2,0.887885631720225,0.6208041310310364,0.767930805683136,1.1260513067245483,1.0641940832138062,0.7838064432144165,0.7222184538841248,0.7602835297584534,1.7427842617034912,0.7083845138549805,2.2903213500976562,1.2641915082931519,16.771806716918945,851078,1.6820354413986207,1.223161260286967,1.5746863238016764,2.2482585016886394,1.1794443209966023,1.2668781995773315,1.455409860610962,1.6939626852671306,2.2482585016886394
lewm-dmc:ball_in_cup.catch.occ-hacsmv4_single-s0,dmc:ball_in_cup.catch.occ,hacsmv4_single,0,0.8452344250679016,0.6137600541114807,0.8096378445625305,1.116707682609558,0.9844503998756409,0.7976446747779846,0.7201817631721497,0.759222686290741,1.5942325592041016,0.7163876891136169,2.2903213500976562,1.2641915082931519,16.771806716918945,851078,1.3035151704152426,1.09574253877004,1.2750596729914347,1.539743061065674,1.058656571706136,1.1328285058339438,1.2145637639363607,1.3355555820465088,1.539743061065674
lewm-dmc:ball_in_cup.catch.occ-hacsmv4_single-s1,dmc:ball_in_cup.catch.occ,hacsmv4_single,1,0.8485139687856038,0.6169766783714294,0.8078054785728455,1.1276779174804688,0.987360417842865,0.8063274621963501,0.7233460545539856,0.7630621194839478,1.7308433055877686,0.7601594924926758,2.2903213500976562,1.2641915082931519,16.771806716918945,851078,1.3042050377527872,1.0940757433573405,1.2742865292231242,1.5442526372273764,1.0569470357894897,1.1312043825785318,1.2121837997436524,1.336389258702596,1.5442526372273764
lewm-dmc:ball_in_cup.catch.occ-hacsmv4_single-s2,dmc:ball_in_cup.catch.occ,hacsmv4_single,2,0.8418595576286316,0.609144389629364,0.7412572503089905,1.1270238161087036,0.9788873195648193,0.792597234249115,0.7217722535133362,0.7522749900817871,1.6143032312393188,0.722425639629364,2.2903213500976562,1.2641915082931519,16.771806716918945,851078,1.3061156495412192,1.0942950439453125,1.2759086879094441,1.5481430800755818,1.0568413257598877,1.1317487621307374,1.2134788767496745,1.3383384482065837,1.5481430800755818
lewm-dmc:ball_in_cup.catch.occ-hacsmv4_static-s0,dmc:ball_in_cup.catch.occ,hacsmv4_static,0,0.836944891611735,0.6062700152397156,0.763576090335846,1.154532551765442,0.9710751175880432,0.7885361909866333,0.7209769487380981,0.7558297514915466,1.6535210609436035,0.7392120957374573,2.2903213500976562,1.2641915082931519,16.771806716918945,851078,1.322475167910258,1.097951577504476,1.2765342013041179,1.5929396565755207,1.058156860669454,1.137746327718099,1.2059823226928712,1.3470860973993937,1.5929396565755207
lewm-dmc:ball_in_cup.catch.occ-hacsmv4_static-s1,dmc:ball_in_cup.catch.occ,hacsmv4_static,1,0.8517473395665487,0.6075533032417297,0.7715547680854797,1.1070380210876465,0.998801589012146,0.786273717880249,0.721824586391449,0.7532317042350769,1.5554438829421997,0.7241212725639343,2.2903213500976562,1.2641915082931519,16.771806716918945,851078,1.3215767574310302,1.0967660713195801,1.2756546370188395,1.592309325536092,1.0572020101547241,1.136330099105835,1.2046876907348634,1.346621685028076,1.592309325536092
lewm-dmc:ball_in_cup.catch.occ-hacsmv4_static-s2,dmc:ball_in_cup.catch.occ,hacsmv4_static,2,0.8389571062723795,0.6079079508781433,0.7383845448493958,1.1011329889297485,0.9714155197143555,0.7937687635421753,0.7257815599441528,0.7506215572357178,1.5722284317016602,0.725540041923523,2.2903213500976562,1.2641915082931519,16.771806716918945,851078,1.3214153877894084,1.0973978058497111,1.2747849893569947,1.5920631821950277,1.057842985788981,1.1369525750478109,1.2041132354736328,1.3454567941029867,1.5920631821950277
lewm-dmc:ball_in_cup.catch.occ-multi-s0,dmc:ball_in_cup.catch.occ,multi,0,0.9736861872673035,0.5981213450431824,0.8804240226745605,1.1860792636871338,1.2424081563949585,0.7421863079071045,0.7154265642166138,0.7728857398033142,1.252449631690979,0.7491505146026611,2.2903213500976562,1.2641915082931519,16.771806716918945,914816,,,,,,,,,
lewm-dmc:ball_in_cup.catch.occ-multi-s1,dmc:ball_in_cup.catch.occ,multi,1,0.9642871713638306,0.6121878623962402,0.8327112793922424,1.170076847076416,1.2082269191741943,0.750456690788269,0.7364256978034973,0.7784948945045471,1.2885221242904663,0.7302469611167908,2.2903213500976562,1.2641915082931519,16.771806716918945,914816,,,,,,,,,
lewm-dmc:ball_in_cup.catch.occ-multi-s2,dmc:ball_in_cup.catch.occ,multi,2,0.9501215807596842,0.6126393675804138,0.7983720898628235,1.1110001802444458,1.187524676322937,0.7502951622009277,0.7243028283119202,0.7627807259559631,1.2824219465255737,0.7129660248756409,2.2903213500976562,1.2641915082931519,16.771806716918945,914816,,,,,,,,,
lewm-dmc:ball_in_cup.catch.occ-none-s0,dmc:ball_in_cup.catch.occ,none,0,0.9341869521141052,0.6089676022529602,1.03817617893219,1.2514828443527222,1.1559364795684814,0.7872143983840942,0.7225322723388672,0.8018977642059326,1.1559364795684814,0.7310249209403992,2.2903213500976562,1.2641915082931519,16.771806716918945,849280,,,,,,,,,
lewm-dmc:ball_in_cup.catch.occ-none-s1,dmc:ball_in_cup.catch.occ,none,1,0.9373809186617533,0.6159462332725525,1.036765217781067,1.2603693008422852,1.1602908372879028,0.7874664068222046,0.7219992280006409,0.8042842745780945,1.1602908372879028,0.7311017513275146,2.2903213500976562,1.2641915082931519,16.771806716918945,849280,,,,,,,,,
lewm-dmc:ball_in_cup.catch.occ-none-s2,dmc:ball_in_cup.catch.occ,none,2,0.9358271074295044,0.6019449234008789,1.047231912612915,1.2496066093444824,1.1569595336914062,0.7960585355758667,0.7288682460784912,0.8044307231903076,1.1569595336914062,0.7382649779319763,2.2903213500976562,1.2641915082931519,16.771806716918945,849280,,,,,,,,,
lewm-dmc:ball_in_cup.catch.occ-smtv3-s0,dmc:ball_in_cup.catch.occ,smtv3,0,0.9442407592137655,0.6208637952804565,0.9153035283088684,1.3215078115463257,1.1609758138656616,0.8101028203964233,0.73887699842453,0.8083814382553101,2.296799659729004,0.7450758814811707,2.2903213500976562,1.2641915082931519,16.771806716918945,833159,,,,,,,,,
lewm-dmc:ball_in_cup.catch.occ-smtv3-s1,dmc:ball_in_cup.catch.occ,smtv3,1,0.9691938575108846,0.629307210445404,0.8880181908607483,1.3463239669799805,1.2097129821777344,0.7999136447906494,0.7342175245285034,0.8090532422065735,2.6177666187286377,0.7280448079109192,2.2903213500976562,1.2641915082931519,16.771806716918945,833159,,,,,,,,,
lewm-dmc:ball_in_cup.catch.occ-smtv3-s2,dmc:ball_in_cup.catch.occ,smtv3,2,0.9325969076156616,0.6228134036064148,0.8312850594520569,1.3617429733276367,1.142981767654419,0.8057308197021484,0.7305183410644531,0.7996538281440735,2.324744462966919,0.7261353731155396,2.2903213500976562,1.2641915082931519,16.771806716918945,833159,,,,,,,,,
lewm-dmc:ball_in_cup.catch.occ-ssm-s0,dmc:ball_in_cup.catch.occ,ssm,0,0.8288770071665446,0.605799674987793,0.8986188769340515,1.0488492250442505,0.9605134129524231,0.7359508275985718,0.7202708125114441,0.7544461488723755,1.9117714166641235,0.6861554980278015,2.2903213500976562,1.2641915082931519,16.771806716918945,849536,,,,,,,,,
lewm-dmc:ball_in_cup.catch.occ-ssm-s1,dmc:ball_in_cup.catch.occ,ssm,1,0.8639159059524536,0.6226214170455933,0.8250374794006348,1.0758570432662964,1.0210813283920288,0.7632218599319458,0.7191835641860962,0.7571704983711243,1.6932886838912964,0.6833628416061401,2.2903213500976562,1.2641915082931519,16.771806716918945,849536,,,,,,,,,
lewm-dmc:ball_in_cup.catch.occ-ssm-s2,dmc:ball_in_cup.catch.occ,ssm,2,0.8252418327331543,0.6077770590782166,0.8045809268951416,0.9743828773498535,0.9510732293128967,0.773591935634613,0.7179804444313049,0.7387356758117676,1.5792969465255737,0.6963141560554504,2.2903213500976562,1.2641915082931519,16.771806716918945,849536,,,,,,,,,
lewm-dmc:cheetah.run.occ-hacsmv4-s0,dmc:cheetah.run.occ,hacsmv4,0,0.4010067550341288,0.1513655036687851,0.3786548674106598,0.6104848384857178,0.6152200102806091,0.1934720277786255,0.17188678681850433,0.2504713833332062,1.0652968883514404,0.16361407935619354,1.0144654512405396,0.6891944408416748,13.852587699890137,851078,0.6782385921478271,0.5574189607302348,0.6825518067677816,0.7947449580828349,0.5281872248649597,0.586650722026825,0.6606973965962728,0.7044061915079752,0.7947449580828349
lewm-dmc:cheetah.run.occ-hacsmv4-s1,dmc:cheetah.run.occ,hacsmv4,1,0.38934316317240397,0.15323123335838318,0.4142751693725586,0.6024153232574463,0.5909488797187805,0.1942180097103119,0.1743045151233673,0.25407013297080994,1.158586025238037,0.1645917445421219,1.0144654512405396,0.6891944408416748,13.852587699890137,851078,0.6797537080446879,0.5582871182759603,0.6833462969462076,0.7976276071866354,0.5289658562342325,0.5876083461443583,0.6613277928034464,0.7053647756576538,0.7976276071866354
lewm-dmc:cheetah.run.occ-hacsmv4-s2,dmc:cheetah.run.occ,hacsmv4,2,0.40039259910583497,0.1500365436077118,0.38774266839027405,0.6072140336036682,0.613538384437561,0.19552022218704224,0.17321862280368805,0.2514326572418213,1.1067413091659546,0.16206450760364532,1.0144654512405396,0.6891944408416748,13.852587699890137,851078,0.6800875194867452,0.5579358394940694,0.6835771497090658,0.7987494929631551,0.5284633874893189,0.5874083169301351,0.6614892896016439,0.705665001074473,0.7987494929631551
lewm-dmc:cheetah.run.occ-hacsmv4_noaction-s0,dmc:cheetah.run.occ,hacsmv4_noaction,0,0.4898405694961548,0.15833142399787903,0.45026764273643494,0.7742721438407898,0.7790030837059021,0.20317667722702026,0.17860913276672363,0.2858349680900574,0.9109641313552856,0.17360760271549225,1.0144654512405396,0.6891944408416748,13.852587699890137,851078,0.7118515141805013,0.5385773936907451,0.7391217263539632,0.857855277856191,0.5066708119710287,0.5704839245478313,0.6981510424613953,0.7800924189885458,0.857855277856191
lewm-dmc:cheetah.run.occ-hacsmv4_noaction-s1,dmc:cheetah.run.occ,hacsmv4_noaction,1,0.4989810331662496,0.1600465029478073,0.44382524490356445,0.7867517471313477,0.7955809831619263,0.20527318120002747,0.17910084128379822,0.28781014680862427,0.955517590045929,0.17557837069034576,1.0144654512405396,0.6891944408416748,13.852587699890137,851078,0.7154268010457356,0.5374918174743653,0.7413570149739583,0.8674315627415975,0.5056768186887105,0.5693067908287048,0.6993926501274109,0.7833213710784912,0.8674315627415975
lewm-dmc:cheetah.run.occ-hacsmv4_noaction-s2,dmc:cheetah.run.occ,hacsmv4_noaction,2,0.5042500551541647,0.15798820555210114,0.4425414502620697,0.7974820137023926,0.806857705116272,0.19726762175559998,0.17926651239395142,0.28820154070854187,0.8663507103919983,0.16924995183944702,1.0144654512405396,0.6891944408416748,13.852587699890137,851078,0.7100170040130616,0.5386539220809936,0.7375540987650553,0.8538428640365601,0.5069438274701437,0.5703640508651734,0.6971529030799866,0.7779553111394246,0.8538428640365601
lewm-dmc:cheetah.run.occ-hacsmv4_noaux-s0,dmc:cheetah.run.occ,hacsmv4_noaux,0,0.3852358595530192,0.1504431962966919,0.45037898421287537,0.6655780673027039,0.5852358937263489,0.18963441252708435,0.17252421379089355,0.26235494017601013,1.3185292482376099,0.16141168773174286,1.0144654512405396,0.6891944408416748,13.852587699890137,851078,0.8361236445109049,0.6202888186772665,0.78392058690389,1.104161647160848,0.5876474046707153,0.652930223941803,0.742708036104838,0.8251331543922424,1.104161647160848
lewm-dmc:cheetah.run.occ-hacsmv4_noaux-s1,dmc:cheetah.run.occ,hacsmv4_noaux,1,0.37921792348225913,0.15038202702999115,0.4588172435760498,0.6258876919746399,0.5737153887748718,0.18902696669101715,0.17262506484985352,0.2587132155895233,1.0118824243545532,0.1632722169160843,1.0144654512405396,0.6891944408416748,13.852587699890137,851078,0.8441423201560974,0.6176798725128174,0.7919487285614014,1.122798350652059,0.5847360221544902,0.6506237316131592,0.7484846178690593,0.8354128392537435,1.122798350652059
lewm-dmc:cheetah.run.occ-hacsmv4_noaux-s2,dmc:cheetah.run.occ,hacsmv4_noaux,2,0.3948134966691335,0.1491689234972,0.4952124059200287,0.6884479522705078,0.6038158535957336,0.1902175396680832,0.17270931601524353,0.26981502771377563,1.4084572792053223,0.16275696456432343,1.0144654512405396,0.6891944408416748,13.852587699890137,851078,0.8446461439132691,0.6229734961191813,0.7934856589635213,1.1174791145324707,0.5897252066930135,0.656221760114034,0.7483052762349447,0.838666041692098,1.1174791145324707
lewm-dmc:cheetah.run.occ-hacsmv4_single-s0,dmc:cheetah.run.occ,hacsmv4_single,0,0.40505839109420777,0.15411190688610077,0.40484216809272766,0.6064152121543884,0.6199016571044922,0.19816067814826965,0.17538021504878998,0.2554731070995331,0.8796883225440979,0.1672431379556656,1.0144654512405396,0.6891944408416748,13.852587699890137,851078,0.680107565720876,0.5448221397399903,0.6838792339960734,0.8116212638219198,0.5160781073570252,0.573566206296285,0.6594533626238505,0.7083051220575969,0.8116212638219198
lewm-dmc:cheetah.run.occ-hacsmv4_single-s1,dmc:cheetah.run.occ,hacsmv4_single,1,0.39141736149787903,0.15571627020835876,0.4161812365055084,0.5802026391029358,0.5934038758277893,0.19176346063613892,0.17615118622779846,0.25331246852874756,0.9649391770362854,0.16971886157989502,1.0144654512405396,0.6891944408416748,13.852587699890137,851078,0.681797620455424,0.5433790747324626,0.6849071915944417,0.8171064329147338,0.5143911083539326,0.572367057800293,0.6602939128875732,0.7095204957326253,0.8171064329147338
lewm-dmc:cheetah.run.occ-hacsmv4_single-s2,dmc:cheetah.run.occ,hacsmv4_single,2,0.40234146316846214,0.1528351753950119,0.4070744812488556,0.6114247441291809,0.6151672601699829,0.19227871298789978,0.1760992407798767,0.2556675374507904,1.1029541492462158,0.16460560262203217,1.0144654512405396,0.6891944408416748,13.852587699890137,851078,0.6821629341443379,0.5433102114995321,0.6851156504948934,0.818062965075175,0.51421790599823,0.5724025082588196,0.6602533253033956,0.7099779415130615,0.818062965075175
lewm-dmc:cheetah.run.occ-hacsmv4_static-s0,dmc:cheetah.run.occ,hacsmv4_static,0,0.4036405384540558,0.1552399843931198,0.3540264666080475,0.5973784923553467,0.6167555451393127,0.18982577323913574,0.17684625089168549,0.2495276778936386,0.9386097192764282,0.16932831704616547,1.0144654512405396,0.6891944408416748,13.852587699890137,851078,0.7118002208073934,0.5414337333043416,0.7001912641525269,0.8937755457560221,0.5089895884195964,0.573877903620402,0.6633097743988037,0.7370727451642355,0.8937755457560221
lewm-dmc:cheetah.run.occ-hacsmv4_static-s1,dmc:cheetah.run.occ,hacsmv4_static,1,0.4107307247320811,0.15775379538536072,0.3655107915401459,0.5941910743713379,0.6283586621284485,0.195478618144989,0.1782902330160141,0.2524300515651703,0.803621768951416,0.1706671416759491,1.0144654512405396,0.6891944408416748,13.852587699890137,851078,0.7134114074707031,0.5402891914049784,0.7010850063959757,0.8988599562644959,0.5079499793052673,0.5726284162203471,0.6634884214401245,0.7386815571784973,0.8988599562644959
lewm-dmc:cheetah.run.occ-hacsmv4_static-s2,dmc:cheetah.run.occ,hacsmv4_static,2,0.37883232831954955,0.15570558607578278,0.3643935024738312,0.5716140866279602,0.56892991065979,0.18928742408752441,0.1771889477968216,0.24651457369327545,0.8688176274299622,0.17223979532718658,1.0144654512405396,0.6891944408416748,13.852587699890137,851078,0.711631825764974,0.5403841082255045,0.700381563504537,0.894129814306895,0.5079313818613688,0.5728368131319682,0.6633049321174621,0.7374581948916117,0.894129814306895
lewm-dmc:cheetah.run.occ-multi-s0,dmc:cheetah.run.occ,multi,0,0.4823661470413208,0.1596832424402237,0.47693029046058655,0.7181220054626465,0.7657039761543274,0.1832999885082245,0.17904330790042877,0.28147608041763306,0.7421851754188538,0.18298998475074768,1.0144654512405396,0.6891944408416748,13.852587699890137,914816,,,,,,,,,
lewm-dmc:cheetah.run.occ-multi-s1,dmc:cheetah.run.occ,multi,1,0.4996283562978109,0.16164185106754303,0.44436606764793396,0.7263320088386536,0.7970665097236633,0.19023355841636658,0.18010355532169342,0.2814643681049347,0.7033448815345764,0.1855708509683609,1.0144654512405396,0.6891944408416748,13.852587699890137,914816,,,,,,,,,
lewm-dmc:cheetah.run.occ-multi-s2,dmc:cheetah.run.occ,multi,2,0.49215007623036705,0.15931327641010284,0.4785572588443756,0.7394691109657288,0.7841135263442993,0.18741154670715332,0.17924322187900543,0.2847713828086853,0.7798025608062744,0.18820437788963318,1.0144654512405396,0.6891944408416748,13.852587699890137,914816,,,,,,,,,
lewm-dmc:cheetah.run.occ-none-s0,dmc:cheetah.run.occ,none,0,0.41011023124059043,0.14248360693454742,0.4527304172515869,0.634239673614502,0.6396088004112244,0.18542718887329102,0.1650938093662262,0.2556889057159424,0.6396088004112244,0.15167947113513947,1.0144654512405396,0.6891944408416748,13.852587699890137,849280,,,,,,,,,
lewm-dmc:cheetah.run.occ-none-s1,dmc:cheetah.run.occ,none,1,0.4095649286111196,0.1432715356349945,0.45005783438682556,0.6335904002189636,0.6379517316818237,0.18872669339179993,0.16529163718223572,0.25579455494880676,0.6379517316818237,0.15743398666381836,1.0144654512405396,0.6891944408416748,13.852587699890137,849280,,,,,,,,,
lewm-dmc:cheetah.run.occ-none-s2,dmc:cheetah.run.occ,none,2,0.40399418711662294,0.14186802506446838,0.4597761631011963,0.6306521892547607,0.6283038258552551,0.18561534583568573,0.16462571918964386,0.25531139969825745,0.6283038258552551,0.15672233700752258,1.0144654512405396,0.6891944408416748,13.852587699890137,849280,,,,,,,,,
lewm-dmc:cheetah.run.occ-smtv3-s0,dmc:cheetah.run.occ,smtv3,0,0.5226887432734172,0.15571823716163635,0.45965537428855896,0.8109706044197083,0.8424439430236816,0.1963019073009491,0.18018434941768646,0.2923913598060608,1.048801302909851,0.1669820249080658,1.0144654512405396,0.6891944408416748,13.852587699890137,833159,,,,,,,,,
lewm-dmc:cheetah.run.occ-smtv3-s1,dmc:cheetah.run.occ,smtv3,1,0.5051588177680969,0.15532507002353668,0.492859810590744,0.8219623565673828,0.8094376921653748,0.20005649328231812,0.17872411012649536,0.29533469676971436,1.065865159034729,0.17208516597747803,1.0144654512405396,0.6891944408416748,13.852587699890137,833159,,,,,,,,,
lewm-dmc:cheetah.run.occ-smtv3-s2,dmc:cheetah.run.occ,smtv3,2,0.5284549880027771,0.15464186668395996,0.46355319023132324,0.816870927810669,0.854485273361206,0.19332654774188995,0.17939528822898865,0.2930014729499817,0.8894946575164795,0.16704398393630981,1.0144654512405396,0.6891944408416748,13.852587699890137,833159,,,,,,,,,
lewm-dmc:cheetah.run.occ-ssm-s0,dmc:cheetah.run.occ,ssm,0,0.4200839225451152,0.1453103870153427,0.4372628629207611,0.6453033685684204,0.6559765338897705,0.18060599267482758,0.1693875640630722,0.2580723464488983,0.7845940589904785,0.1734326332807541,1.0144654512405396,0.6891944408416748,13.852587699890137,849536,,,,,,,,,
lewm-dmc:cheetah.run.occ-ssm-s1,dmc:cheetah.run.occ,ssm,1,0.4233896327018738,0.14604993164539337,0.4257291257381439,0.6609301567077637,0.6611087918281555,0.1863325536251068,0.1703304648399353,0.25966888666152954,0.8617749214172363,0.17519554495811462,1.0144654512405396,0.6891944408416748,13.852587699890137,849536,,,,,,,,,
lewm-dmc:cheetah.run.occ-ssm-s2,dmc:cheetah.run.occ,ssm,2,0.41763348897298175,0.14430639147758484,0.452434778213501,0.6533011198043823,0.6521008014678955,0.1815686821937561,0.16826452314853668,0.2596561908721924,0.8884823322296143,0.175487220287323,1.0144654512405396,0.6891944408416748,13.852587699890137,849536,,,,,,,,,
lewm-dmc:finger.spin.occ-hacsmv4-s0,dmc:finger.spin.occ,hacsmv4,0,0.8316690564155579,0.35432711243629456,0.7215796113014221,1.228284478187561,1.2663912773132324,0.3719382882118225,0.35686296224594116,0.51652991771698,3.3874621391296387,0.3459034860134125,1.2537477016448975,1.7987955808639526,14.051904678344727,851078,1.1050181341171266,0.8088592839241028,1.0302098274230957,1.4759851042429606,0.780779337088267,0.8369392307599386,0.9769771734873454,1.0834424813588461,1.4759851042429606
lewm-dmc:finger.spin.occ-hacsmv4-s1,dmc:finger.spin.occ,hacsmv4,1,0.8350625276565552,0.3546687960624695,0.7200352549552917,1.2421761751174927,1.2724002599716187,0.385417103767395,0.3555193245410919,0.5184242129325867,3.6543314456939697,0.34439724683761597,1.2537477016448975,1.7987955808639526,14.051904678344727,851078,1.1014191325505573,0.8005060911178589,1.0293796809514364,1.4743715143203735,0.7711804644266764,0.8298317090670267,0.9763745514551798,1.0823847595850626,1.4743715143203735
lewm-dmc:finger.spin.occ-hacsmv4-s2,dmc:finger.spin.occ,hacsmv4,2,0.8515984646479289,0.3513481020927429,0.7056865692138672,1.2621251344680786,1.3070342540740967,0.37696439027786255,0.3531801998615265,0.5177647471427917,3.6562092304229736,0.34605151414871216,1.2537477016448975,1.7987955808639526,14.051904678344727,851078,1.1002563365300497,0.8019355289141337,1.0293919293085734,1.4694413312276204,0.7725618688265482,0.8313091635704041,0.9768164833386739,1.081967315673828,1.4694413312276204
lewm-dmc:finger.spin.occ-hacsmv4_noaction-s0,dmc:finger.spin.occ,hacsmv4_noaction,0,0.9259722741444906,0.35922861099243164,0.7560580372810364,1.379520058631897,1.442884922027588,0.37501031160354614,0.3616049885749817,0.5453485250473022,4.467745780944824,0.3511302173137665,1.2537477016448975,1.7987955808639526,14.051904678344727,851078,1.1182144371668499,0.8075422064463298,1.0481559721628826,1.4989450136820475,0.7791581559181213,0.8359262736638388,0.989733608563741,1.1065782674153646,1.4989450136820475
lewm-dmc:finger.spin.occ-hacsmv4_noaction-s1,dmc:finger.spin.occ,hacsmv4_noaction,1,0.9259437227249145,0.3603129982948303,0.7603790163993835,1.366195559501648,1.4418854713439941,0.3881656527519226,0.36074116826057434,0.5451643466949463,3.734611749649048,0.3487832546234131,1.2537477016448975,1.7987955808639526,14.051904678344727,851078,1.116599809328715,0.803566525777181,1.0475198682149252,1.4987127367655437,0.7747676340738933,0.8323653920491536,0.9891171360015869,1.105922506650289,1.4987127367655437
lewm-dmc:finger.spin.occ-hacsmv4_noaction-s2,dmc:finger.spin.occ,hacsmv4_noaction,2,0.9399728759129842,0.35633084177970886,0.7526712417602539,1.4033437967300415,1.47169029712677,0.381414532661438,0.35854145884513855,0.5468248724937439,3.534278154373169,0.35006970167160034,1.2537477016448975,1.7987955808639526,14.051904678344727,851078,1.113032865524292,0.8014848057428996,1.0462423419952394,1.4913713041941326,0.7724065287907919,0.8305630572636922,0.9886752494176229,1.1038094520568849,1.4913713041941326
lewm-dmc:finger.spin.occ-hacsmv4_noaux-s0,dmc:finger.spin.occ,hacsmv4_noaux,0,0.835857343673706,0.3516993224620819,0.7699372172355652,1.3032488822937012,1.2757329940795898,0.3704056739807129,0.3560875654220581,0.5285218954086304,4.122872352600098,0.3449036478996277,1.2537477016448975,1.7987955808639526,14.051904678344727,851078,1.338736852010091,1.0190367182095845,1.2156960010528564,1.781477820078532,0.9846963373819987,1.0533770481745401,1.138532190322876,1.292859845161438,1.781477820078532
lewm-dmc:finger.spin.occ-hacsmv4_noaux-s1,dmc:finger.spin.occ,hacsmv4_noaux,1,0.8357577761014302,0.35282379388809204,0.7720548510551453,1.2799854278564453,1.2754162549972534,0.38055986166000366,0.3541523814201355,0.5264277458190918,3.7941882610321045,0.3436765968799591,1.2537477016448975,1.7987955808639526,14.051904678344727,851078,1.3365550676981608,1.0154651435216269,1.2132076358795165,1.7809922711054484,0.981453332901001,1.0494770050048827,1.1360362847646077,1.2903789869944255,1.7809922711054484
lewm-dmc:finger.spin.occ-hacsmv4_noaux-s2,dmc:finger.spin.occ,hacsmv4_noaux,2,0.8535377788543701,0.34970027208328247,0.7247689366340637,1.311353087425232,1.3114970922470093,0.37662070989608765,0.3527435064315796,0.5243679881095886,3.962364912033081,0.3454774022102356,1.2537477016448975,1.7987955808639526,14.051904678344727,851078,1.3373951530456543,1.0142660848299663,1.2189612674713135,1.7789578612645467,0.9780056953430176,1.050526474316915,1.1416142717997233,1.2963082456588746,1.7789578612645467
lewm-dmc:finger.spin.occ-hacsmv4_single-s0,dmc:finger.spin.occ,hacsmv4_single,0,0.8426596625645956,0.3577149510383606,0.7134230136871338,1.2376630306243896,1.2846851348876953,0.3747030794620514,0.3597297966480255,0.5195807814598083,4.059597969055176,0.34912678599357605,1.2537477016448975,1.7987955808639526,14.051904678344727,851078,1.1177200126647948,0.8298424951235454,1.0335946464538575,1.489722785949707,0.8022683890660604,0.8574165757497152,0.9791955836613973,1.0879937171936036,1.489722785949707
lewm-dmc:finger.spin.occ-hacsmv4_single-s1,dmc:finger.spin.occ,hacsmv4_single,1,0.8612738712628683,0.35813626646995544,0.7440889477729797,1.2973209619522095,1.3201711177825928,0.3871210217475891,0.3579457402229309,0.5303066372871399,3.8829329013824463,0.34604933857917786,1.2537477016448975,1.7987955808639526,14.051904678344727,851078,1.1120307779312133,0.8159377972284952,1.0328370571136474,1.4873173936208088,0.7867678697903951,0.8451076904932658,0.9786939136187236,1.0869802602132161,1.4873173936208088
lewm-dmc:finger.spin.occ-hacsmv4_single-s2,dmc:finger.spin.occ,hacsmv4_single,2,0.8699448784192403,0.3574320375919342,0.7248716354370117,1.3059734106063843,1.3378530740737915,0.37905794382095337,0.35760369896888733,0.5289439558982849,3.779428243637085,0.3493201434612274,1.2537477016448975,1.7987955808639526,14.051904678344727,851078,1.1151897366841634,0.8260667538642883,1.033460431098938,1.4860418812433878,0.7976466274261474,0.8544868548711141,0.9793693582216899,1.0875515206654867,1.4860418812433878
lewm-dmc:finger.spin.occ-hacsmv4_static-s0,dmc:finger.spin.occ,hacsmv4_static,0,0.892683142820994,0.37445876002311707,0.7177238464355469,1.2934985160827637,1.3664685487747192,0.3855540156364441,0.3750663101673126,0.5402867794036865,3.1945087909698486,0.36305922269821167,1.2537477016448975,1.7987955808639526,14.051904678344727,851078,1.232758183479309,1.1041276534398397,1.0546218649546306,1.5395249207814534,1.0818865394592285,1.1263687165578207,0.9982221206029256,1.1110215918223063,1.5395249207814534
lewm-dmc:finger.spin.occ-hacsmv4_static-s1,dmc:finger.spin.occ,hacsmv4_static,1,0.9361215130488078,0.3746202886104584,0.7488458752632141,1.3658772706985474,1.449073314666748,0.39749282598495483,0.3743461072444916,0.5543817281723022,3.290426731109619,0.3640397787094116,1.2537477016448975,1.7987955808639526,14.051904678344727,851078,1.2310288254419963,1.1011682097117106,1.053348708152771,1.5385692183176676,1.079170707066854,1.1231657457351685,0.9967841625213623,1.1099132537841796,1.5385692183176676
lewm-dmc:finger.spin.occ-hacsmv4_static-s2,dmc:finger.spin.occ,hacsmv4_static,2,0.9379668831825256,0.37252721190452576,0.7358611226081848,1.3661149740219116,1.4550172090530396,0.3913463354110718,0.37197548151016235,0.5512762665748596,3.1405632495880127,0.3624502122402191,1.2537477016448975,1.7987955808639526,14.051904678344727,851078,1.2307124614715577,1.1021922238667805,1.0538529221216837,1.5360920763015746,1.0801658487319947,1.1242185656229655,0.9978842536608378,1.1098215993245442,1.5360920763015746
lewm-dmc:finger.spin.occ-multi-s0,dmc:finger.spin.occ,multi,0,0.9468550594647726,0.3754177987575531,0.7764603495597839,1.2793736457824707,1.4745022058486938,0.3898767828941345,0.3661231994628906,0.5451477766036987,2.0868635177612305,0.36515679955482483,1.2537477016448975,1.7987955808639526,14.051904678344727,914816,,,,,,,,,
lewm-dmc:finger.spin.occ-multi-s1,dmc:finger.spin.occ,multi,1,0.9476932541529337,0.37334659695625305,0.7212176322937012,1.260481357574463,1.476590633392334,0.39047592878341675,0.3662562668323517,0.5371516346931458,1.9330956935882568,0.36444759368896484,1.2537477016448975,1.7987955808639526,14.051904678344727,914816,,,,,,,,,
lewm-dmc:finger.spin.occ-multi-s2,dmc:finger.spin.occ,multi,2,0.9477429008483886,0.3727802336215973,0.7646729350090027,1.2672886848449707,1.475043535232544,0.3899746537208557,0.3696708381175995,0.5436572432518005,2.001481056213379,0.36736562848091125,1.2537477016448975,1.7987955808639526,14.051904678344727,914816,,,,,,,,,
lewm-dmc:finger.spin.occ-none-s0,dmc:finger.spin.occ,none,0,1.085338414510091,0.28869757056236267,1.0576773881912231,1.7978110313415527,1.8160487413406372,0.3191893696784973,0.2831640839576721,0.5766520500183105,1.8160487413406372,0.2956814467906952,1.2537477016448975,1.7987955808639526,14.051904678344727,849280,,,,,,,,,
lewm-dmc:finger.spin.occ-none-s1,dmc:finger.spin.occ,none,1,1.0867837556203206,0.2928960919380188,1.0777615308761597,1.7956987619400024,1.8137898445129395,0.32628971338272095,0.2890958786010742,0.5825954079627991,1.8137898445129395,0.29353567957878113,1.2537477016448975,1.7987955808639526,14.051904678344727,849280,,,,,,,,,
lewm-dmc:finger.spin.occ-none-s2,dmc:finger.spin.occ,none,2,1.0869558731714883,0.29227253794670105,1.0821774005889893,1.7959963083267212,1.8150410652160645,0.3322903513908386,0.28680726885795593,0.5823636651039124,1.8150410652160645,0.2941654324531555,1.2537477016448975,1.7987955808639526,14.051904678344727,849280,,,,,,,,,
lewm-dmc:finger.spin.occ-smtv3-s0,dmc:finger.spin.occ,smtv3,0,0.9154742940266927,0.358463317155838,0.7078685164451599,1.3283320665359497,1.421757698059082,0.37771090865135193,0.3634588420391083,0.5351721048355103,2.855252742767334,0.35215240716934204,1.2537477016448975,1.7987955808639526,14.051904678344727,833159,,,,,,,,,
lewm-dmc:finger.spin.occ-smtv3-s1,dmc:finger.spin.occ,smtv3,1,0.9057266648610433,0.3593648076057434,0.7139654159545898,1.3104686737060547,1.4031647443771362,0.38650408387184143,0.3614545464515686,0.5332392454147339,3.154189109802246,0.35152342915534973,1.2537477016448975,1.7987955808639526,14.051904678344727,833159,,,,,,,,,
lewm-dmc:finger.spin.occ-smtv3-s2,dmc:finger.spin.occ,smtv3,2,0.9344254183769226,0.3560369312763214,0.7083751559257507,1.3573757410049438,1.4609754085540771,0.37989699840545654,0.3590850532054901,0.5371857285499573,2.914459466934204,0.3509306311607361,1.2537477016448975,1.7987955808639526,14.051904678344727,833159,,,,,,,,,
lewm-dmc:finger.spin.occ-ssm-s0,dmc:finger.spin.occ,ssm,0,0.7998136242230733,0.37921956181526184,0.7422714829444885,1.0272648334503174,1.1819552183151245,0.3921687602996826,0.3835100531578064,0.5143126845359802,1.9781876802444458,0.3804194927215576,1.2537477016448975,1.7987955808639526,14.051904678344727,849536,,,,,,,,,
lewm-dmc:finger.spin.occ-ssm-s1,dmc:finger.spin.occ,ssm,1,0.8106545066833496,0.37459200620651245,0.7370366454124451,1.0538667440414429,1.206615686416626,0.39340877532958984,0.37864357233047485,0.5141605138778687,1.9891290664672852,0.37490764260292053,1.2537477016448975,1.7987955808639526,14.051904678344727,849536,,,,,,,,,
lewm-dmc:finger.spin.occ-ssm-s2,dmc:finger.spin.occ,ssm,2,0.8156971367200215,0.37216445803642273,0.7289168238639832,1.045589566230774,1.218163013458252,0.390384316444397,0.37694114446640015,0.5113046765327454,1.9799597263336182,0.38431286811828613,1.2537477016448975,1.7987955808639526,14.051904678344727,849536,,,,,,,,,
lewm-dmc:reacher.hard.occ-hacsmv4-s0,dmc:reacher.hard.occ,hacsmv4,0,0.5791641585032146,0.2433759719133377,0.433085173368454,0.8132736682891846,0.8745563626289368,0.26714086532592773,0.26263710856437683,0.35399407148361206,2.1018412113189697,0.241047203540802,0.7168161869049072,1.1618891954421997,14.402030944824219,851078,0.6780995098749797,0.47209298133850097,0.6505184467633566,0.9116870292027791,0.45272071917851764,0.4914652434984843,0.6056668583552043,0.6953700351715087,0.9116870292027791
lewm-dmc:reacher.hard.occ-hacsmv4-s1,dmc:reacher.hard.occ,hacsmv4,1,0.5705454643567404,0.24138785898685455,0.44380518794059753,0.8006265759468079,0.860133945941925,0.260113000869751,0.2609180808067322,0.3515622317790985,2.025686502456665,0.23989158868789673,0.7168161869049072,1.1618891954421997,14.402030944824219,851078,0.67892569065094,0.4736639547348023,0.6512032604217529,0.9119097805023193,0.4543024667104085,0.4930254256725311,0.6063340870539348,0.6960724425315857,0.9119097805023193
lewm-dmc:reacher.hard.occ-hacsmv4-s2,dmc:reacher.hard.occ,hacsmv4,2,0.5816974743207296,0.2422167956829071,0.42366933822631836,0.812467634677887,0.8802207708358765,0.2649306654930115,0.2621081471443176,0.3524625897407532,1.8710978031158447,0.24113205075263977,0.7168161869049072,1.1618891954421997,14.402030944824219,851078,0.6776700766881307,0.4715519897143046,0.6504340823491415,0.9110241794586181,0.4522485550244649,0.49085541168848673,0.6056644058227539,0.695203784306844,0.9110241794586181
lewm-dmc:reacher.hard.occ-hacsmv4_noaction-s0,dmc:reacher.hard.occ,hacsmv4_noaction,0,0.5761871409416198,0.24440643191337585,0.43671727180480957,0.8172426223754883,0.8680405616760254,0.2676614820957184,0.2634972333908081,0.35522592067718506,2.1145269870758057,0.24225392937660217,0.7168161869049072,1.1618891954421997,14.402030944824219,851078,0.6798593044281006,0.46604957779248557,0.6552283692359925,0.9182999833424886,0.4472990640004476,0.48480007886886595,0.6086160628000895,0.7018407265345256,0.9182999833424886
lewm-dmc:reacher.hard.occ-hacsmv4_noaction-s1,dmc:reacher.hard.occ,hacsmv4_noaction,1,0.5698225363095601,0.24219252169132233,0.44303998351097107,0.8083052635192871,0.8581805229187012,0.2597985863685608,0.2615813612937927,0.35267993807792664,2.160264492034912,0.24073050916194916,0.7168161869049072,1.1618891954421997,14.402030944824219,851078,0.6801797684033711,0.46652193943659465,0.6554147410392761,0.9186025738716126,0.4477977772553762,0.48524610996246337,0.6088447491327922,0.7019847329457601,0.9186025738716126
lewm-dmc:reacher.hard.occ-hacsmv4_noaction-s2,dmc:reacher.hard.occ,hacsmv4_noaction,2,0.5795669380823771,0.2429245263338089,0.42848291993141174,0.8166106343269348,0.875649631023407,0.2647406756877899,0.262656569480896,0.3536350727081299,2.0114569664001465,0.24152369797229767,0.7168161869049072,1.1618891954421997,14.402030944824219,851078,0.6797042989730835,0.4660807164510091,0.6552319892247518,0.9178001316388448,0.4472958223025004,0.4848655851682027,0.6087709927558899,0.7016929769515992,0.9178001316388448
lewm-dmc:reacher.hard.occ-hacsmv4_noaux-s0,dmc:reacher.hard.occ,hacsmv4_noaux,0,0.5777403004964192,0.24235476553440094,0.42385587096214294,0.8185906410217285,0.8725218772888184,0.26646173000335693,0.2620092034339905,0.35294440388679504,2.3907973766326904,0.24106404185295105,0.7168161869049072,1.1618891954421997,14.402030944824219,851078,0.7824050871531169,0.5783425100644429,0.7369591085116068,1.0319135920206706,0.5529490137100219,0.603736031850179,0.6811505158742269,0.7927677011489869,1.0319135920206706
lewm-dmc:reacher.hard.occ-hacsmv4_noaux-s1,dmc:reacher.hard.occ,hacsmv4_noaux,1,0.5689899571736654,0.2407228797674179,0.4520951509475708,0.8007585406303406,0.8574428558349609,0.2609659433364868,0.2606091797351837,0.35210058093070984,2.4904372692108154,0.23941157758235931,0.7168161869049072,1.1618891954421997,14.402030944824219,851078,0.7842771863937378,0.5844948220252991,0.7362370189030966,1.032099650700887,0.5601582487424215,0.6088314207394918,0.6801060263315837,0.7923680369059245,1.032099650700887
lewm-dmc:reacher.hard.occ-hacsmv4_noaux-s2,dmc:reacher.hard.occ,hacsmv4_noaux,2,0.5806224457422893,0.24197664856910706,0.42916926741600037,0.8166768550872803,0.8786936402320862,0.2638866901397705,0.2614135146141052,0.3529730439186096,2.4283199310302734,0.23998405039310455,0.7168161869049072,1.1618891954421997,14.402030944824219,851078,0.7825083557764689,0.5807067012786865,0.7363212807973226,1.0304969914754232,0.5561347921689351,0.6052786270777385,0.6807502094904582,0.7918923433621724,1.0304969914754232
lewm-dmc:reacher.hard.occ-hacsmv4_single-s0,dmc:reacher.hard.occ,hacsmv4_single,0,0.5904189507166545,0.24502776563167572,0.45216110348701477,0.8401792645454407,0.8945799469947815,0.269853800535202,0.2641885578632355,0.3607226014137268,2.1594529151916504,0.24259920418262482,0.7168161869049072,1.1618891954421997,14.402030944824219,851078,0.6824773009618124,0.4805010195573171,0.6513034510612488,0.9156274278958638,0.46074100891749065,0.500261017481486,0.6063502486546835,0.6962566788991292,0.9156274278958638
lewm-dmc:reacher.hard.occ-hacsmv4_single-s1,dmc:reacher.hard.occ,hacsmv4_single,1,0.5828653132915497,0.2429928481578827,0.4522506296634674,0.8268475532531738,0.8823825120925903,0.2614399194717407,0.26236873865127563,0.35704487562179565,2.099651575088501,0.2411043494939804,0.7168161869049072,1.1618891954421997,14.402030944824219,851078,0.6834464152654012,0.48246940890947976,0.6519689997037251,0.9159006754557292,0.462741645971934,0.502197159131368,0.607035886446635,0.6969021129608154,0.9159006754557292
lewm-dmc:reacher.hard.occ-hacsmv4_single-s2,dmc:reacher.hard.occ,hacsmv4_single,2,0.591192224820455,0.2436913698911667,0.4368976354598999,0.8368451595306396,0.8972957134246826,0.26617246866226196,0.2631969153881073,0.35787129402160645,2.0279366970062256,0.24270747601985931,0.7168161869049072,1.1618891954421997,14.402030944824219,851078,0.6818648950258891,0.47914738694826764,0.6513907845815022,0.9150563605626424,0.4594166302680969,0.4988781436284383,0.6064738806088765,0.6963076543807983,0.9150563605626424
lewm-dmc:reacher.hard.occ-hacsmv4_static-s0,dmc:reacher.hard.occ,hacsmv4_static,0,0.5951165882746379,0.24794335663318634,0.4516018331050873,0.8455474376678467,0.9010418653488159,0.2684798836708069,0.26752257347106934,0.3635464012622833,1.8765193223953247,0.24735155701637268,0.7168161869049072,1.1618891954421997,14.402030944824219,851078,0.7554780332247416,0.6669322474797567,0.6585907355944316,0.940911074479421,0.6575080410639444,0.6763564880688985,0.6101677211125692,0.7070137246449788,0.940911074479421
lewm-dmc:reacher.hard.occ-hacsmv4_static-s1,dmc:reacher.hard.occ,hacsmv4_static,1,0.5800565187136332,0.24638769030570984,0.4453399181365967,0.8162921071052551,0.8738508820533752,0.2618381679058075,0.2662913501262665,0.35754913091659546,1.9477847814559937,0.24741262197494507,0.7168161869049072,1.1618891954421997,14.402030944824219,851078,0.7564371466636658,0.66883984486262,0.6593225161234538,0.9411490360895792,0.6592366075515748,0.6784430567423503,0.6110825300216675,0.7075624934832255,0.9411490360895792
lewm-dmc:reacher.hard.occ-hacsmv4_static-s2,dmc:reacher.hard.occ,hacsmv4_static,2,0.6037057145436605,0.24697327613830566,0.43922504782676697,0.8475359082221985,0.9186626076698303,0.2660902738571167,0.2662743330001831,0.3621208667755127,1.737453579902649,0.24638356268405914,0.7168161869049072,1.1618891954421997,14.402030944824219,851078,0.7547097531954448,0.6661568355560302,0.6586582263310751,0.9393141969045004,0.6569769016901652,0.6753367606798808,0.6104183491071066,0.7068980526924133,0.9393141969045004
lewm-dmc:reacher.hard.occ-multi-s0,dmc:reacher.hard.occ,multi,0,0.5739113219579061,0.2610291540622711,0.45239654183387756,0.7764533162117004,0.8530080914497375,0.2724263668060303,0.27351319789886475,0.3609409034252167,1.3068231344223022,0.26114749908447266,0.7168161869049072,1.1618891954421997,14.402030944824219,914816,,,,,,,,,
lewm-dmc:reacher.hard.occ-multi-s1,dmc:reacher.hard.occ,multi,1,0.5642491070429484,0.2601982653141022,0.4457835853099823,0.7550014853477478,0.8364179730415344,0.2730327248573303,0.2703057527542114,0.35586896538734436,1.2589054107666016,0.25809556245803833,0.7168161869049072,1.1618891954421997,14.402030944824219,914816,,,,,,,,,
lewm-dmc:reacher.hard.occ-multi-s2,dmc:reacher.hard.occ,multi,2,0.5735396798451742,0.2595768868923187,0.4499528408050537,0.7689414024353027,0.8542547821998596,0.2694389224052429,0.2711379826068878,0.35833266377449036,1.3307558298110962,0.2594829201698303,0.7168161869049072,1.1618891954421997,14.402030944824219,914816,,,,,,,,,
lewm-dmc:reacher.hard.occ-none-s0,dmc:reacher.hard.occ,none,0,0.7285711399714152,0.22986623644828796,0.7651302814483643,1.1874674558639526,1.1780753135681152,0.24348293244838715,0.24187953770160675,0.42332181334495544,1.1780753135681152,0.2184639722108841,0.7168161869049072,1.1618891954421997,14.402030944824219,849280,,,,,,,,,
lewm-dmc:reacher.hard.occ-none-s1,dmc:reacher.hard.occ,none,1,0.7275242884953816,0.22924812138080597,0.7106569409370422,1.1856275796890259,1.175940752029419,0.2536466717720032,0.24088534712791443,0.41752877831459045,1.175940752029419,0.22307522594928741,0.7168161869049072,1.1618891954421997,14.402030944824219,849280,,,,,,,,,
lewm-dmc:reacher.hard.occ-none-s2,dmc:reacher.hard.occ,none,2,0.7267875870068868,0.22561264038085938,0.7581647038459778,1.1869046688079834,1.176313042640686,0.2515984773635864,0.23986387252807617,0.42111167311668396,1.176313042640686,0.21962577104568481,0.7168161869049072,1.1618891954421997,14.402030944824219,849280,,,,,,,,,
lewm-dmc:reacher.hard.occ-smtv3-s0,dmc:reacher.hard.occ,smtv3,0,0.583170428276062,0.24350568652153015,0.4468843638896942,0.8263263702392578,0.8816254734992981,0.26800546050071716,0.2635599374771118,0.35752028226852417,1.9524086713790894,0.2412525713443756,0.7168161869049072,1.1618891954421997,14.402030944824219,833159,,,,,,,,,
lewm-dmc:reacher.hard.occ-smtv3-s1,dmc:reacher.hard.occ,smtv3,1,0.5693080393473308,0.24162884056568146,0.43920865654945374,0.8040809035301208,0.8578226566314697,0.25710946321487427,0.26113903522491455,0.3513144552707672,1.7911262512207031,0.23940373957157135,0.7168161869049072,1.1618891954421997,14.402030944824219,833159,,,,,,,,,
lewm-dmc:reacher.hard.occ-smtv3-s2,dmc:reacher.hard.occ,smtv3,2,0.578513830502828,0.24283085763454437,0.4294443130493164,0.8088625073432922,0.874033510684967,0.2624629735946655,0.2623145580291748,0.35254427790641785,1.698174238204956,0.2413489818572998,0.7168161869049072,1.1618891954421997,14.402030944824219,833159,,,,,,,,,
lewm-dmc:reacher.hard.occ-ssm-s0,dmc:reacher.hard.occ,ssm,0,0.5662553278605144,0.25400781631469727,0.5568530559539795,0.7418460845947266,0.839677631855011,0.2666708827018738,0.27569887042045593,0.366595059633255,1.2903844118118286,0.26318442821502686,0.7168161869049072,1.1618891954421997,14.402030944824219,849536,,,,,,,,,
lewm-dmc:reacher.hard.occ-ssm-s1,dmc:reacher.hard.occ,ssm,1,0.5494019230206807,0.25508275628089905,0.5601924061775208,0.7201825976371765,0.8064088821411133,0.26634371280670166,0.2769544720649719,0.3643520176410675,1.2540490627288818,0.26337215304374695,0.7168161869049072,1.1618891954421997,14.402030944824219,849536,,,,,,,,,
lewm-dmc:reacher.hard.occ-ssm-s2,dmc:reacher.hard.occ,ssm,2,0.5513745514551799,0.2551017701625824,0.5711511969566345,0.7333247065544128,0.810852587223053,0.2659788131713867,0.2757767140865326,0.36644992232322693,1.3133119344711304,0.2649975121021271,0.7168161869049072,1.1618891954421997,14.402030944824219,849536,,,,,,,,,
lewm-ogbench:cube-single.occ-hacsmv4-s0,ogbench:cube-single.occ,hacsmv4,0,1.1635172621409098,0.7350388169288635,0.9755048751831055,1.5632542371749878,1.5876212120056152,0.7239018678665161,0.6789082884788513,0.8490614295005798,3.5022008419036865,0.7029036283493042,1.7784466743469238,2.1742355823516846,15.909912109375,851078,1.4402302821477255,1.0709938716888427,1.3209967962900797,1.928700008392334,1.0425837755203247,1.0994039503733317,1.2703001499176025,1.3716933743158977,1.928700008392334
lewm-ogbench:cube-single.occ-hacsmv4-s1,ogbench:cube-single.occ,hacsmv4,1,1.1653617922465007,0.7342124581336975,0.9758858680725098,1.5650057792663574,1.5917785167694092,0.7368072271347046,0.676219642162323,0.8489106893539429,3.3191919326782227,0.7123723030090332,1.7784466743469238,2.1742355823516846,15.909912109375,851078,1.4394531202316285,1.0703605349858603,1.3203573433558147,1.9276413122812908,1.042071517308553,1.0986495526631672,1.2697692267100016,1.3709454600016275,1.9276413122812908
lewm-ogbench:cube-single.occ-hacsmv4-s2,ogbench:cube-single.occ,hacsmv4,2,1.1434358914693197,0.731537938117981,0.9791520237922668,1.550872802734375,1.5526721477508545,0.7309024333953857,0.6731805801391602,0.8440228700637817,3.9396564960479736,0.7084594368934631,1.7784466743469238,2.1742355823516846,15.909912109375,851078,1.440387142499288,1.0704484335581461,1.3209973271687825,1.9297152773539226,1.0422048314412435,1.0986919848124186,1.2704273255666096,1.3715673287709553,1.9297152773539226
lewm-ogbench:cube-single.occ-hacsmv4_noaction-s0,ogbench:cube-single.occ,hacsmv4_noaction,0,1.2952438481648763,0.742389976978302,0.9966986775398254,1.785498023033142,1.8328056335449219,0.7384523153305054,0.6861729025840759,0.8887337446212769,3.2587149143218994,0.7088443636894226,1.7784466743469238,2.1742355823516846,15.909912109375,851078,1.4691945997873943,1.0829771598180136,1.3534625387191772,1.9711438624064128,1.0539123392105103,1.1120419295628865,1.2932710154851277,1.4136540619532267,1.9711438624064128
lewm-ogbench:cube-single.occ-hacsmv4_noaction-s1,ogbench:cube-single.occ,hacsmv4_noaction,1,1.3031698528925577,0.7405500411987305,1.017354965209961,1.7693439722061157,1.849794864654541,0.7430641651153564,0.6831351518630981,0.8882974982261658,3.350055456161499,0.7194316387176514,1.7784466743469238,2.1742355823516846,15.909912109375,851078,1.4676549625396729,1.0814878431955974,1.3530508406956991,1.9684260495503743,1.0520948378245036,1.1108808994293213,1.2931899865468344,1.412911745707194,1.9684260495503743
lewm-ogbench:cube-single.occ-hacsmv4_noaction-s2,ogbench:cube-single.occ,hacsmv4_noaction,2,1.2786242405573527,0.7379677891731262,1.010255217552185,1.742472529411316,1.8049153089523315,0.7438788414001465,0.6804007887840271,0.8814427852630615,4.152005672454834,0.71611088514328,1.7784466743469238,2.1742355823516846,15.909912109375,851078,1.4701599661509197,1.083999311129252,1.3539625422159831,1.9725179767608643,1.0550738843282064,1.112924788792928,1.2937226613362631,1.414202456474304,1.9725179767608643
lewm-ogbench:cube-single.occ-hacsmv4_noaux-s0,ogbench:cube-single.occ,hacsmv4_noaux,0,1.1470977179209392,0.7320563197135925,0.9902780055999756,1.5650461912155151,1.5579719543457031,0.725312352180481,0.6769341826438904,0.8482451438903809,4.615085601806641,0.7014607787132263,1.7784466743469238,2.1742355823516846,15.909912109375,851078,1.736512451171875,1.302008450826009,1.5483534479141234,2.3591752179463703,1.2678746747970582,1.3361422602335613,1.468064130147298,1.6286428165435791,2.3591752179463703
lewm-ogbench:cube-single.occ-hacsmv4_noaux-s1,ogbench:cube-single.occ,hacsmv4_noaux,1,1.1428131198883056,0.7305243611335754,1.0211095809936523,1.5968173742294312,1.55231511592865,0.7324907779693604,0.6719376444816589,0.8524116277694702,4.295126914978027,0.7107360363006592,1.7784466743469238,2.1742355823516846,15.909912109375,851078,1.7331462001800537,1.2910094769795735,1.543192392985026,2.365236390431722,1.257598975499471,1.3244199784596762,1.461225887934367,1.6251589155197144,2.365236390431722
lewm-ogbench:cube-single.occ-hacsmv4_noaux-s2,ogbench:cube-single.occ,hacsmv4_noaux,2,1.1254300530751546,0.727518618106842,1.0206427574157715,1.5607266426086426,1.5203293561935425,0.7302366495132446,0.671444296836853,0.8464246988296509,4.53995418548584,0.7097323536872864,1.7784466743469238,2.1742355823516846,15.909912109375,851078,1.7370682525634766,1.3063290961583456,1.5441265900929768,2.3607493273417153,1.2739780648549397,1.3386801274617512,1.463223730723063,1.6250294494628905,2.3607493273417153
lewm-ogbench:cube-single.occ-hacsmv4_single-s0,ogbench:cube-single.occ,hacsmv4_single,0,1.1959798415501912,0.7400766611099243,0.992289125919342,1.6096454858779907,1.6465797424316406,0.7267025709152222,0.6817859411239624,0.8603290915489197,3.238975763320923,0.7077771425247192,1.7784466743469238,2.1742355823516846,15.909912109375,851078,1.447933529218038,1.0780875396728515,1.3238161595662434,1.9418967533111573,1.0489832671483357,1.107191761334737,1.271823720932007,1.3758086665471394,1.9418967533111573
lewm-ogbench:cube-single.occ-hacsmv4_single-s1,ogbench:cube-single.occ,hacsmv4_single,1,1.183875919977824,0.7388061285018921,0.9882442355155945,1.580654501914978,1.6244676113128662,0.7383642196655273,0.6786690950393677,0.8552494645118713,3.037487030029297,0.7141312956809998,1.7784466743469238,2.1742355823516846,15.909912109375,851078,1.445930315653483,1.0764007043838502,1.3230966711044312,1.9382936890920004,1.0471511507034301,1.10565025806427,1.2713693316777548,1.3748240105311076,1.9382936890920004
lewm-ogbench:cube-single.occ-hacsmv4_single-s2,ogbench:cube-single.occ,hacsmv4_single,2,1.1752580610911052,0.7369794249534607,0.9908661842346191,1.6018677949905396,1.6100341081619263,0.7320219278335571,0.6767807602882385,0.8554926514625549,4.105807781219482,0.7117934226989746,1.7784466743469238,2.1742355823516846,15.909912109375,851078,1.4480684614181518,1.076583841641744,1.3245725949605307,1.9430488967895507,1.0473675076166789,1.1058002265294393,1.2725763320922852,1.3765688753128051,1.9430488967895507
lewm-ogbench:cube-single.occ-hacsmv4_static-s0,ogbench:cube-single.occ,hacsmv4_static,0,1.2203050104777018,0.7592822313308716,1.011142373085022,1.6501235961914062,1.6744967699050903,0.7463545799255371,0.7029553651809692,0.8829103112220764,3.6278553009033203,0.7298312187194824,1.7784466743469238,2.1742355823516846,15.909912109375,851078,1.5903849617640178,1.4074921655654906,1.342915293375651,2.0207472229003907,1.3941597938537598,1.4208245372772217,1.2818800830841064,1.4039505036671955,2.0207472229003907
lewm-ogbench:cube-single.occ-hacsmv4_static-s1,ogbench:cube-single.occ,hacsmv4_static,1,1.2384804677963257,0.7577629089355469,0.9855062365531921,1.6598798036575317,1.7103536128997803,0.7561244368553162,0.7003864049911499,0.8816593289375305,3.582317590713501,0.7364257574081421,1.7784466743469238,2.1742355823516846,15.909912109375,851078,1.5897930034001668,1.4065282980600993,1.3425895341237386,2.0202611096700034,1.3932361125946044,1.4198205343882242,1.2816372378667196,1.4035418128967285,2.0202611096700034
lewm-ogbench:cube-single.occ-hacsmv4_static-s2,ogbench:cube-single.occ,hacsmv4_static,2,1.2246411832173665,0.7533745169639587,0.9952239990234375,1.6567697525024414,1.6876168251037598,0.7504488825798035,0.6966284513473511,0.8784236907958984,4.036333084106445,0.7282602190971375,1.7784466743469238,2.1742355823516846,15.909912109375,851078,1.5898975976308187,1.4075273704528808,1.3423702557881674,2.019794979095459,1.394313284556071,1.4207415580749512,1.281647367477417,1.403093194961548,2.019794979095459
lewm-ogbench:cube-single.occ-multi-s0,ogbench:cube-single.occ,multi,0,1.3277863089243571,0.7574809193611145,1.1201657056808472,1.6973134279251099,1.8871577978134155,0.7475979328155518,0.6914476752281189,0.9008957147598267,2.3331692218780518,0.7272830009460449,1.7784466743469238,2.1742355823516846,15.909912109375,914816,,,,,,,,,
lewm-ogbench:cube-single.occ-multi-s1,ogbench:cube-single.occ,multi,1,1.3374556048711141,0.7577653527259827,1.12955904006958,1.7137451171875,1.9080188274383545,0.7527766227722168,0.6861997842788696,0.9023600220680237,2.38614559173584,0.7289080619812012,1.7784466743469238,2.1742355823516846,15.909912109375,914816,,,,,,,,,
lewm-ogbench:cube-single.occ-multi-s2,ogbench:cube-single.occ,multi,2,1.316976202329,0.7528524398803711,1.1186965703964233,1.6570879220962524,1.8711165189743042,0.743752121925354,0.6858950853347778,0.8921577334403992,2.4183056354522705,0.7286561131477356,1.7784466743469238,2.1742355823516846,15.909912109375,914816,,,,,,,,,
lewm-ogbench:cube-single.occ-none-s0,ogbench:cube-single.occ,none,0,1.4620491472880046,0.6746501326560974,1.4465957880020142,2.252518653869629,2.2124695777893066,0.6872954964637756,0.6198342442512512,0.9470620155334473,2.2124695777893066,0.6640560626983643,1.7784466743469238,2.1742355823516846,15.909912109375,849280,,,,,,,,,
lewm-ogbench:cube-single.occ-none-s1,ogbench:cube-single.occ,none,1,1.4700770314534506,0.6737785339355469,1.4561511278152466,2.248972177505493,2.22941517829895,0.6716550588607788,0.6198316216468811,0.9469777345657349,2.22941517829895,0.6531439423561096,1.7784466743469238,2.1742355823516846,15.909912109375,849280,,,,,,,,,
lewm-ogbench:cube-single.occ-none-s2,ogbench:cube-single.occ,none,2,1.4706187915802003,0.6751646399497986,1.4145617485046387,2.2597599029541016,2.231309652328491,0.6885616779327393,0.6149047613143921,0.9431487321853638,2.231309652328491,0.6598700881004333,1.7784466743469238,2.1742355823516846,15.909912109375,849280,,,,,,,,,
lewm-ogbench:cube-single.occ-smtv3-s0,ogbench:cube-single.occ,smtv3,0,1.2709688806533814,0.7442809343338013,1.0129915475845337,1.6990141868591309,1.7829426527023315,0.740250289440155,0.6910366415977478,0.8825138807296753,3.0240638256073,0.7169065475463867,1.7784466743469238,2.1742355823516846,15.909912109375,833159,,,,,,,,,
lewm-ogbench:cube-single.occ-smtv3-s1,ogbench:cube-single.occ,smtv3,1,1.2927284495035807,0.7418144345283508,1.0231550931930542,1.7298036813735962,1.8277000188827515,0.7404842972755432,0.6866951584815979,0.8857684135437012,3.179391384124756,0.720110297203064,1.7784466743469238,2.1742355823516846,15.909912109375,833159,,,,,,,,,
lewm-ogbench:cube-single.occ-smtv3-s2,ogbench:cube-single.occ,smtv3,2,1.2829850101470948,0.7373163104057312,1.074669361114502,1.731032371520996,1.8117443323135376,0.7411131858825684,0.6840003132820129,0.8884240388870239,3.5273754596710205,0.7170491814613342,1.7784466743469238,2.1742355823516846,15.909912109375,833159,,,,,,,,,
lewm-ogbench:cube-single.occ-ssm-s0,ogbench:cube-single.occ,ssm,0,1.1276544729868572,0.7633853554725647,1.1009773015975952,1.4097198247909546,1.4920251369476318,0.7443556189537048,0.7100840210914612,0.8650901913642883,2.4917473793029785,0.7516983151435852,1.7784466743469238,2.1742355823516846,15.909912109375,849536,,,,,,,,,
lewm-ogbench:cube-single.occ-ssm-s1,ogbench:cube-single.occ,ssm,1,1.1213138643900553,0.7559855580329895,1.0777679681777954,1.3839787244796753,1.4840943813323975,0.7532798051834106,0.7049012780189514,0.8562589287757874,2.5146634578704834,0.7464998364448547,1.7784466743469238,2.1742355823516846,15.909912109375,849536,,,,,,,,,
lewm-ogbench:cube-single.occ-ssm-s2,ogbench:cube-single.occ,ssm,2,1.1179514567057292,0.7605587244033813,1.1539517641067505,1.442374348640442,1.4732717275619507,0.7562661170959473,0.7100614905357361,0.8734307885169983,2.5382614135742188,0.7507681846618652,1.7784466743469238,2.1742355823516846,15.909912109375,849536,,,,,,,,,
